"AgeGroup","dx_endpoint","dy_endpoint","mag_endpoint","angle_endpoint","dx_trajectory","dy_trajectory","mag_trajectory","angle_trajectory","dx_diff","dy_diff","mag_diff","angle_diff","dx_pct_diff","dy_pct_diff"
"10-17",-0.016084975189358,0.972021767253465,0.972154844889121,90.9480416124352,-0.0032169950378716,0.194404353450693,0.194430968977824,90.9480416124352,0.0128679801514864,-0.777617413802772,-0.777723875911297,0,80,-80
"18-30",-0.0367473104600135,0.485089444352005,0.486479325200755,94.3320920371428,-0.0073494620920027,0.0970178888704011,0.097295865040151,94.3320920371428,0.0293978483680108,-0.388071555481604,-0.389183460160604,0,80,-80
"31-55",-0.0255493662969155,0.367257470883385,0.368145107312096,93.9795408933726,-0.0051098732593831,0.073451494176677,0.0736290214624191,93.9795408933726,0.0204394930375324,-0.293805976706708,-0.294516085849677,0,80,-80
"56-65",0.0030023261024425,-0.0927449696627543,0.0927935523609836,-88.1458771955729,0.0006004652204885,-0.0185489939325508,0.0185587104721967,-88.1458771955729,-0.002401860881954,0.0741959757302034,-0.0742348418887869,0,-80,80
"66+",-0.000579154489294659,-0.51042873077583,0.510429059342576,-90.0650102388086,-0.000115830897858932,-0.102085746155166,0.102085811868515,-90.0650102388086,0.000463323591435727,0.408342984620664,-0.408343247474061,0,80,80
