"AgeGroup","x_start","y_start","x_end","y_end","dx","dy","magnitude","angle","pct_change_distance","pct_change_time"
"10-17",0.25952394050395,3.19719472363286,0.243438965314592,4.16921649088632,-0.016084975189358,0.972021767253465,0.972154844889121,90.9480416124352,30.4023323968517,-6.19787722016081
"18-30",0.247879161846665,4.07940182866539,0.211131851386651,4.56449127301739,-0.0367473104600135,0.485089444352005,0.486479325200755,94.3320920371428,11.8911905403226,-14.824687233187
"31-55",0.241681092146322,5.06662860920309,0.216131725849407,5.43388608008648,-0.0255493662969155,0.367257470883385,0.368145107312096,93.9795408933726,7.24855716119183,-10.5715205397396
"56-65",0.17121001836741,4.39503759359025,0.174212344469852,4.3022926239275,0.0030023261024425,-0.0927449696627543,0.0927935523609836,-88.1458771955729,-2.11022016735452,1.75359253568891
"66+",0.0754297938796769,4.21695289439678,0.0748506393903822,3.70652416362095,-0.000579154489294659,-0.51042873077583,0.510429059342576,-90.0650102388086,-12.1042075536119,-0.767806008085488
