"AgeGroup","endpoint_displacement","path_length","tortuosity","path_type","R","circular_sd","consistency"
"10-17",0.972154844889121,2.30094085061189,2.36684604588308,"Highly tortuous",0.597517370030426,58.1472803071389,"Highly variable"
"18-30",0.486479325200755,1.01228059550823,2.08082963256557,"Highly tortuous",0.475461087108538,69.8665701469002,"Highly variable"
"31-55",0.368145107312096,1.86706779857855,5.07155401903994,"Highly tortuous",0.252269451412623,95.0922678556005,"Highly variable"
"56-65",0.0927935523609836,2.33487132688121,25.1619995945207,"Highly tortuous",0.598431128441031,58.0609452102851,"Highly variable"
"66+",0.510429059342576,2.28126113487127,4.46930105783848,"Highly tortuous",0.199799751674769,102.827637606214,"Highly variable"
