"replicate","AgeGroup","dx","dy"
1,"10-17",0.0253558976716061,0.105055157482391
1,"18-30",-0.00856843376327759,-0.0771181207433145
1,"31-55",0.00631415284679249,0.965137577372049
1,"56-65",0.0375561600387585,0.498829456958044
1,"66+",0.00282127805655499,1.11534296124116
2,"10-17",0.028756459820991,1.25516038374549
2,"18-30",-0.0265817846885359,-0.786803635888891
2,"31-55",0.0121334727109157,1.44091403488915
2,"56-65",0.0333466182234806,-0.464329526317062
2,"66+",0.0138871538368324,-0.0713787027166504
3,"10-17",0.0238000115911898,0.758429946376308
3,"18-30",-0.00746711177943599,0.246179379336374
3,"31-55",0.0123448252251103,1.61424846676354
3,"56-65",0.0226637190907649,0.164373620294345
3,"66+",0.00491342539062287,0.335671736633159
4,"10-17",0.0232794525608532,0.479368727060735
4,"18-30",-0.0260630346092652,-0.712002273250002
4,"31-55",0.00412513935677028,1.35093097438501
4,"56-65",0.0233544842379766,0.68474952865213
4,"66+",0.0043833781484104,0.199680700209772
5,"10-17",0.0100689469978354,0.416249133853398
5,"18-30",-0.017137608892634,0.705768268508269
5,"31-55",0.0113861562974514,1.17068417094981
5,"56-65",0.0304058292399539,0.789277784620877
5,"66+",0.0136186881787665,0.926610389094877
6,"10-17",0.0149096496030174,1.22181751613446
6,"18-30",-0.0293724521175066,0.526634743405575
6,"31-55",0.00884188001501118,1.25145090419045
6,"56-65",0.0287086948328235,0.716080370561743
6,"66+",0.00170754412440853,1.68622135187161
7,"10-17",0.0220847658566322,1.0273985694221
7,"18-30",-0.0126718419830065,0.766401887544237
7,"31-55",0.0147348237228995,1.20072706241185
7,"56-65",0.0320264749106071,0.42296107134394
7,"66+",-0.00125988533713992,-0.564640409564745
8,"10-17",0.0207262793458039,0.467113511539558
8,"18-30",-0.0168690423199228,-0.0730209679948643
8,"31-55",0.0128337820068968,1.28764729664263
8,"56-65",0.0259648882527978,-0.164336670579361
8,"66+",0.00357162757340085,-0.234363728784144
9,"10-17",0.0219065437486529,0.354007835250361
9,"18-30",-0.00589468854804759,-0.416328479141038
9,"31-55",0.00148221840008039,1.21920951573363
9,"56-65",0.0211735697203798,0.499914085766516
9,"66+",0.00494946628140418,1.55314988083162
10,"10-17",0.0115904898494031,0.768106987896278
10,"18-30",-0.0301015654914253,-0.859226661492302
10,"31-55",0.00119798913085883,1.64912049211737
10,"56-65",0.0339606569273994,-0.598491068798376
10,"66+",-0.00636749100981207,0.729073006783585
11,"10-17",0.00380550358635329,0.778907683054315
11,"18-30",-0.0297445214726454,1.45096054851283
11,"31-55",0.00955986350557447,1.392042974992
11,"56-65",0.0403788750475375,0.159009891570186
11,"66+",-0.00227986550787647,0.158964639999081
12,"10-17",0.0196858804049574,0.889201465534346
12,"18-30",-0.0310514765505051,-1.123891010157
12,"31-55",0.00694056004056831,1.26997420244711
12,"56-65",0.0283971406108655,0.397827100360178
12,"66+",0.0118220573714891,-0.0990831592141639
13,"10-17",0.0190932346676101,1.20992514269235
13,"18-30",-0.0159214575054694,0.22541166777321
13,"31-55",0.0181553020194539,1.12745882747509
13,"56-65",0.0292282510781629,0.787710340537656
13,"66+",0.0042869315759987,0.187303913648211
14,"10-17",0.0153827973074867,1.07528598518091
14,"18-30",-0.0131709455972231,0.106763377680814
14,"31-55",0.00674934149789663,1.4866534634572
14,"56-65",0.022415000022975,0.923055371620787
14,"66+",-0.000581359838784587,0.163272871042942
15,"10-17",0.0223178543180553,0.22128655243452
15,"18-30",-0.0233757577064049,0.162641691522301
15,"31-55",0.0112609587762817,0.518659998192987
15,"56-65",0.0174489824757657,0.291444788460286
15,"66+",0.00418572085906638,-0.644247045642961
16,"10-17",0.022438982480263,0.719280668312361
16,"18-30",-0.0288856119123038,0.990449073798001
16,"31-55",0.0125606601771895,0.867892653151225
16,"56-65",0.0178584962594562,-0.0892410834346808
16,"66+",0.00752317827129638,0.0152349651379815
17,"10-17",0.0205883737526584,0.710701350975252
17,"18-30",-0.00976720526356156,0.796007650765144
17,"31-55",0.00907818736895971,1.14349347078872
17,"56-65",0.0319124448522129,0.0342004622215466
17,"66+",0.00777876719410077,0.6258103108319
18,"10-17",0.0279612227443541,1.1556987506822
18,"18-30",-0.0224229885807004,0.182394880531582
18,"31-55",0.00292170308910578,1.55571517749428
18,"56-65",0.0206504132851891,0.704019893418094
18,"66+",0.00686392541402302,-0.0277386797124013
19,"10-17",0.0359677274152744,-0.196982049919477
19,"18-30",-0.0250749424259404,-0.0271067900706878
19,"31-55",0.00934954795642695,1.415472617027
19,"56-65",0.0300435847806557,0.614715260239922
19,"66+",-0.00137516384419235,-0.817994725073229
20,"10-17",0.0206605274487473,0.767302997562176
20,"18-30",-0.0152698940177375,-0.0718629207270709
20,"31-55",0.00750245868024652,0.958716807883613
20,"56-65",0.0340743589032748,0.374793194306813
20,"66+",0.00089769633764418,1.19742645368104
21,"10-17",0.0264039753270801,0.5010871192124
21,"18-30",-0.0172853771384809,-0.900993686181531
21,"31-55",-0.00130847579068882,1.05538756751219
21,"56-65",0.0284864545739779,1.19804692627943
21,"66+",0.00222536342549473,1.22927728638329
22,"10-17",0.0177953205791919,0.673899048701101
22,"18-30",-0.020637580757742,1.57572971148496
22,"31-55",0.0124269537602644,1.69272976025672
22,"56-65",0.00745445432887573,1.74774871209706
22,"66+",0.00656695802540451,-0.0566350312573913
23,"10-17",0.0338405869215126,0.748193850360705
23,"18-30",-0.00975391369142847,0.263864161002077
23,"31-55",0.00863317466732016,1.49180978044597
23,"56-65",0.0124231934380026,-0.398288918941946
23,"66+",0.00152184594672669,0.650139458588205
24,"10-17",0.0157785736981045,0.621395615552585
24,"18-30",-0.0199500017224096,0.247437401751501
24,"31-55",0.00528450111034012,1.43563913785134
24,"56-65",0.0216498974184494,1.18705732435105
24,"66+",-0.00442268440406297,0.177994741067563
25,"10-17",0.0169646692045165,0.549408419841123
25,"18-30",-0.0130675352206673,-0.232468653180517
25,"31-55",0.0154245841202721,1.1438850900733
25,"56-65",0.0406394498495493,2.0461781578462
25,"66+",0.00487628681107294,0.485021525733671
26,"10-17",0.0229124079169171,1.15406949747004
26,"18-30",-0.00507431224499932,-0.0930295758228805
26,"31-55",0.0139115177349675,1.10753542305081
26,"56-65",0.040783865120952,1.375737903834
26,"66+",0.00577258342166155,0.164172527570493
27,"10-17",0.0283792490003594,0.630660999521309
27,"18-30",-0.0172988656525321,0.917059474463867
27,"31-55",0.00948903191665706,1.81201378827037
27,"56-65",0.0280314674336375,-0.214883947897734
27,"66+",0.00181974535896635,-0.295170687751661
28,"10-17",0.0213131710080057,0.864017294611999
28,"18-30",-0.0265740812171628,-0.488039454323532
28,"31-55",0.00487160694987721,1.46519274194226
28,"56-65",0.0425620918991819,-0.371592131719902
28,"66+",0.00509974038375602,2.08313775682573
29,"10-17",0.0214663902781143,0.697889433080211
29,"18-30",-0.0148490175059348,0.0740936582685894
29,"31-55",0.0144679792909064,1.11450989109265
29,"56-65",0.0365487032370252,1.19263275860754
29,"66+",0.00931656698309756,0.435907973876244
30,"10-17",0.02296989105496,1.26611099062651
30,"18-30",-0.0117532419278603,-0.603174193090211
30,"31-55",0.0140756812639926,1.59508101369984
30,"56-65",0.0234711734338715,0.603029119079821
30,"66+",0.00232414012046589,0.239189057458207
31,"10-17",0.0204003032815184,1.06107400106004
31,"18-30",-0.00549291275089481,-0.0228556561503641
31,"31-55",0.0022304470946975,1.68159818631327
31,"56-65",0.00552470218880444,1.6845685035264
31,"66+",0.00272050615023715,1.29477110689606
32,"10-17",0.025202320941446,0.397900942374254
32,"18-30",-0.0112450078872319,1.19774821752234
32,"31-55",0.0143439451956852,1.77458795177382
32,"56-65",0.0286528089485691,1.43659480214505
32,"66+",0.00153387156456744,0.766089338799693
33,"10-17",0.0261638107540738,1.04054327597125
33,"18-30",-0.0299703571058307,-0.053764331669905
33,"31-55",0.00497649428477664,0.772508875113038
33,"56-65",0.0166581413955331,-1.73400625795165
33,"66+",0.00192197065769006,1.22674706728391
34,"10-17",0.0286586664046792,0.756508544814148
34,"18-30",-0.0190180788346507,0.0821416909597996
34,"31-55",0.00567555986811258,0.981706252924864
34,"56-65",0.0229047615199404,1.5342515664371
34,"66+",0.00558356793825869,0.942532313764307
35,"10-17",0.0215787909275391,0.958800239098948
35,"18-30",-0.0217013760076681,0.799681732930202
35,"31-55",0.00134689134796478,1.43447328158081
35,"56-65",0.0224108878168692,0.538839206794021
35,"66+",0.00172608825781585,0.825488794082895
36,"10-17",0.026730823336921,0.491951123042114
36,"18-30",-0.018985168471271,1.74432759691172
36,"31-55",0.0053348517792024,1.93897002516442
36,"56-65",0.0221886516091107,-0.153338320411388
36,"66+",0.0114247226621077,3.40614610034302
37,"10-17",0.0165837889667751,1.10367992706449
37,"18-30",-0.0187880456043791,0.245694812968997
37,"31-55",0.00682006758341441,1.78065006165805
37,"56-65",0.032326097980802,0.180426373763598
37,"66+",0.00846220978220957,0.106762949869506
38,"10-17",0.0201119581660865,0.542058074140976
38,"18-30",-0.00250442556979041,0.396745339843925
38,"31-55",0.00209727434966711,0.810988667375621
38,"56-65",0.0271230695286898,0.966982829005623
38,"66+",0.00435651222773152,2.5233619666185
39,"10-17",0.029194255190043,0.575869712280732
39,"18-30",-0.0123862747300993,0.0622650464515271
39,"31-55",0.0119029051759376,2.31164313184533
39,"56-65",0.0238093642759008,1.00832161268995
39,"66+",0.0035480321477096,0.111166559839029
40,"10-17",0.0150107462518804,0.825542102526835
40,"18-30",-0.0136919250286822,0.625284284175699
40,"31-55",0.0130529707887302,1.17470951834581
40,"56-65",0.0273124061754582,1.11404352373199
40,"66+",0.00804765703490629,0.140405210632562
41,"10-17",0.021177914375782,0.793712207062148
41,"18-30",-0.018030384883118,0.176609401241825
41,"31-55",0.0115355414818837,1.0816656867215
41,"56-65",0.0290626897202528,0.311548945956012
41,"66+",0.00156996743651582,0.514233509836728
42,"10-17",0.0221100600868278,1.40110846665973
42,"18-30",-0.0153499343840849,-0.343258015139691
42,"31-55",0.00336771973556033,0.743379092318383
42,"56-65",0.023355303244138,0.932357621661302
42,"66+",0.00311108931084922,-0.202420150135728
43,"10-17",0.0301563281935208,0.400730106088799
43,"18-30",-0.0144356756058441,0.0162010090041864
43,"31-55",0.0124372226111593,1.70420951403015
43,"56-65",0.0259215539633074,0.526801365154508
43,"66+",0.00906972325481459,1.14675166165664
44,"10-17",0.0378565369418716,0.650869015764924
44,"18-30",-0.00773205660909065,-0.445099275724639
44,"31-55",0.0115469185197029,1.80023048599789
44,"56-65",0.0297379939855812,0.177225785801093
44,"66+",0.00465530168471133,1.21909632559083
45,"10-17",0.0211327483780905,0.46622390150622
45,"18-30",-0.0269070297211895,0.147681405237536
45,"31-55",-0.00115178388378884,0.851348201146754
45,"56-65",0.0326533451929025,0.697115179000146
45,"66+",0.00407514171915373,0.537450885110294
46,"10-17",0.0139015937571026,0.120314826942196
46,"18-30",-0.0218466561290947,-0.243257366766743
46,"31-55",0.0100530846764151,1.11909293430338
46,"56-65",0.0265670561960404,0.865534349863239
46,"66+",-0.000795202325636318,0.628580788471364
47,"10-17",0.0169746709644887,0.645910006167449
47,"18-30",-0.024383717362553,0.653156214771249
47,"31-55",0.0120085290687951,0.544052970878484
47,"56-65",0.0436652816843185,0.210022606344792
47,"66+",0.00359360931260257,0.424545562032643
48,"10-17",0.0231446429272984,1.15824384023752
48,"18-30",-0.0229798018992199,0.202854132192194
48,"31-55",0.0139800666029463,1.08638624635541
48,"56-65",0.0192573943295777,0.356557727496913
48,"66+",0.00799448240260686,0.961558318502576
49,"10-17",0.0227412477871349,0.579290720347078
49,"18-30",-0.0175516474456074,-0.457109089194201
49,"31-55",0.00513354227243357,1.63216215498801
49,"56-65",0.0238435129010156,1.90790074553883
49,"66+",0.00306983093339019,1.15125403442086
50,"10-17",0.0246542640317023,0.943140887938055
50,"18-30",-0.0227365496514001,0.230326520555886
50,"31-55",0.00703304125623205,0.363566955181007
50,"56-65",0.0340807202941528,1.31964555462719
50,"66+",0.00767326212911687,1.4564268750838
51,"10-17",0.0171960126456338,0.730973443052227
51,"18-30",-0.0213983971818795,0.343592735171118
51,"31-55",0.0180027537910235,2.2678177699989
51,"56-65",0.0223340907966401,0.0812170956945693
51,"66+",0.011327221974324,0.952342820163729
52,"10-17",0.0238297504371234,1.01210043630892
52,"18-30",-0.0143309920056807,-0.470337145313684
52,"31-55",0.00565378815546502,1.64698678944474
52,"56-65",0.0335681083465742,0.428068306213897
52,"66+",-0.000184557571113603,-0.326104791313279
53,"10-17",0.0257547447795091,0.369705422610791
53,"18-30",-0.0177637959797693,0.335457605632506
53,"31-55",0.00717474941322027,1.43981239738965
53,"56-65",0.0245685619561345,1.04342427928691
53,"66+",0.00413288823105193,1.99720441150076
54,"10-17",0.0195836404341371,0.318798286956396
54,"18-30",-0.0090702529083056,-0.242809042468046
54,"31-55",0.00854318660995429,0.894859480585582
54,"56-65",0.0368152011359499,1.79368534710886
54,"66+",0.00530283689220284,-0.432788944870042
55,"10-17",0.0235393593104422,0.40933199987801
55,"18-30",-0.00671294677463868,1.07524794038817
55,"31-55",0.00781416844387045,1.51656226658513
55,"56-65",0.03687469259668,0.597326224570681
55,"66+",0.00160406937355037,-0.158647999762692
56,"10-17",0.0178778088217991,0.166969850256065
56,"18-30",-0.01503780600353,-0.428970276440385
56,"31-55",0.01220716349984,1.38633666476592
56,"56-65",0.0103341991649569,0.364258441626456
56,"66+",0.00921304958796497,0.361137106430517
57,"10-17",0.011138259160211,1.24553493500645
57,"18-30",-0.0143290289232356,-0.571643087035225
57,"31-55",0.00404108655349356,0.798275878987612
57,"56-65",0.0317234928224863,0.234686729399968
57,"66+",0.00929027525431335,0.623623962983395
58,"10-17",0.0242926866143073,0.951485075424353
58,"18-30",-0.000737183418264453,-0.321500499283662
58,"31-55",0.0131240605123497,1.16054584563839
58,"56-65",0.0330627255262795,0.808457776743639
58,"66+",0.00636074391492514,1.55495965445313
59,"10-17",0.0305476375326424,1.03761760594296
59,"18-30",-0.0116497588015784,-0.0906768400579931
59,"31-55",0.0172315156642415,1.31717814056263
59,"56-65",0.0254152534658984,-0.086093971000988
59,"66+",0.0121923540498145,2.45168871758029
60,"10-17",0.0298577055249851,0.651764207565965
60,"18-30",-0.0160370784872556,0.51526099350928
60,"31-55",0.00947683526034371,1.39328857423619
60,"56-65",0.0279617682049667,1.06724625746598
60,"66+",0.00125267784568926,0.991160781453663
61,"10-17",0.0177073073768599,0.991397403107904
61,"18-30",-0.0191543944377963,-0.96292590444318
61,"31-55",0.00971747066400097,1.82824534173979
61,"56-65",0.0418771578728974,1.3644067082747
61,"66+",-0.00014241913650502,-0.0168978547748342
62,"10-17",0.0156135205998319,0.674013538114699
62,"18-30",-0.015661552849652,0.212706919772426
62,"31-55",0.0097414611273216,1.01588147179855
62,"56-65",0.0381170806104574,-0.688679298573637
62,"66+",0.00826319666690029,0.985428743691104
63,"10-17",0.031782089217703,0.514503208066752
63,"18-30",-0.0124261358824326,0.242869192806847
63,"31-55",0.0138603491381036,1.88664892908123
63,"56-65",0.0427541225728246,-0.376735173651873
63,"66+",0.00664552570243339,2.31839994014645
64,"10-17",0.0111719901686744,0.0831086575874291
64,"18-30",-0.0282490384210194,-0.570828040636519
64,"31-55",0.0141083980999654,1.10799129396285
64,"56-65",0.0306876963274746,0.478299401356711
64,"66+",-0.000213977814844363,-0.125565989150916
65,"10-17",0.00843400660046711,0.561550377196955
65,"18-30",-0.020293840502783,0.42649808006913
65,"31-55",0.0227897164785369,1.21198270676038
65,"56-65",0.0168025329441099,-0.451757716779452
65,"66+",-0.000441965104917882,-0.184992847309124
66,"10-17",0.0301049978851503,0.496455753992656
66,"18-30",-0.028243686028025,-0.0370823488917082
66,"31-55",0.00351119191493343,1.48378587658777
66,"56-65",0.0216932166512384,1.56467514656965
66,"66+",-0.00150527493414641,2.57736655714334
67,"10-17",0.0246555645116447,1.07638582092853
67,"18-30",-0.00298129001857861,0.525788766331091
67,"31-55",0.0147270742885441,1.00284763904753
67,"56-65",0.0273892817709362,1.18430589355477
67,"66+",0.00467253051844069,2.41630533131056
68,"10-17",0.0260036382628812,0.690439252410481
68,"18-30",-0.0135981658702997,-0.126616038915882
68,"31-55",0.00939853686593173,2.88609604212345
68,"56-65",0.0317904340022115,0.644760784506783
68,"66+",0.00246985864439954,0.814120847796158
69,"10-17",0.0272978206390443,0.76460823907404
69,"18-30",-0.0137289309180265,0.811102376019017
69,"31-55",0.00804908468167531,1.72729318829018
69,"56-65",0.02641299523685,0.868243963927966
69,"66+",0.00428635085238652,2.27780509989637
70,"10-17",0.0241243205539329,0.784264081420313
70,"18-30",-0.0116327586583596,0.46445008586697
70,"31-55",0.0111027440504142,1.37936853531863
70,"56-65",0.0250183447297129,1.28988420621986
70,"66+",-0.00196165686207657,0.0369991562171155
71,"10-17",0.0235477634034957,0.38555817540875
71,"18-30",-0.00912330692960239,-0.735723380497841
71,"31-55",0.0135449222775629,1.43192044504283
71,"56-65",0.0320125359323879,0.0140162127534875
71,"66+",0.00242089904036798,0.825887584759881
72,"10-17",0.0176535039103156,0.433101935561105
72,"18-30",-0.0106618509547836,-0.222786231024259
72,"31-55",0.0120997640347562,1.55865091582324
72,"56-65",0.032489186044391,0.188796431655518
72,"66+",-0.00343518941006661,-0.29408286653835
73,"10-17",0.0215927274369379,0.492392980195931
73,"18-30",-0.00972765348149651,0.328412186934267
73,"31-55",0.0132211025493908,1.25574781781766
73,"56-65",0.0224440059538487,-0.25020934535417
73,"66+",0.0091076837952374,2.30318316392947
74,"10-17",0.0275466909279634,1.2358852327314
74,"18-30",-0.0150050912619774,0.778176596130962
74,"31-55",0.0069474361785834,0.933852824413218
74,"56-65",0.0323698657890188,-0.630085264198771
74,"66+",0.00833621576272019,1.11257784004995
75,"10-17",0.028471607590445,0.895224039723446
75,"18-30",-0.0224604911098489,-0.148215829276507
75,"31-55",0.00689929050500743,1.78602286779174
75,"56-65",0.0267781390430424,1.70346862962436
75,"66+",0.0021926200500676,-0.857764082075915
76,"10-17",0.025858835777347,0.681113316810345
76,"18-30",-0.0255485518020412,0.374146615299059
76,"31-55",0.0121554306102656,1.21361195339897
76,"56-65",0.033820882602632,0.437223445805001
76,"66+",0.00609574099641741,-0.817242538760738
77,"10-17",0.0202930694360904,0.947030813038769
77,"18-30",-0.0136635610182743,-0.44812585257859
77,"31-55",0.00749416264059388,1.21383363806277
77,"56-65",0.0219674355807795,0.904183906135698
77,"66+",0.00465543877797474,0.441311248166057
78,"10-17",0.0270048242452733,0.49998870142596
78,"18-30",-0.0178111342375023,0.380345867645651
78,"31-55",0.00931106676242616,1.2200677376957
78,"56-65",0.0220708770397831,-0.362190861231623
78,"66+",-0.000386341010878449,1.51944029872767
79,"10-17",0.013113672656354,0.0803829030497631
79,"18-30",-0.0186614786043249,-0.465496846676057
79,"31-55",0.0106282632835638,1.32929054631615
79,"56-65",0.0205079384523147,-0.415128748768133
79,"66+",0.00551665129262421,0.773373268300809
80,"10-17",0.0190940281496741,0.789380853620781
80,"18-30",-0.0157090233079326,0.129032677051091
80,"31-55",0.0120703548756907,1.55283924416833
80,"56-65",0.0221233867974478,0.639130822284452
80,"66+",0.0111168736778704,0.0226496053743137
81,"10-17",0.0277768339008805,0.676796555223588
81,"18-30",-0.0206956952336828,-0.692833855099389
81,"31-55",0.00731289993912732,0.70831804486439
81,"56-65",0.0287920648636772,1.49696250734964
81,"66+",-0.000952285210169587,1.54914798978437
82,"10-17",0.0270989534383454,0.520236731872139
82,"18-30",-0.0215949481099637,0.111890058861825
82,"31-55",0.0050102205723479,1.13957641231237
82,"56-65",0.0208795682671475,0.207892769446815
82,"66+",0.0119148931651062,3.11747112395608
83,"10-17",0.0221591777396301,0.685109212614852
83,"18-30",-0.00648641288814505,0.656342599081956
83,"31-55",0.0158762372733714,1.16708413719106
83,"56-65",0.0247397740694678,1.31956994438067
83,"66+",-8.1362359285575e-05,0.191776360425148
84,"10-17",0.0277915586315218,0.118694797245475
84,"18-30",-0.0145172439743486,-0.459458864396209
84,"31-55",0.00525181264551061,1.29497495662321
84,"56-65",0.0331637984195896,0.51789536016487
84,"66+",-0.00305836508804741,-0.137666489361212
85,"10-17",0.029158534620315,0.187812447291932
85,"18-30",-0.0118081679067362,-0.547469696403283
85,"31-55",0.00481024815706244,1.73499856433649
85,"56-65",0.0273009120799047,0.161126553661381
85,"66+",-0.00363913232907516,-0.113151907030266
86,"10-17",0.0194501014416082,0.796193733098526
86,"18-30",-0.0100955940349819,-0.415703664939551
86,"31-55",0.0117072577576282,1.2819442562507
86,"56-65",0.0430922851015421,1.72877383879701
86,"66+",0.00186616514785082,-0.633008330962348
87,"10-17",0.015014649936977,0.577657241247101
87,"18-30",-0.0136863198024988,0.943215405603892
87,"31-55",0.0110524741023351,1.86771859972252
87,"56-65",0.0221485676688906,1.35144827797937
87,"66+",0.00437026083299023,1.04453244503087
88,"10-17",0.0224091878827447,1.246000299014
88,"18-30",-0.0246809641133957,0.207595051291094
88,"31-55",0.010621408475694,0.748322260242915
88,"56-65",0.0492171830965397,1.74238967827554
88,"66+",0.00120414864522617,-0.939869999101463
89,"10-17",0.0287505295148361,0.484153675631379
89,"18-30",-0.026053697974339,-1.22370692744252
89,"31-55",0.00637279799058305,0.800032277677323
89,"56-65",0.0233493669530384,-0.385970510723574
89,"66+",-0.0057066971842344,-0.764281277782189
90,"10-17",0.0166948923014895,0.484078636813345
90,"18-30",-0.0160432068234405,0.609197252838312
90,"31-55",0.0117478250409442,1.13848127937485
90,"56-65",0.0156423182427301,1.46178580954037
90,"66+",0.00667908728485087,1.07117629925617
91,"10-17",0.0187440763825767,0.820963681836209
91,"18-30",-0.0213882752921047,-0.050899960595272
91,"31-55",0.00264357296386608,1.87683092996928
91,"56-65",0.0278328823383825,0.0566820057227062
91,"66+",0.00151413807124839,0.974820408732976
92,"10-17",0.0264186817893139,0.804062887691629
92,"18-30",-0.0159098572578659,-0.434287152808469
92,"31-55",0.0191368138706484,0.964404663045167
92,"56-65",0.022802406540437,0.379506184896679
92,"66+",-0.00203132306384148,1.19488919780679
93,"10-17",0.0133759705025742,0.623499161679844
93,"18-30",-0.016288234167641,-1.63037213655801
93,"31-55",0.0143697154264918,1.64894813362914
93,"56-65",0.0468742434567986,1.6564496524165
93,"66+",0.00605410348657687,1.45750993301676
94,"10-17",0.0293822077296752,0.714792789538085
94,"18-30",-0.0238053981961923,-0.261381725560486
94,"31-55",0.00431683903877428,1.39743343637194
94,"56-65",0.0416418823866773,1.03443672951138
94,"66+",0.0101735734649873,2.48432251893462
95,"10-17",0.0302587146939998,0.976600081902247
95,"18-30",-0.0197102121638281,0.354811466798896
95,"31-55",0.0130889388088383,1.29980992227277
95,"56-65",0.0308993896109602,0.137621817597058
95,"66+",-6.92978022132223e-05,0.279650023239409
96,"10-17",0.0198247751338821,0.555561139080497
96,"18-30",-0.0174386792206305,-0.581943674728498
96,"31-55",0.00935807240704473,1.63262840578684
96,"56-65",0.0390599000773261,0.957025356750126
96,"66+",0.00606264963028416,1.31464795704661
97,"10-17",0.0260268405509686,0.818422264635286
97,"18-30",-0.00233508490370349,0.60560990848114
97,"31-55",0.0124500489816533,1.07510931363435
97,"56-65",0.0332745146422896,0.635431847152136
97,"66+",-0.00360329678584968,0.0857904829146392
98,"10-17",0.0173140462222977,0.497777940880972
98,"18-30",0.000182459037606775,-0.269862021399479
98,"31-55",0.00236557470353654,0.989420818769876
98,"56-65",0.0187310997880219,-0.952502708679553
98,"66+",0.00850876722468433,-0.0927002838778073
99,"10-17",0.0266166678199564,0.748844688882856
99,"18-30",-0.025922533820521,0.199085675692837
99,"31-55",0.00981150677782466,1.58372586498554
99,"56-65",0.0209665287989587,0.444591783002382
99,"66+",0.000833558109384944,0.243559208397356
100,"10-17",0.0212317614029681,0.734968340480625
100,"18-30",-0.0167465684554518,0.373576648204754
100,"31-55",0.00665525798067551,1.47104897277724
100,"56-65",0.0291463033169236,1.69852913126528
100,"66+",0.000849243345602976,0.854660302229805
101,"10-17",0.0320921255256652,1.25749374251374
101,"18-30",-0.0202463770458859,0.916386743667454
101,"31-55",0.0130270629388345,1.68924659065281
101,"56-65",0.0362193686010434,0.865704477540405
101,"66+",0.0113400758015448,0.48296315528666
102,"10-17",0.0125741283498009,0.494011207167077
102,"18-30",-0.0275406180167657,0.492749732961517
102,"31-55",0.0144373548675077,1.45641251965282
102,"56-65",0.0416088554252066,0.425188435410117
102,"66+",0.000365160310795032,0.062776093020755
103,"10-17",0.0200686877920362,0.300694550298932
103,"18-30",-0.0303183448481749,-0.222570827463652
103,"31-55",0.00904484870613659,0.77785844782596
103,"56-65",0.0197144400818893,0.507424015558453
103,"66+",0.00651875114029393,1.42232370627762
104,"10-17",0.0331789281824421,1.13636972286724
104,"18-30",-0.0226914535146909,0.246917935624291
104,"31-55",0.0110875137759305,1.12806662968237
104,"56-65",0.0198571833941565,0.853788296306327
104,"66+",0.0014451948167785,0.894279110121097
105,"10-17",0.0159784391085188,0.434693155384206
105,"18-30",-0.0184706725264453,1.04935478989442
105,"31-55",0.0120802299793261,0.819482629108418
105,"56-65",0.0200413799895211,0.514061512133575
105,"66+",0.00350079389415166,-0.45300412769036
106,"10-17",0.0252172215058639,0.364533947388563
106,"18-30",-0.0199722634794907,0.792863021617718
106,"31-55",0.0131189458504651,1.78171749096553
106,"56-65",0.0387132516575996,0.24402419930378
106,"66+",0.00759508743993655,0.628078566161241
107,"10-17",0.022161798538574,0.457457445418014
107,"18-30",-0.0332926962835309,0.908085831212968
107,"31-55",0.0144173189565495,0.850213766830429
107,"56-65",0.0402890251290066,0.942371124814185
107,"66+",0.00438516999660403,-0.428936272373271
108,"10-17",0.0217572702538822,0.263252605076523
108,"18-30",-0.0217175996228082,1.05390921156971
108,"31-55",0.00528519558076496,1.20098362679861
108,"56-65",0.0325205552450412,0.807490550247959
108,"66+",-0.00262677596368266,-0.822646131086666
109,"10-17",0.0266907558365212,0.782863776045434
109,"18-30",-0.017759438754034,-0.907585429652119
109,"31-55",0.00492843556235822,1.86038547392608
109,"56-65",0.0391297119754587,0.820200165314592
109,"66+",0.00961074691379447,0.773191067684213
110,"10-17",0.0177576133085847,0.857505168242843
110,"18-30",-0.0189155185902839,0.217755540820383
110,"31-55",0.00729081622886102,1.38397784636178
110,"56-65",0.0272942357176697,0.168674340692961
110,"66+",0.00378348410828852,0.889722470356132
111,"10-17",0.0103049669874626,0.592905683181637
111,"18-30",-0.00724931673986701,-0.176788793693785
111,"31-55",0.0165095642284008,1.53338226187349
111,"56-65",0.03358504228364,2.28474037019073
111,"66+",0.00395819682815773,0.500725451272537
112,"10-17",0.013830761298986,0.627865496306112
112,"18-30",-0.0261649706770702,0.611851935104863
112,"31-55",0.0100122833446376,1.3457940755954
112,"56-65",0.0254303738285056,0.269458678507881
112,"66+",0.0142450213014103,-0.173701376208939
113,"10-17",0.023040521772191,0.309827554394432
113,"18-30",-0.0156971216173614,-0.109344322250905
113,"31-55",0.0113737714603443,1.55582165817484
113,"56-65",0.0250569163783346,1.1480901711303
113,"66+",0.00375327006535825,1.24445087285326
114,"10-17",0.0212580860912134,0.338743430516494
114,"18-30",-0.0230656625432579,0.429329502679206
114,"31-55",0.0130709406917746,0.967530575394512
114,"56-65",0.0340365468974062,0.635654433732967
114,"66+",0.00495463618055014,1.25164730127079
115,"10-17",0.0215680021263087,-0.263708118477541
115,"18-30",-0.0226772011628893,0.0819786158032496
115,"31-55",0.0141793190634398,1.31618194478664
115,"56-65",0.0273191424361175,0.822932707941469
115,"66+",0.00480640185958092,0.0702755736811085
116,"10-17",0.0222273313582078,0.179619826011091
116,"18-30",-0.0073741494179293,0.145611399248834
116,"31-55",0.0125034308267087,1.85836785360831
116,"56-65",0.0270016773647683,1.53700936671918
116,"66+",-0.00101560096374012,1.13320148100189
117,"10-17",0.0143675476462143,0.840675604254909
117,"18-30",-0.0263064405432341,-0.430974207509305
117,"31-55",0.00834671883652399,1.09126740617528
117,"56-65",0.0247252081453335,0.755349199069714
117,"66+",0.00587937748022661,0.0619654570911141
118,"10-17",0.0148371566609063,0.710577457493661
118,"18-30",-0.0154792658832479,0.320915420335742
118,"31-55",0.0113951356789974,1.52675321718069
118,"56-65",0.0214558256186121,0.841181492578736
118,"66+",0.00607170655516275,1.93451426000311
119,"10-17",0.0136558231682506,0.247572042928885
119,"18-30",-0.0123022593297112,0.248303886415473
119,"31-55",0.0139633020698922,1.68724474781816
119,"56-65",0.0284277157538209,0.161232906692844
119,"66+",0.000108231905867812,0.263495957261684
120,"10-17",0.0148386352696225,1.26657417151771
120,"18-30",-0.0234308869576282,0.00405968230715992
120,"31-55",0.00667352615231748,1.07176479152945
120,"56-65",0.0218090261183526,1.60331562343078
120,"66+",-0.00513202480562169,1.2133713700696
121,"10-17",0.0330765556832122,0.928044915766375
121,"18-30",-0.0298153408596832,0.315489265224871
121,"31-55",0.0125170882327001,1.06276632596518
121,"56-65",0.0190469338769473,-0.181071481150159
121,"66+",-0.000117133537516606,1.64292390578367
122,"10-17",0.0278580829909027,0.609547880520804
122,"18-30",-0.0117001013910205,0.680470976363265
122,"31-55",0.0149014340330846,1.37531576190578
122,"56-65",0.0109211805816794,-1.40928220738279
122,"66+",0.00347162175630063,0.711145860719066
123,"10-17",0.0214892705294292,1.40182558864788
123,"18-30",-0.015608810682846,0.112992285784793
123,"31-55",0.00602022074915465,1.07015781506681
123,"56-65",0.0237759561003194,1.41111255415607
123,"66+",0.00163039238043122,0.0939100504077093
124,"10-17",0.0232090543758396,0.810162494958658
124,"18-30",-0.0193156993901694,-0.885487997160327
124,"31-55",0.0132765472411188,1.22398637073703
124,"56-65",0.0312744365449949,0.64855474225366
124,"66+",-0.0060547534950946,0.541587897621852
125,"10-17",0.0136365099477745,0.345170128946335
125,"18-30",-0.0090573707198553,1.34535662496147
125,"31-55",0.0175410484970919,0.922371140320593
125,"56-65",0.0226170908755476,1.10480220080624
125,"66+",0.00273746648426519,1.33880724059903
126,"10-17",0.0220627545655032,0.930078847231073
126,"18-30",-0.0126749281051227,-0.717931644354035
126,"31-55",0.0133978597375505,1.24562743796592
126,"56-65",0.018855649260498,0.215187252316182
126,"66+",0.00332429466249697,0.105825984235381
127,"10-17",0.0224245060492982,0.215695858390194
127,"18-30",-0.00737661500622461,0.888504136957012
127,"31-55",0.0143372892235836,1.54935461599604
127,"56-65",0.0177548766917572,0.3894978862605
127,"66+",0.012594591336842,1.62718113753347
128,"10-17",0.0200978224583851,0.0334617909245356
128,"18-30",-0.010039009932489,-0.152553429268853
128,"31-55",0.00790213159932507,1.05871779364364
128,"56-65",0.022656695034548,0.0828878430153459
128,"66+",0.00011006991807154,-0.798391383454542
129,"10-17",0.019791313735895,0.0929702076560215
129,"18-30",-0.0140210185672944,0.415907128523553
129,"31-55",0.00617642459854278,1.03549764392389
129,"56-65",0.039078182812801,0.6672733075974
129,"66+",0.014945127738995,0.468133705651661
130,"10-17",0.0320910725318242,0.609441657015679
130,"18-30",-0.00944369626342767,0.39124166876111
130,"31-55",0.0144271663326223,0.822076913354795
130,"56-65",0.0202579262029937,0.0641415157909417
130,"66+",0.00267896814942183,-0.397689612074284
131,"10-17",0.0210967328307394,1.14243787605208
131,"18-30",-0.009800097474015,0.501497705387887
131,"31-55",0.0132249675277494,0.868862216570038
131,"56-65",0.0327156941373133,0.716765302733821
131,"66+",0.00294122356751358,0.138335673325539
132,"10-17",0.0227950194468504,0.442303995892646
132,"18-30",-0.00868236967599667,-0.189102305114417
132,"31-55",0.00560967210688013,1.80060347915296
132,"56-65",0.0249194856059006,-1.07294357802509
132,"66+",-0.000518248612500924,-1.16796340611884
133,"10-17",0.0196848714459023,0.446474205038041
133,"18-30",-0.0287682833646096,0.119659121660854
133,"31-55",0.0151588307521636,1.13401606649262
133,"56-65",0.0277706344696799,1.17486028498746
133,"66+",0.00377410071512366,1.14316875440641
134,"10-17",0.0200032633251416,0.68759847870133
134,"18-30",-0.00536261594425985,-0.414034244352548
134,"31-55",0.00211372623724831,0.70611197553999
134,"56-65",0.0238190050967408,0.926443964044401
134,"66+",0.0109113606099288,1.14545622137144
135,"10-17",0.0181803209709792,0.837714372141348
135,"18-30",-0.00908566749183148,1.06287256280522
135,"31-55",0.0139123885728066,1.14345766933686
135,"56-65",0.0130344903577137,0.661045996388706
135,"66+",0.00832080545965476,0.708086501512975
136,"10-17",0.0282809727511601,0.950510079447911
136,"18-30",-0.0203304564582804,-1.25477005480145
136,"31-55",0.0145018734570376,1.18156258652473
136,"56-65",0.0409204548340457,1.06410381240995
136,"66+",-0.000954504004369777,0.0170380777083423
137,"10-17",0.0224880367823085,0.0609513904578005
137,"18-30",-0.0152253600726895,-0.543783018285522
137,"31-55",0.0159075925261472,1.39234223904825
137,"56-65",0.0199143994781049,0.408310613349354
137,"66+",0.00366520059215977,0.166207387881045
138,"10-17",0.0283779255740356,1.04870441223713
138,"18-30",-0.0227425908583448,1.41224707302911
138,"31-55",0.012742385942099,1.01370379052982
138,"56-65",0.0146897677971329,0.399453562918458
138,"66+",0.0101807212895853,1.68624955717069
139,"10-17",0.0235288640697373,0.621088166661362
139,"18-30",-0.0132950741655565,0.454958799307942
139,"31-55",0.0110315080143927,1.71944030213791
139,"56-65",0.0266041479145586,1.2062243580316
139,"66+",0.000654493874052545,1.62479620862259
140,"10-17",0.0258924796434479,0.48463924258603
140,"18-30",-0.0104328295322197,0.0957906164009792
140,"31-55",0.0170607551998134,1.50075995263853
140,"56-65",0.0342560251494462,0.974958272380618
140,"66+",0.0132373446188227,1.5116654952301
141,"10-17",0.0295599017971517,0.85410009234411
141,"18-30",-0.0333354377246415,0.0914401571872894
141,"31-55",0.0148014653669162,1.02004167139338
141,"56-65",0.0425506999353243,0.752966156045142
141,"66+",0.00560499276246651,1.37786256410826
142,"10-17",0.0237410787343396,0.618398063354177
142,"18-30",-0.014338547025986,-0.091595367879524
142,"31-55",0.000975756367054936,1.17881530414868
142,"56-65",0.0395456387622324,1.58307700542857
142,"66+",2.00497703648495e-05,0.790894207562005
143,"10-17",0.0161956929762554,0.882690987435778
143,"18-30",-0.0186957537076234,-0.548778431060713
143,"31-55",0.0144401624076124,1.24035304133263
143,"56-65",0.0201964195515537,0.83630200424367
143,"66+",0.0124729485812659,2.02301434576341
144,"10-17",0.0296311753453073,0.329174967222552
144,"18-30",-0.0181960765645294,1.14058986634554
144,"31-55",0.00584388296035387,1.12906377361556
144,"56-65",0.0239058822162331,-0.559598354458855
144,"66+",0.00560154432981974,2.15952316706989
145,"10-17",0.0241282040544669,0.134158465059078
145,"18-30",-0.0268773662299254,0.875520410447361
145,"31-55",0.00515914460543154,0.638387105927208
145,"56-65",0.0339263611179734,0.787929440590977
145,"66+",0.00939466021356715,0.739371921897868
146,"10-17",0.0236921144457808,0.858766064553897
146,"18-30",-0.0152222376858682,-0.272262242592888
146,"31-55",0.008827228291855,0.89422995442952
146,"56-65",0.0301342085416722,0.829020195043718
146,"66+",0.00413035876023106,0.908893280649281
147,"10-17",0.0210340248735811,0.853814021991511
147,"18-30",-0.0256928830420122,-0.0951467861144994
147,"31-55",0.00687286825748373,0.598831029565526
147,"56-65",0.0125862334836231,1.08067952189922
147,"66+",-0.00772916460749223,0.235838512856773
148,"10-17",0.0221169144292719,0.206752783687845
148,"18-30",-0.0253281616558705,-0.275629746787246
148,"31-55",0.00851454631679865,0.809684244042638
148,"56-65",0.0356380758446979,1.08669280822591
148,"66+",0.00834355855012402,1.39848245140742
149,"10-17",0.0327677850950734,1.16841528282428
149,"18-30",-0.012474326070576,-1.04268736605985
149,"31-55",0.0076586595823066,1.3062514036496
149,"56-65",0.0240450468437891,1.48128636578154
149,"66+",0.00284194827982555,-0.407393593094518
150,"10-17",0.0287448709776977,0.501929587320741
150,"18-30",-0.0186390456810404,-0.114981831023087
150,"31-55",0.00354006314492922,0.904816818925569
150,"56-65",0.0239865453497177,0.598959915541119
150,"66+",-0.000151736662555205,-1.08463322463705
151,"10-17",0.0169206352145866,0.261667644371899
151,"18-30",-0.0199775777861514,0.777833861807395
151,"31-55",0.00735352352671165,1.08419804061254
151,"56-65",0.0246789942083055,0.344279212631202
151,"66+",0.00433184976369946,-0.461743230736142
152,"10-17",0.00595726404190855,0.696648425706908
152,"18-30",-0.0147329749733177,-0.375776545774142
152,"31-55",0.00327593782835495,1.44097765305825
152,"56-65",0.0252565899495099,1.2899184746927
152,"66+",0.0127631353414763,1.03187762178957
153,"10-17",0.0143686774633935,0.512600123950689
153,"18-30",-0.0139606960751431,-0.142466145205329
153,"31-55",0.00918994638253767,1.04436594786642
153,"56-65",0.035231880741018,0.681695617970929
153,"66+",0.0118788628731512,0.644273143395159
154,"10-17",0.02492196264935,0.616922507776667
154,"18-30",-0.00323189786018085,0.190124554559775
154,"31-55",0.00577161950571548,1.66850362390141
154,"56-65",0.0253705911265198,0.414397951236895
154,"66+",0.0109050020097344,0.517535649550419
155,"10-17",0.0176539282587813,0.863507986149241
155,"18-30",-0.0145702065170616,0.610368836702433
155,"31-55",0.0165874143690294,1.40038439332035
155,"56-65",0.027346018042709,0.769049742805183
155,"66+",0.00580382240985856,0.741473870409074
156,"10-17",0.0223812851757091,1.18629375259119
156,"18-30",-0.00805240868152768,0.48588422076485
156,"31-55",0.00936719726916607,1.17609916692748
156,"56-65",0.0349631472150551,1.65970421661142
156,"66+",0.00535526193860991,2.52788851490538
157,"10-17",0.0133432985191584,0.674089997594422
157,"18-30",-0.0099026462626931,1.098398992634
157,"31-55",0.0181581107156937,1.37995417434837
157,"56-65",0.0294895018441276,2.76253383717912
157,"66+",0.0126035683524015,-0.655282137360446
158,"10-17",0.0165125914741278,0.879956265888415
158,"18-30",-0.00957221152326715,-0.761289524537986
158,"31-55",0.00664507613986748,1.52659204205
158,"56-65",0.0329201567088401,0.884454883040268
158,"66+",0.000359517452643246,0.611253316909279
159,"10-17",0.0245456385743264,0.852694580603692
159,"18-30",-0.0125772807760042,-0.318091845674369
159,"31-55",0.00552852447633523,0.994750498688584
159,"56-65",0.0127680874760833,1.29966829464697
159,"66+",0.00583134937050456,2.25273633557171
160,"10-17",0.0191369448241233,0.948384750946941
160,"18-30",-0.0133541199028464,0.490057487362828
160,"31-55",0.0121642134373462,1.11224951836115
160,"56-65",0.0264114496885226,-0.0372171023641297
160,"66+",0.000597130150219366,0.610456700082739
161,"10-17",0.0254893623721003,0.927832640520379
161,"18-30",-0.0157037035585718,-0.188040720814236
161,"31-55",0.0159125216312151,1.32030484089131
161,"56-65",0.0211097394962338,0.413544879651985
161,"66+",0.000298319213571221,-0.543319054608098
162,"10-17",0.0249295573157756,0.600382635350464
162,"18-30",-0.00900246580188124,0.327236069704236
162,"31-55",0.00150685278010543,1.16096696045036
162,"56-65",0.0245334744907222,0.483402745704584
162,"66+",4.48579672561317e-05,0.775340394888701
163,"10-17",0.0278274694104363,0.519826548339688
163,"18-30",-0.0261945998294569,1.0490734790432
163,"31-55",0.0101798906272466,1.28510559565482
163,"56-65",0.0328953869135856,0.865788923188768
163,"66+",0.000846358724220439,-0.606559980792307
164,"10-17",0.0267375098758681,1.15799321717511
164,"18-30",-0.00560618101092192,0.454253856079427
164,"31-55",0.0179361807829563,0.713298560846951
164,"56-65",0.0306836483326438,0.775246332267995
164,"66+",0.0013915739422668,-0.173195245539167
165,"10-17",0.0139950856126949,0.0051232724104171
165,"18-30",-0.0168634813898613,0.635472646761251
165,"31-55",0.0114747687077454,1.09492217461995
165,"56-65",0.0128383894911305,0.841891210784604
165,"66+",0.00541241059172562,-0.541683330022137
166,"10-17",0.0174843565701877,1.09806409064889
166,"18-30",-0.0210968461645987,-0.635397043159781
166,"31-55",0.000787144322803968,1.55532829026047
166,"56-65",0.0195571372437329,1.49741727186018
166,"66+",0.00507219390814134,0.095990029282671
167,"10-17",0.0184447975003396,0.982382995647429
167,"18-30",-0.0299862453999242,1.0833382786681
167,"31-55",0.0184439710755127,1.32923969847577
167,"56-65",0.0277452652147056,0.663916892854303
167,"66+",0.00332660452197503,0.965884178631656
168,"10-17",0.0167226724141921,0.369331912208207
168,"18-30",-0.0237176546609608,1.16976219860427
168,"31-55",0.00767409797158336,1.50671422543386
168,"56-65",0.0248282487472649,-0.778668130173067
168,"66+",0.00511377823923431,0.0494277359819844
169,"10-17",0.0277533413366442,0.436347833470876
169,"18-30",-0.0142724585777166,-0.0428634770334586
169,"31-55",0.00684860063307519,1.3032731477675
169,"56-65",0.0410746493982198,0.601165445635891
169,"66+",0.0123174772690968,1.86364916116696
170,"10-17",0.0216683191843007,0.815492350415647
170,"18-30",-0.0126535391017467,0.182805074117809
170,"31-55",0.014108302729177,0.993200699400246
170,"56-65",0.0288247663801703,0.481986492116077
170,"66+",0.0137517553781327,0.510887146381
171,"10-17",0.0150308180212931,0.495829438413466
171,"18-30",-0.0141456973410775,-0.295984370900721
171,"31-55",0.0119793075168496,1.51418065466868
171,"56-65",0.0339436557290458,0.253016979194083
171,"66+",0.00647416449129408,1.65370059595164
172,"10-17",0.0189722187947853,0.829815690491732
172,"18-30",-0.0100788116042209,0.535877015024594
172,"31-55",0.0161640058497872,1.50253113892337
172,"56-65",0.0395530332701444,-0.604986061133635
172,"66+",0.00927133725992521,0.106212592172112
173,"10-17",0.012679675586186,1.21621233350049
173,"18-30",-0.0200916017253188,0.422590425797717
173,"31-55",0.0135271944896579,1.1689512347037
173,"56-65",0.0328030050394222,1.31633108514836
173,"66+",0.0133837287674329,2.87913514453854
174,"10-17",0.00429183042810666,0.201362358551095
174,"18-30",-0.0225803368323986,0.39438261431237
174,"31-55",0.00452862622195066,0.840894393151416
174,"56-65",0.0260857281991789,0.47143632931275
174,"66+",0.0118502325541885,1.99477512315005
175,"10-17",0.0129550941580048,0.380726040297777
175,"18-30",-0.00632193900260936,-0.436720007254589
175,"31-55",0.00462869825304207,1.71862098866006
175,"56-65",0.0155817430392153,0.0605451655489286
175,"66+",-0.00115057290012213,0.470203228481815
176,"10-17",0.0257629133815604,0.686209089213344
176,"18-30",-0.02920949876793,0.304202223753713
176,"31-55",0.00457827298396146,1.16393256872997
176,"56-65",0.0212898443210477,-0.438282876233606
176,"66+",0.00119109996544962,0.0147363817659816
177,"10-17",0.0212322054461998,0.665115684734791
177,"18-30",-0.0144887244413745,0.556855263610661
177,"31-55",0.0138297996638187,1.072096300713
177,"56-65",0.0207625421827813,0.579654526870019
177,"66+",0.00173964403185106,-0.169281423327421
178,"10-17",0.0214532160251156,1.05664802792987
178,"18-30",-0.0148226654769825,-0.277845570191309
178,"31-55",0.00924785855926402,1.42443310390652
178,"56-65",0.0325595197468501,0.533154480948765
178,"66+",0.0074482563797789,2.26983914866442
179,"10-17",0.0225152983678358,0.281512379201816
179,"18-30",-0.00401719375063875,-1.23523634334074
179,"31-55",0.00908890239522953,1.20218281484128
179,"56-65",0.0326676141730002,0.978286318520778
179,"66+",0.000464602014049256,0.023966667998133
180,"10-17",0.0243824911456912,0.698671935804674
180,"18-30",-0.0245477751095046,0.130664774370835
180,"31-55",0.0047567609749814,1.24411088844317
180,"56-65",0.026527556015115,0.671850714623718
180,"66+",0.0117366101515215,1.89870970052915
181,"10-17",0.0238569541137706,0.638815976072295
181,"18-30",-0.0129288975944534,0.329124287434743
181,"31-55",0.0190216021471762,1.78987069097832
181,"56-65",0.0363651207531421,0.9398702049328
181,"66+",0.00634611789767574,0.0392029464591186
182,"10-17",0.0243586272785211,0.766244533335807
182,"18-30",-0.0304019540112676,-0.493657792353138
182,"31-55",0.00175556798012094,1.95496422506909
182,"56-65",0.0269816902051374,0.51058153355871
182,"66+",-0.00145201224282009,0.697756728274637
183,"10-17",0.0219892915864763,1.06133623333707
183,"18-30",-0.0137528142423523,-0.450357181138596
183,"31-55",0.00955923325934194,1.1187090425653
183,"56-65",0.0303917139806537,1.19287789575878
183,"66+",0.00385157570595157,-0.676119459116926
184,"10-17",0.0288897474717861,0.966315420523419
184,"18-30",-0.021127826732627,-0.104052122813805
184,"31-55",0.00949719153431161,1.19056720504344
184,"56-65",0.0266263982845175,-0.842896484844402
184,"66+",0.000375854210752438,0.370750153345991
185,"10-17",0.023333501692608,0.665666712784153
185,"18-30",-0.00426336281312445,-0.0753504356454471
185,"31-55",0.00288092047575378,0.757214108358356
185,"56-65",0.0212676441407477,0.591762245936984
185,"66+",0.00632017684904168,1.6701544583346
186,"10-17",0.0196864397580171,0.288539848789136
186,"18-30",-0.014858611581774,-0.0608439313678986
186,"31-55",0.00598466967309175,1.14443781290246
186,"56-65",0.0111928683172077,0.176800697838532
186,"66+",0.00385984375375707,1.52544461440228
187,"10-17",0.0250913842547397,1.27373952361157
187,"18-30",-0.0383632204223157,-0.617654375409558
187,"31-55",0.012937566628028,1.07935686169474
187,"56-65",0.0268249860237087,1.6134972111532
187,"66+",0.00445123406728136,1.40907233667159
188,"10-17",0.0112019998795377,0.126338034275039
188,"18-30",-0.0170823165631634,0.672922510164645
188,"31-55",0.0182366735246788,1.4188997580572
188,"56-65",0.0246300933129675,0.0510086004299879
188,"66+",-0.00557657587407624,0.747544804577595
189,"10-17",0.0205805920126994,-0.177996301985301
189,"18-30",-0.0262382313180185,-0.136770266432539
189,"31-55",0.00367988800325536,0.900616958046482
189,"56-65",0.0268420572954805,0.593104832848608
189,"66+",0.00302285409932115,-0.252660516158823
190,"10-17",0.0144327236024135,0.81552463436892
190,"18-30",-0.0143983168280668,0.35810883476047
190,"31-55",0.0141263595294864,2.03728932760645
190,"56-65",0.0432732338027464,-0.629496519727041
190,"66+",0.00885247452927439,1.34101674706895
191,"10-17",0.0181621468568889,0.764422688804062
191,"18-30",-4.7025984687421e-05,0.571559628791054
191,"31-55",0.00589782321094928,1.22967501784013
191,"56-65",0.0112452132359481,0.229640085635516
191,"66+",-0.00203738491193453,-1.63514303049785
192,"10-17",0.0117199660978398,1.05057881276493
192,"18-30",-0.015765077954388,-0.651354907061746
192,"31-55",0.0113089993660411,1.84555447383128
192,"56-65",0.0269785663439929,0.0528930027787293
192,"66+",0.00121850211471701,-0.873049443536463
193,"10-17",0.0186205469124955,0.433629790570208
193,"18-30",-0.0232520955210652,1.35403428237219
193,"31-55",0.0113279844937292,1.78324449439763
193,"56-65",0.029541405592509,0.158748767680647
193,"66+",-0.00512021159193962,-0.0466403312844932
194,"10-17",0.014154239724212,0.827602618921309
194,"18-30",-0.0108851192824621,0.0496900566389726
194,"31-55",0.0220402845583316,1.5432954333828
194,"56-65",0.0226545455936091,0.359240369585336
194,"66+",0.00469269427572618,1.27697442145084
195,"10-17",0.0293314571055539,0.449340080380083
195,"18-30",-0.0161072184914002,0.0754804277788459
195,"31-55",0.0105787327217571,0.872151442928773
195,"56-65",0.0283575543117492,0.347905579211091
195,"66+",0.0167420259450632,2.06824577927824
196,"10-17",0.0204837873021222,0.736037225074509
196,"18-30",-0.00915805233752526,-0.488567635112314
196,"31-55",0.00878600220107639,1.89516205473698
196,"56-65",0.0290079191291788,0.269231042657353
196,"66+",-0.0020551460907513,-0.010061160955555
197,"10-17",0.0350356607315825,0.672687018926701
197,"18-30",-0.0201202598481227,0.888396485312304
197,"31-55",0.00756817290642248,1.21269967880806
197,"56-65",0.0194573340074224,0.654349085617513
197,"66+",0.0137340703332623,0.270653343915827
198,"10-17",0.0225145775200832,0.951341763687064
198,"18-30",-0.0133904190772677,-0.405951449081
198,"31-55",0.0200404237929182,1.10706210585436
198,"56-65",0.022695881948931,0.856656517542767
198,"66+",0.0070453353307727,0.380275283483167
199,"10-17",0.0196442366140192,0.555971535612642
199,"18-30",-0.0180218875957234,0.711188941017944
199,"31-55",0.00866016157771837,1.32620834167695
199,"56-65",0.0286111456638781,0.16358487206235
199,"66+",0.00447312067354139,1.76320434759716
200,"10-17",0.0197494804400078,0.465727859462257
200,"18-30",-0.0183252394116853,0.653872151933312
200,"31-55",0.0204104513014087,1.44267126412994
200,"56-65",0.0490355106856982,0.531705830093363
200,"66+",0.00100402175347766,0.994085179555015
201,"10-17",0.0201783571663505,0.774730522874868
201,"18-30",-0.0138431279690914,0.557099051927894
201,"31-55",0.012618864724944,1.63161888162952
201,"56-65",0.0453210501952763,1.05355480983632
201,"66+",0.00781834680984769,-0.739520816202615
202,"10-17",0.0276896453710131,0.0400286009733195
202,"18-30",-0.0224240546002435,-0.238543883067196
202,"31-55",0.00833927727180467,1.16755477948403
202,"56-65",0.0381970260849453,0.514449627519756
202,"66+",0.0106948932081926,-0.250190551704081
203,"10-17",0.0319978327794135,0.449225003229272
203,"18-30",-0.0230026077176178,-0.266060244283652
203,"31-55",0.0111399514171922,1.46097790836756
203,"56-65",0.0361995448854051,0.495019572600798
203,"66+",-0.00490747083072647,0.384308785219831
204,"10-17",0.0206611264812749,1.27591005891529
204,"18-30",-0.00860291734262314,0.63997100792113
204,"31-55",0.00828797846502394,1.8049246081649
204,"56-65",0.0303603063106546,-0.408813672063628
204,"66+",0.00275302809734093,0.218364426285
205,"10-17",0.0221441226665869,0.730633119113476
205,"18-30",-0.0102189489385422,0.686714480878976
205,"31-55",0.0173377900825789,1.54955415903727
205,"56-65",0.0342622792930677,0.519966090942546
205,"66+",0.00282450050989844,0.439604224629505
206,"10-17",0.013738483179533,0.645902774819977
206,"18-30",-0.0127116288987471,0.89657351571427
206,"31-55",0.0122454647523714,1.29877304526599
206,"56-65",0.0326476346991534,1.36781730476919
206,"66+",0.00231428894026153,1.93596583806857
207,"10-17",0.0268818829624525,1.37557832378845
207,"18-30",-0.0255661420527962,1.15342955688669
207,"31-55",0.00637916816489631,1.47227835528587
207,"56-65",0.0331912463733383,0.951045954143501
207,"66+",0.00945535528725173,2.31298465847282
208,"10-17",0.0152206200118717,1.08971851057951
208,"18-30",-0.0266935089314988,-0.149985973455237
208,"31-55",0.00186666568505078,1.85809151899034
208,"56-65",0.037799725608786,-0.0285062942626659
208,"66+",-0.00321611047887937,0.735533686137277
209,"10-17",0.0244179641267527,0.561624527728997
209,"18-30",-0.0233947605194539,-1.14334500014018
209,"31-55",0.0102771189755376,1.99797013516946
209,"56-65",0.0322534664338948,0.757776108416303
209,"66+",-0.00285448453216913,-0.358489986309994
210,"10-17",0.0164508306202977,-0.0621964742187462
210,"18-30",-0.0173802555637532,-0.143124168591958
210,"31-55",0.0143995860508667,1.10561948842158
210,"56-65",0.0180486542931178,1.70388701520526
210,"66+",0.00728388465508548,0.436261723085554
211,"10-17",0.0214964102092939,0.460257465558555
211,"18-30",-0.0059169110544543,-0.0979765058559323
211,"31-55",0.00879305173668032,1.71128710580422
211,"56-65",0.0306696350655312,0.888502566183483
211,"66+",0.00186104643865917,0.586614105349154
212,"10-17",0.0182462412387451,0.745554283402208
212,"18-30",-0.0208064922305381,-0.171762113988205
212,"31-55",0.0128769121701829,1.07071636570381
212,"56-65",0.0269692570107765,0.663286094943203
212,"66+",0.000469732163904515,1.85219478579738
213,"10-17",0.0155481434822509,0.390645022211721
213,"18-30",-0.0105914350604576,-0.585071550316123
213,"31-55",0.0100974465190486,0.956965511808013
213,"56-65",0.0125007435669647,0.576735301703264
213,"66+",-7.63885345069076e-05,0.252432479483835
214,"10-17",0.0278523910749568,0.01719535973006
214,"18-30",-0.00678461754769849,1.0735129362522
214,"31-55",0.0106148661172997,1.8554768621853
214,"56-65",0.0203648093107307,0.463496571487594
214,"66+",-5.59567258704985e-05,-0.205154424260288
215,"10-17",0.0181235620337742,1.15611282308054
215,"18-30",-0.0100270136766315,0.721493356165523
215,"31-55",0.0130892170284271,1.60118538545741
215,"56-65",0.0338506580035535,1.26046978071695
215,"66+",0.00860757201083513,0.375825906316635
216,"10-17",0.0262672043467469,0.7751892207416
216,"18-30",-0.0273005434582376,0.303706962188551
216,"31-55",0.0091578179264295,1.46264156316265
216,"56-65",0.0245388691397984,1.18007037065377
216,"66+",0.00393880086537492,-0.642353430843512
217,"10-17",0.0179705412933782,0.905127911769004
217,"18-30",-0.0257053259188505,0.548360468673414
217,"31-55",0.00705371579766551,0.838462322406306
217,"56-65",0.0268182617241985,0.289357379987885
217,"66+",-0.00303856095324827,0.664628732336814
218,"10-17",0.0250301892934074,1.06554084766735
218,"18-30",-0.0227788498651023,-1.11005908841713
218,"31-55",0.00969994885014536,1.61599610273874
218,"56-65",0.036547380094274,0.211800880488779
218,"66+",-0.00155629167383556,1.0979136329584
219,"10-17",0.0279882590745831,0.833898772043536
219,"18-30",-0.0188107308251157,0.137317818934147
219,"31-55",0.0165937826389981,1.13323828429402
219,"56-65",0.0374598035013923,0.324431640303658
219,"66+",0.0130789956170127,2.25156128566724
220,"10-17",0.0244165447383095,0.322778567239252
220,"18-30",-0.00956878486203494,0.257453009053494
220,"31-55",0.00306171113672388,1.33912562663461
220,"56-65",0.0150191943301362,-0.107464464817019
220,"66+",0.00920696088973569,0.728483377708198
221,"10-17",0.0216053353048063,0.547089154217776
221,"18-30",-0.00855954038103757,-0.44557331386051
221,"31-55",0.00465455820051536,0.670862840851701
221,"56-65",0.0310203780758553,-0.18488269598951
221,"66+",0.0108004899662979,2.13008629199195
222,"10-17",0.0208929250391972,1.04760752446633
222,"18-30",-0.016437157553602,0.814045105326176
222,"31-55",0.00626578868014971,1.85899118702583
222,"56-65",0.0332612104748192,0.359119556199138
222,"66+",0.00205902491338836,-0.960801630650572
223,"10-17",0.014707677950861,0.399226129190536
223,"18-30",-0.0111153554525654,0.667388702723878
223,"31-55",0.000784286653212174,0.694606134476112
223,"56-65",0.0206673811028521,0.817613591150993
223,"66+",0.00316783437795663,-0.0196144541850565
224,"10-17",0.0207807249081164,0.359998625370564
224,"18-30",-0.0106245903365663,-0.667073743345371
224,"31-55",0.011303394529967,1.17029776115004
224,"56-65",0.0243499621065992,-0.341217023990586
224,"66+",0.00976127886973223,0.861749916565531
225,"10-17",0.0193945212672054,0.901347185435593
225,"18-30",-0.0181882990007693,-0.258967725891139
225,"31-55",0.0152612124348551,1.28692741749168
225,"56-65",0.0153619132508027,1.46549882061435
225,"66+",-0.00270042668025125,2.04747691913446
226,"10-17",0.0160944467687335,0.578089452079791
226,"18-30",-0.0180277446607682,-0.427568449056116
226,"31-55",0.00425329625539417,0.953538994461256
226,"56-65",0.0340134796529977,-0.191882607771477
226,"66+",-0.000519836036786625,0.894295916871123
227,"10-17",0.0230767053947132,0.437512131796262
227,"18-30",-0.0334305233661247,-0.234567832946439
227,"31-55",0.0124929689422396,1.55656067965897
227,"56-65",0.0401805690997186,0.439458067929166
227,"66+",0.00962209354026658,-0.183782279734514
228,"10-17",0.0187928265234417,1.27816757694443
228,"18-30",-0.0184069185455115,-0.177913921972989
228,"31-55",0.0125846780194353,1.24918070323051
228,"56-65",0.039067709602858,1.69252895941872
228,"66+",-0.00190565159288299,0.528602042048142
229,"10-17",0.018768573703608,0.815607855656943
229,"18-30",-0.0216744836548939,-1.1081934729423
229,"31-55",0.00281136677567428,1.45093382917678
229,"56-65",0.0318183141745679,0.167845903952292
229,"66+",0.00504663359199339,1.24178221874224
230,"10-17",0.0207565663287589,1.0716898888148
230,"18-30",-0.00835969022835925,0.315110629038013
230,"31-55",0.00986320504563426,0.67675611781425
230,"56-65",0.0340294621036335,1.52794736465015
230,"66+",0.00996645046226927,-0.719617256535981
231,"10-17",0.0279483103805069,0.788381332882489
231,"18-30",-0.0133327633557349,0.727757928276677
231,"31-55",0.00726246639463407,1.52299916325564
231,"56-65",0.0257893674737856,-0.484748988162211
231,"66+",0.00062513485821783,-1.12250319884783
232,"10-17",0.0209448640968113,0.660607549179764
232,"18-30",-0.0112616903319414,-0.327768653596213
232,"31-55",0.00784774242688219,1.60864506343247
232,"56-65",0.0128045412844043,0.255585829606705
232,"66+",0.00141723677347828,2.39199296441315
233,"10-17",0.0212060078737959,1.18264000677801
233,"18-30",-0.0142554067608897,0.601455265000649
233,"31-55",0.00804707567798213,1.4121844062486
233,"56-65",0.0175221543849695,0.803396188729147
233,"66+",-0.000249512337907973,0.691932310321462
234,"10-17",0.0257286364726679,1.48159844766236
234,"18-30",-0.0120706467721126,0.433130982183915
234,"31-55",0.0230280971000574,1.81582381523499
234,"56-65",0.0237947985014668,0.153944259147332
234,"66+",0.00682235636942793,0.573273609444987
235,"10-17",0.0291394813654,0.678749116738522
235,"18-30",-0.0167619497373765,-0.630593501102338
235,"31-55",0.00223005799574516,1.5661181811819
235,"56-65",0.0180663828318717,0.6210971808905
235,"66+",0.00597419950342488,-0.341411572916501
236,"10-17",0.0295747122298349,0.479846658440838
236,"18-30",-0.0167239330541124,0.486141495796419
236,"31-55",0.00854955820638104,0.397358447893918
236,"56-65",0.0265564165373313,0.637265390248325
236,"66+",-0.00325329389160818,0.793837202567389
237,"10-17",0.026371126400538,0.905503361977672
237,"18-30",-0.00578528315315446,-0.32413779832812
237,"31-55",0.000319110978745873,1.80370336030967
237,"56-65",0.0242888029916921,-0.773790520164395
237,"66+",0.00331953177049857,1.80476513978298
238,"10-17",0.0218991621700434,0.937082889404145
238,"18-30",-0.0234035262407117,-0.721872893583679
238,"31-55",0.00727416845349943,0.829815343531127
238,"56-65",0.0108249708129431,0.590700817114993
238,"66+",0.00710644258611771,-0.0167392455353621
239,"10-17",0.0243654805966502,1.03418169784451
239,"18-30",-0.0146558013464453,0.352536624021186
239,"31-55",0.00985738535081876,1.42389531809515
239,"56-65",0.0280294994508447,0.141004201886767
239,"66+",0.00467898426130521,0.143709554055318
240,"10-17",0.0182768316586175,0.722414295364067
240,"18-30",-0.00371412538913063,1.16520305259137
240,"31-55",0.0171431169103112,1.56367079519314
240,"56-65",0.0225933208410229,-0.183916448157868
240,"66+",0.00461549624391824,1.15112703998576
241,"10-17",0.0232215512838241,0.636290477291766
241,"18-30",-0.00714608932118621,1.17405336693731
241,"31-55",0.0127755676403297,1.17330642812813
241,"56-65",0.0305286523660884,0.588255911452361
241,"66+",0.00901772133437075,1.10213817711748
242,"10-17",0.0137162743564232,0.40834979069769
242,"18-30",-0.0166536580683899,0.670336509362235
242,"31-55",0.0125748353698588,0.970710727782155
242,"56-65",0.0187817577942571,0.439974547839427
242,"66+",-0.000394098007629823,0.166699107396118
243,"10-17",0.0283206105816594,1.04998125387955
243,"18-30",-0.0166480358143352,-0.795229217380527
243,"31-55",0.00270054238822576,1.08638431666014
243,"56-65",0.0360141209928475,0.397587452995539
243,"66+",-0.000131170104047854,-0.303637129175609
244,"10-17",0.0324421831910677,1.01046989991859
244,"18-30",-0.0296338611410087,0.715821740530544
244,"31-55",0.0201000358003549,0.771459636717777
244,"56-65",0.0344810214872545,0.992924189427065
244,"66+",0.00668565083891877,0.555545913070917
245,"10-17",0.025278406464648,0.951940960169606
245,"18-30",-0.0250269109827453,0.511279851853088
245,"31-55",0.014069286168171,1.14317586347579
245,"56-65",0.019488291255885,1.48109506247946
245,"66+",1.325038253841e-06,0.09710102300199
246,"10-17",0.0273695450467273,0.884543690367723
246,"18-30",-0.0128268127939791,0.0320985215654321
246,"31-55",0.00796527728671892,1.32258883590719
246,"56-65",0.0279836248534349,0.987822737499799
246,"66+",0.00467431440493382,-0.283908504955823
247,"10-17",0.0193032680669046,0.10864018412423
247,"18-30",-0.0170882285138976,-0.536507483720914
247,"31-55",0.00390042604968621,0.540345564436505
247,"56-65",0.034584021364032,-0.873709752977424
247,"66+",0.00876553770960285,-0.433618006770248
248,"10-17",0.0229309843308599,0.880211356028037
248,"18-30",-0.0153014806688538,-0.457804411098238
248,"31-55",0.00916100301643885,0.903103366460725
248,"56-65",0.0370044416598435,0.256193738763697
248,"66+",0.00703738887055007,-0.803007964140305
249,"10-17",0.0330826366706665,0.691047318925784
249,"18-30",-0.0132545620228663,-0.154343258491739
249,"31-55",0.0152856152577051,1.24546346029702
249,"56-65",0.0250828558607014,0.102539018342821
249,"66+",0.00445807946054266,0.83284973573609
250,"10-17",0.0163069914371345,0.874590698947821
250,"18-30",-0.00924071443109004,-0.276102494772941
250,"31-55",0.0159486723654241,1.60490664133329
250,"56-65",0.0255236537694633,0.726563186352989
250,"66+",0.00393645712717963,-0.479497719542216
251,"10-17",0.0194013052682128,0.613498580188311
251,"18-30",-0.0179568445638414,0.157928908023008
251,"31-55",0.00534573157212259,2.04309281408391
251,"56-65",0.0200576654343203,0.0660744495984513
251,"66+",0.00361489871179003,1.51733639378636
252,"10-17",0.023033494905793,0.553560717171961
252,"18-30",-0.0161128915470288,-0.955415556093499
252,"31-55",0.00725474812331983,1.73652675060419
252,"56-65",0.0461297363845338,0.803199212404531
252,"66+",0.00638558089575454,0.500448224877239
253,"10-17",0.0171070122130144,0.347837741319304
253,"18-30",-0.0173813425178875,1.52589437529961
253,"31-55",0.0160286662551702,1.63676059898007
253,"56-65",0.0321123816596783,0.78434438041497
253,"66+",0.00629556288093282,0.528235681472047
254,"10-17",0.0203035324506691,0.782824630996038
254,"18-30",-0.00873960511887634,-0.782987083804219
254,"31-55",0.000624335319512281,0.999750213304901
254,"56-65",0.0281067547813877,0.524751611573578
254,"66+",-0.00492072295300638,0.428783329332948
255,"10-17",0.0156803910001876,0.392820736009802
255,"18-30",-0.0131928932384044,0.560496691643275
255,"31-55",0.0085356858799952,1.62532395977057
255,"56-65",0.0310478069262547,-0.200503089753518
255,"66+",0.0140923386198685,1.32383900796936
256,"10-17",0.0198944678343567,0.317055425793931
256,"18-30",-0.0260870296611589,-0.0048987772244935
256,"31-55",0.00465903384951366,1.03878717059528
256,"56-65",0.0380831476897688,1.79608576086942
256,"66+",0.00771738929553849,1.00534026768745
257,"10-17",0.0153662990623496,1.25327916607048
257,"18-30",-0.00321255445186619,-0.590136441247482
257,"31-55",0.0110843066577516,1.43991285095671
257,"56-65",0.0320957179268145,-0.0657578954212159
257,"66+",0.00762218262604407,1.42561380213892
258,"10-17",0.0331821734847215,0.540984017737522
258,"18-30",-0.015192642429105,-0.567836004879299
258,"31-55",0.000628858898480245,1.14227618407878
258,"56-65",0.0311551627816281,0.948191874398022
258,"66+",0.00350353032045794,0.777085988522474
259,"10-17",0.0243235024588752,0.482446124228197
259,"18-30",-0.0182472112773726,-0.00050995974759438
259,"31-55",0.00186783688331882,1.17705334967973
259,"56-65",0.016942035031006,0.822990927439895
259,"66+",0.00946171503634302,2.14384832646999
260,"10-17",0.0287387810221537,1.42739372033867
260,"18-30",-0.0192982364257966,0.979104388957303
260,"31-55",0.0101876477254897,1.18483110660958
260,"56-65",0.04007622013275,0.665330734943456
260,"66+",0.0152596656979055,-0.217607154639387
261,"10-17",0.0342824534043606,0.979467724039006
261,"18-30",-0.0177854819635849,-0.307934779512188
261,"31-55",0.00586525653471287,0.795052758404584
261,"56-65",0.0278553023822391,-0.168945585478163
261,"66+",0.00355520800242361,1.32554067418013
262,"10-17",0.014029369244317,0.917336235520367
262,"18-30",-0.0224534265182178,0.216088827274076
262,"31-55",0.0108721615875956,1.04242954863784
262,"56-65",0.0205986441622558,1.23743203635729
262,"66+",0.0026931133218497,0.476887147654562
263,"10-17",0.0181496803173024,0.311826059126846
263,"18-30",-0.020911637519595,-0.140256923325847
263,"31-55",0.0203808250914653,1.72638024671699
263,"56-65",0.0319673581848574,1.02733085371485
263,"66+",0.00260227122864586,0.270635838450065
264,"10-17",0.0181329718034444,0.563302238065454
264,"18-30",-0.00802220374977558,0.481723905088227
264,"31-55",0.000595780638443233,1.03345543321947
264,"56-65",0.037666608965894,-0.0513431914291207
264,"66+",-0.000937283549561754,-0.748830571961262
265,"10-17",0.0277675288949437,0.904491885873036
265,"18-30",-0.0350948198912985,0.0870826272639142
265,"31-55",0.00905182463517912,1.45046870881936
265,"56-65",0.0365629280364582,-0.146877555540762
265,"66+",0.0074830315662766,-0.550219977048558
266,"10-17",0.0212955912004165,0.555943576410269
266,"18-30",-0.0146383037585873,-0.295712335525414
266,"31-55",0.0140656426586623,1.45043360195485
266,"56-65",0.0328013886997493,1.93485487706368
266,"66+",0.00996323440049411,0.392049699987368
267,"10-17",0.0232979553195642,0.464062854260265
267,"18-30",-0.0127715128847972,-0.0882523842628267
267,"31-55",0.0145345590997512,0.654930967199299
267,"56-65",0.0294573969451193,7.69553763735331e-05
267,"66+",0.019661616525114,1.62730266000879
268,"10-17",0.0106480587649385,0.418622426397435
268,"18-30",-0.0109105882150287,0.106862988817484
268,"31-55",0.00684830503517192,0.825200990739047
268,"56-65",0.0350724604399364,0.443304903243341
268,"66+",0.00629552003952422,2.6493270684912
269,"10-17",0.0290975798466207,0.76504766422287
269,"18-30",-0.016228633113903,0.103192739207019
269,"31-55",0.0118209617661932,1.39897316094247
269,"56-65",0.0416698906796768,0.952569122732156
269,"66+",0.0111782617900224,0.447838855892757
270,"10-17",0.0310271474632003,1.36263267612639
270,"18-30",-0.0119312013909134,-0.746731648991945
270,"31-55",0.0208689894899025,0.880593203048999
270,"56-65",0.0150302156251812,0.788662655027146
270,"66+",0.00179661404996409,-0.26370365475238
271,"10-17",0.026106706729773,0.690306963124073
271,"18-30",-0.0187491222108778,-0.321041660513517
271,"31-55",0.00548953001248154,1.11054063202127
271,"56-65",0.0286238002587566,0.366381749420443
271,"66+",-0.00428477798925585,-0.861570877751571
272,"10-17",0.0195256052913002,0.657014078493865
272,"18-30",-0.0107251357065426,0.987972869044992
272,"31-55",0.010201296036992,1.46025171991863
272,"56-65",0.0249625832155129,0.770443857333595
272,"66+",0.00246570404266648,0.88382995087504
273,"10-17",0.0278421459589341,0.198646412674841
273,"18-30",-0.0167152412097175,0.457746073620891
273,"31-55",0.0101392164421034,1.19796089708359
273,"56-65",0.0303381116873575,-0.878229641042546
273,"66+",0.00913815130294414,-0.779443386652325
274,"10-17",0.0232192752103427,1.2295188680607
274,"18-30",-0.0216597809225085,0.198082082733935
274,"31-55",0.00557464234294097,1.39567092252177
274,"56-65",0.0320529373525826,-0.191549598127434
274,"66+",0.00346585732582592,0.477566907241055
275,"10-17",0.0213349477738012,1.07569094207943
275,"18-30",-0.0224572970390255,0.717417127323287
275,"31-55",0.00809528382849389,1.58742768671498
275,"56-65",0.0151977131787749,-0.219164387133668
275,"66+",0.00710788025888126,1.55434882051838
276,"10-17",0.0262004498748281,0.594305015444242
276,"18-30",-0.0167214547419741,0.332848045219341
276,"31-55",0.00885949652919427,1.06618443198878
276,"56-65",0.0149135058756574,-0.400770812343914
276,"66+",-0.000360409802596079,1.83960061571977
277,"10-17",0.0174655004769824,0.479864357779434
277,"18-30",-0.0173118125354415,0.0782705815685834
277,"31-55",0.00855457426643552,0.813151304886675
277,"56-65",0.0193328414254884,0.55649691621276
277,"66+",0.00333708991262525,1.32931430269777
278,"10-17",0.0207478103459812,0.689642997133538
278,"18-30",-0.0285923304392699,-0.233795460858024
278,"31-55",0.0179325742214718,0.558792082661615
278,"56-65",0.00444268217948324,0.289116061185311
278,"66+",0.00654043161528514,1.83805865903988
279,"10-17",0.0190094715664941,0.613232328838438
279,"18-30",-0.0162400688546249,0.29542722282091
279,"31-55",0.014857067392583,1.67560490769579
279,"56-65",0.0364025280350345,-0.0332533728211892
279,"66+",0.00628122404679239,2.79667772551573
280,"10-17",0.0328804418013032,1.34597626685613
280,"18-30",-0.0207135412836891,-0.0418243345001788
280,"31-55",0.00834022059657502,0.970628713179668
280,"56-65",0.025212516760322,1.63485377646952
280,"66+",0.00826575267975541,2.24173740108975
281,"10-17",0.0267992903996248,0.523351156173023
281,"18-30",-0.0203298621101709,0.427110638689104
281,"31-55",0.0153075097751587,1.02654651069157
281,"56-65",0.0257161686348072,0.738758483722302
281,"66+",-0.00130496263534136,2.06860299989274
282,"10-17",0.0243680416457889,0.748601334815246
282,"18-30",-0.0165933304042744,0.27154853678004
282,"31-55",0.0108078115976885,0.906096470404643
282,"56-65",0.0296437667476781,0.108444433232325
282,"66+",0.00157016133254391,1.31502260388418
283,"10-17",0.0214593044615483,0.419588965290298
283,"18-30",-0.0208745372254894,0.445094019940566
283,"31-55",0.0170064163449946,1.33689959602244
283,"56-65",0.0333449856191868,-0.47330600996859
283,"66+",-0.00303295861717098,1.1687112307557
284,"10-17",0.0287802910540761,0.547578140160388
284,"18-30",-0.0200295374326295,0.221256642474433
284,"31-55",0.0103994276775735,1.10277405991543
284,"56-65",0.0271847664843148,0.688211887898575
284,"66+",0.00108039205855411,0.665779915815838
285,"10-17",0.0120916729745537,0.328576779082296
285,"18-30",-0.0159308957015804,-0.073655849131578
285,"31-55",0.00578916813553609,1.40927314165445
285,"56-65",0.0305692141934846,0.464722375241974
285,"66+",0.0128977842478556,1.56580663238259
286,"10-17",0.024971583234218,1.02722206462023
286,"18-30",-0.0132070719348036,1.13920080159375
286,"31-55",0.0126351231805515,2.04625921688603
286,"56-65",0.0289769592273751,1.13223768136687
286,"66+",-0.0025113012211009,0.0809434152311805
287,"10-17",0.0251400097779427,0.524259244172709
287,"18-30",-0.0120093043902141,0.155565659268129
287,"31-55",0.00596949273460806,1.06747376320065
287,"56-65",0.0207174254362845,-0.0348172935544362
287,"66+",0.00612068766020152,2.48209971783271
288,"10-17",0.0227041910549299,0.446380609537721
288,"18-30",-0.0167953653719768,0.362950466403975
288,"31-55",0.0137348902819402,1.09009291455781
288,"56-65",0.0310367886609139,0.924506069420779
288,"66+",0.0122618476721266,0.818147330802388
289,"10-17",0.0274273406508793,1.42957262340864
289,"18-30",-0.0250170848547724,0.592778373703018
289,"31-55",0.008263855070062,0.958938681921939
289,"56-65",0.0420212169703294,0.841915778120695
289,"66+",-0.00233155834215022,-0.893003330892144
290,"10-17",0.0247376054509077,0.479057567418654
290,"18-30",-0.00748395970799282,0.484490020348737
290,"31-55",0.0137654227087968,1.7756496531911
290,"56-65",0.0272027354890641,1.09433925345028
290,"66+",-0.000228340338467067,0.488728439711652
291,"10-17",0.0210785986344699,0.765681449826437
291,"18-30",-0.0106407055172886,-0.183016156607287
291,"31-55",0.0168319154755593,0.795441481984614
291,"56-65",0.0230360750948392,0.316635724929366
291,"66+",0.0122136782186791,0.43416448559327
292,"10-17",0.0240860590170853,0.565563405007945
292,"18-30",-0.0291665497333606,0.740089321167821
292,"31-55",0.0192780578324627,1.33450131982287
292,"56-65",0.0118668805344688,0.392019106077784
292,"66+",0.00628624087380941,2.24950097201449
293,"10-17",0.013316686258972,0.835213755455654
293,"18-30",-0.00543927600948968,0.0571538205905373
293,"31-55",0.00291667678930202,0.945559153012221
293,"56-65",0.0297820602625382,0.341127611984529
293,"66+",0.00316416347269678,2.04219639520798
294,"10-17",0.0231941635166455,0.657938007485261
294,"18-30",-0.00880317459415531,0.726638164843786
294,"31-55",0.00827282752777647,1.17241077997042
294,"56-65",0.016042622920578,0.966710484421094
294,"66+",0.00465667250244538,-0.752690012505486
295,"10-17",0.0216518692165173,1.25661291293173
295,"18-30",-0.00885837881026275,0.951233239083363
295,"31-55",0.0104249476446308,1.00370116101644
295,"56-65",0.0347508170563682,-0.502328762302849
295,"66+",0.00878262083136105,1.9465101442992
296,"10-17",0.0283198199198368,0.946312484407671
296,"18-30",-0.0143082590870932,-0.0684305959078788
296,"31-55",0.0192230383055767,0.92428129399034
296,"56-65",0.0317762418305635,0.664505463490793
296,"66+",0.0041967539466664,0.298025409530267
297,"10-17",0.0231905940120209,1.21206342658384
297,"18-30",-0.0135483990438623,-0.208894614294344
297,"31-55",0.0163186426555418,1.23587792793981
297,"56-65",0.0307795786208432,0.976533362798389
297,"66+",0.00562746381110921,-0.327646021615251
298,"10-17",0.019181362976898,0.43826743579266
298,"18-30",-0.0268527143254113,0.510445721322389
298,"31-55",0.00292753077684643,1.04540365853905
298,"56-65",0.0379780487357177,0.493098500662008
298,"66+",-0.0023229989749485,2.03246801657825
299,"10-17",0.0149305640128488,0.303926807214499
299,"18-30",-0.0135540740715679,-0.12825433483024
299,"31-55",0.00526002204233361,1.52621681499614
299,"56-65",0.0272466340029632,1.52418620664143
299,"66+",0.0144680055410376,1.77918594766645
300,"10-17",0.0247105108273193,0.357286139915307
300,"18-30",-0.0279533461853589,-0.446588813859412
300,"31-55",0.00565268751662729,0.483882700068513
300,"56-65",0.0379034330541161,-0.432211116415203
300,"66+",0.00705448079293425,1.43467148801333
301,"10-17",0.0139852283188461,0.443732599593151
301,"18-30",-0.0198778227176896,-0.52263487964715
301,"31-55",0.0135303668218494,1.15544298910402
301,"56-65",0.0254562364817322,-0.186825498224414
301,"66+",0.00250656313735058,0.230559787967101
302,"10-17",0.0203327838082061,0.560856670872242
302,"18-30",-0.0160079625427469,-0.541496282320203
302,"31-55",0.0130682408229403,0.77774118244427
302,"56-65",0.0231470816855415,1.01038218647762
302,"66+",0.00437321912183261,1.32174842254824
303,"10-17",0.0264969445375712,0.82101562104285
303,"18-30",-0.018256690430276,-1.17142998318633
303,"31-55",0.0113957021898444,0.833916916108967
303,"56-65",0.0330523926306586,-0.832922600540346
303,"66+",-0.0105194489557086,0.161117429342081
304,"10-17",0.0266045041232086,1.09399104215936
304,"18-30",-0.0126944806517956,-1.03114057882641
304,"31-55",0.0111158502402264,1.27721040129962
304,"56-65",0.0282234892942029,1.10122490915653
304,"66+",0.0103682766205981,1.63421857740843
305,"10-17",0.020908399663605,0.683790649042013
305,"18-30",-0.00207332386189146,0.366736846594012
305,"31-55",0.00149463697517793,1.77851313471256
305,"56-65",0.0244234946607393,0.961422962867394
305,"66+",0.00618178783967578,0.530633211929715
306,"10-17",0.0252173114570098,0.468296456028972
306,"18-30",-0.0107105324076311,-0.472919788778334
306,"31-55",0.00791506630668531,1.07030201731118
306,"56-65",0.0269345373317185,0.214326276047652
306,"66+",0.00629461948089854,-0.208396437783785
307,"10-17",0.019233434133683,0.524217508389296
307,"18-30",-0.0240408627412195,0.567498132790172
307,"31-55",0.00535657101221537,1.68679609088269
307,"56-65",0.0285394529761044,0.132695031727469
307,"66+",0.0110310363522482,0.345362454033923
308,"10-17",0.0223727781566134,0.196582941380407
308,"18-30",-0.00746150777225613,0.174209142781258
308,"31-55",0.0117327190816388,2.06749166515105
308,"56-65",0.0386460160581824,-0.60548071618113
308,"66+",0.0111986481463251,1.62444650632693
309,"10-17",0.0131618129534163,0.701924459516587
309,"18-30",-0.00868816036479902,0.770658826897245
309,"31-55",0.0136809274840671,1.53727955300964
309,"56-65",0.0246217985261729,1.27802697166224
309,"66+",0.00431684068428848,0.403884140331138
310,"10-17",0.018921423165332,0.816844502618371
310,"18-30",-0.00280249180143349,-0.89760642632057
310,"31-55",0.0103778821167808,0.661388930152322
310,"56-65",0.0219549902988503,-0.244791559095338
310,"66+",-0.00737043193811494,0.322497518078951
311,"10-17",0.019628612816523,0.47443565849141
311,"18-30",-0.0147153867324084,-0.324673878619835
311,"31-55",0.0119474616577733,1.30008186884922
311,"56-65",0.0441482161928511,0.934617668740291
311,"66+",0.0080689516832093,0.525752006109183
312,"10-17",0.019851117612899,0.335663424946286
312,"18-30",-0.0198848657010059,0.383455790202497
312,"31-55",0.0138265484169985,0.861621800645468
312,"56-65",0.0234349844049815,0.784747035926948
312,"66+",0.00565612543803157,-0.242210517816293
313,"10-17",0.0330043123247474,0.0478152404960213
313,"18-30",-0.0145471903041376,0.246482413392856
313,"31-55",0.0172780624567379,1.13965505407136
313,"56-65",0.020901511728364,0.526842513207798
313,"66+",8.12746082591298e-05,-0.0878083355276509
314,"10-17",0.0204363227105475,0.787168211439531
314,"18-30",-0.0199441666713591,-0.258101444484183
314,"31-55",-0.000764635262637536,1.05769884392049
314,"56-65",0.0190907820407459,0.302585551749036
314,"66+",-0.000195176195704597,0.840255165471865
315,"10-17",0.0188844792103119,0.438374855361993
315,"18-30",-0.0257562447695863,-0.347919316937199
315,"31-55",0.00374721718017473,1.01112941087064
315,"56-65",0.0183363547150107,0.624345377464724
315,"66+",0.005948042076062,0.246568230656186
316,"10-17",0.0166801145144188,0.55572650427916
316,"18-30",-0.0191849537508814,0.514036084299038
316,"31-55",0.00678393397093607,1.17687600411708
316,"56-65",0.0180832285909129,0.653991349637183
316,"66+",0.00065046197136398,1.62928090335572
317,"10-17",0.0235168262359846,0.280684073619064
317,"18-30",-0.00975879386465334,-0.102200237429319
317,"31-55",0.0133753817272324,1.62195747817928
317,"56-65",0.018829940838804,-0.0235315230614113
317,"66+",-0.00693028127594625,1.61163784081648
318,"10-17",0.0213484038835186,1.30229419209375
318,"18-30",-0.0187983582959424,0.0798889794785325
318,"31-55",0.00485835782000554,0.945693149040371
318,"56-65",0.0251051416044659,0.699977123323897
318,"66+",0.0158781396801882,2.18984270629834
319,"10-17",0.0145281971185471,0.776028722155522
319,"18-30",-0.018336386511991,0.4610110262888
319,"31-55",0.0059418262871016,1.54245855263106
319,"56-65",0.0307014471185064,0.387117421481491
319,"66+",-0.00111078177818474,-0.170687390532493
320,"10-17",0.0325910359559046,0.596086095078211
320,"18-30",-0.0269277327249091,-0.477081485017814
320,"31-55",0.00324579793203916,1.30754809479384
320,"56-65",0.0267886990099558,0.0500396679658177
320,"66+",0.00498906256835986,-0.256731598393849
321,"10-17",0.0171868162981014,0.346572290986608
321,"18-30",-0.025242147752309,0.142478545342987
321,"31-55",0.0127501471462613,1.31923717775269
321,"56-65",0.0419813263932699,1.84355433927728
321,"66+",-0.000445616488604347,0.0425437687434371
322,"10-17",0.0212556127115331,0.241800400188263
322,"18-30",-0.0130757240158945,0.315116395957586
322,"31-55",0.0125653597454103,1.05098108545751
322,"56-65",0.0133339817426097,-0.31020116580569
322,"66+",0.00539716344057699,-0.825865483862515
323,"10-17",0.0185641018292215,0.799284915392573
323,"18-30",-0.021201590601233,-0.117916614713808
323,"31-55",0.00279020676288044,1.53289889230208
323,"56-65",0.0332618707912604,0.793601231107834
323,"66+",0.014626903143911,1.4332741733113
324,"10-17",0.0316922293898422,0.429538399166426
324,"18-30",-0.0171129062686919,-0.470841615803815
324,"31-55",0.0105444693640661,0.810080340037489
324,"56-65",0.0228734401184666,0.403834952244129
324,"66+",0.00369474652196902,2.23039896571484
325,"10-17",0.0290080223265582,0.816157528279649
325,"18-30",-0.025429404533295,0.419830855202584
325,"31-55",0.0171562461303523,0.575835816132637
325,"56-65",0.0259367973589405,0.839294017669651
325,"66+",0.0100964567186914,0.471746632195659
326,"10-17",0.0216443123304522,0.630197784882444
326,"18-30",-0.0184005732793107,-0.969205698517991
326,"31-55",0.00871799243502897,1.146582875445
326,"56-65",0.0398463889676917,0.947647231280209
326,"66+",0.00255362378318881,1.31566742039781
327,"10-17",0.0161624953034576,0.763295890426403
327,"18-30",-0.0265832148977144,-0.420396482714381
327,"31-55",0.00528493877730801,0.776963562802514
327,"56-65",0.0406667832114833,-0.112320767914245
327,"66+",0.010136495551481,1.95338326778385
328,"10-17",0.0254061026539221,0.516856348701623
328,"18-30",-0.0198683060190131,1.06041175500583
328,"31-55",0.0190588631247319,1.73804558846751
328,"56-65",0.0316062754749546,0.663226900540041
328,"66+",0.0033775701589327,-0.316601088985383
329,"10-17",0.0256018071034087,0.532206917623814
329,"18-30",-0.0236044591876685,-0.105591034446372
329,"31-55",-0.00232401680383698,1.44232992814411
329,"56-65",0.0206939746775358,0.450826175980174
329,"66+",0.00988602722958869,1.98526528633263
330,"10-17",0.0248533698856308,1.2820517893515
330,"18-30",-0.0260977181118106,-0.353871477177218
330,"31-55",0.00964148358335337,1.82634915977019
330,"56-65",0.0338145593530587,-0.30827583193933
330,"66+",0.00706918993001536,1.29603635666651
331,"10-17",0.0238109400152519,0.619081069056779
331,"18-30",-0.0149948003071833,0.356148762620082
331,"31-55",0.00359197890495599,1.30673260072096
331,"56-65",0.026331681599147,0.251804548826703
331,"66+",-0.00281139819950152,0.942658391597851
332,"10-17",0.0166530479021084,0.101519912259864
332,"18-30",-0.00667533290607303,-0.256113093822773
332,"31-55",0.00769977723130311,0.844533166685654
332,"56-65",0.0194665356108951,-0.56167797918088
332,"66+",0.00692204806257855,0.578287226915871
333,"10-17",0.0224857538066715,0.605330927352482
333,"18-30",-0.0179738009000686,0.779483778823165
333,"31-55",0.0194092351970697,1.54664056693315
333,"56-65",0.0291723550163459,0.608777265741697
333,"66+",0.00596437768296861,2.97847670099712
334,"10-17",0.0265974048522856,0.684973310766935
334,"18-30",-0.018042199384654,-0.826732350923374
334,"31-55",0.015793965835091,1.79611925138072
334,"56-65",0.0168861004925215,0.765810934263659
334,"66+",0.00292082594521213,-0.406248138128179
335,"10-17",0.021514187411642,0.559493003804183
335,"18-30",-0.0192454888816456,-0.175906094473516
335,"31-55",0.0058769487703163,1.8537663713157
335,"56-65",0.0299216769790127,0.402284515600623
335,"66+",-0.00133118593117999,-0.850936995405924
336,"10-17",0.0259282771952837,1.17343901450663
336,"18-30",-0.0203642558741509,0.27270772208721
336,"31-55",0.0132010808046164,1.52902143725396
336,"56-65",0.0253724604260779,-0.160021186009532
336,"66+",0.000468212409834592,2.07551537596927
337,"10-17",0.0145587527543047,0.635380232966558
337,"18-30",-0.0239450886531382,-0.222508718489888
337,"31-55",0.00340932587764065,1.89064749935672
337,"56-65",0.0459868495473718,1.13206153064439
337,"66+",0.000935271296504697,1.01761953866237
338,"10-17",0.0236873459731873,0.494306935962127
338,"18-30",-0.0304549278492131,-0.0982748217113816
338,"31-55",0.0100801854988026,0.713893339244613
338,"56-65",0.0304400696094974,0.41537291049119
338,"66+",0.00542300569093279,-0.23921014613108
339,"10-17",0.0276227720915861,0.521575800615563
339,"18-30",-0.0175900786430535,1.31586776286537
339,"31-55",0.00993293002737711,1.3347083022483
339,"56-65",0.0344363810992236,1.57669866775804
339,"66+",5.94684941516987e-06,0.499308582164407
340,"10-17",0.0232387223010947,0.455102791430561
340,"18-30",-0.0135439991260954,-0.145309908530246
340,"31-55",0.0161341481329856,1.61458110377414
340,"56-65",0.0301605447020665,0.512050518395974
340,"66+",0.0193084097861935,-0.103753587892657
341,"10-17",0.0210177466874693,1.27077457433345
341,"18-30",-0.0224863794488779,0.258005676365654
341,"31-55",0.00402846905243737,1.9419232806967
341,"56-65",0.0343917610135469,0.350422493952863
341,"66+",0.00424887409462771,1.59656708601607
342,"10-17",0.0229441016246475,0.356777709769111
342,"18-30",-0.0184882263711914,-0.544817712648728
342,"31-55",0.0101992051672263,0.865684129295612
342,"56-65",0.022729348700416,0.293091836259281
342,"66+",0.0040556114406477,-0.914829331229909
343,"10-17",0.0270470965087233,0.505790273063127
343,"18-30",-0.0221006190920794,0.578423379263091
343,"31-55",0.0163849123128366,0.815190824187431
343,"56-65",0.0389036219873645,0.263856417414742
343,"66+",0.00555371160757007,-1.6071741426887
344,"10-17",0.0243111568283234,0.0200323796226041
344,"18-30",-0.0214749723954924,0.342151106394814
344,"31-55",0.012562986596172,1.44266147477067
344,"56-65",0.0348345510642903,-0.714089304205938
344,"66+",-0.00517658766652412,-0.975263057239305
345,"10-17",0.0143439448995604,-0.0584045334800152
345,"18-30",-0.0270815428154488,0.542822812420027
345,"31-55",0.00953574561563003,1.01606802837186
345,"56-65",0.028201330579998,0.150338542194332
345,"66+",-0.00123806157021787,-0.296369868910165
346,"10-17",0.0344626679232167,1.48791652273963
346,"18-30",-0.0175289051026231,0.362487567748142
346,"31-55",0.00180500289120628,1.00776398469692
346,"56-65",0.0139769445753585,0.372213574871923
346,"66+",0.00407736091064871,-0.428408562531455
347,"10-17",0.0329501743461882,1.23428934847028
347,"18-30",-0.0186252794577853,1.04915894112056
347,"31-55",0.0104856817961854,1.2199789297737
347,"56-65",0.0151848378727535,0.524568899264111
347,"66+",-0.00125034613315152,3.03489100522589
348,"10-17",0.0248806152185298,0.711930198312522
348,"18-30",-0.0237345867028045,0.175924481077033
348,"31-55",0.0126302055593458,0.640064670461211
348,"56-65",0.0240908540140054,-0.56487074803823
348,"66+",-0.000619641015956268,-1.3339012069775
349,"10-17",0.0144682932274972,0.375905146614211
349,"18-30",-0.0131706957739957,0.926836481856869
349,"31-55",0.00279144416073218,0.767004716600658
349,"56-65",0.0320518510716543,1.22849745359761
349,"66+",0.0133181295719199,-0.907785090440735
350,"10-17",0.0291943358449311,0.539691717336805
350,"18-30",-0.00638733596634522,0.527442607390853
350,"31-55",0.0102817960827334,0.820497013711709
350,"56-65",0.0256623696928945,0.96621345981586
350,"66+",0.00826496144002362,-0.303615984960022
351,"10-17",0.0223275706554787,0.647017757981747
351,"18-30",-0.0217889669134657,-0.765651402236063
351,"31-55",0.0124979252059603,1.36331339832568
351,"56-65",0.032272463237804,0.290258054918381
351,"66+",0.00223735167440783,1.39271575977547
352,"10-17",0.0337488639551353,0.776946032020385
352,"18-30",-0.0177461110432174,0.0968795554549136
352,"31-55",0.00973811274343217,0.545486617298652
352,"56-65",0.0188138859380557,1.16639486047021
352,"66+",0.00518912287108741,0.796819491892775
353,"10-17",0.0162851597453743,0.379272398458457
353,"18-30",-0.024398452181544,0.54168873146377
353,"31-55",0.0163407324622727,1.39717154971391
353,"56-65",0.0238992083212796,0.794186768838966
353,"66+",0.00665392862361963,0.829727017224792
354,"10-17",0.0184039689707689,0.296302322868255
354,"18-30",-0.0214231014879999,-0.754026848968516
354,"31-55",0.0180244872388806,1.62839048534419
354,"56-65",0.0340481329079416,0.620262203113359
354,"66+",0.002746431297037,-0.689525787789496
355,"10-17",0.023299297108324,0.709616025191938
355,"18-30",-0.0210857008281821,-0.594782910252805
355,"31-55",0.00777355500196458,0.416717456122825
355,"56-65",0.0263251845010651,-0.724138636525211
355,"66+",0.00120817509987993,1.78438463416792
356,"10-17",0.026958883774357,0.755967005277419
356,"18-30",-0.0110458834415206,-0.00413776253526343
356,"31-55",0.0120247890496697,1.26564090556996
356,"56-65",0.0176029374305681,-0.472159750896015
356,"66+",0.00170032014201159,1.33423649226883
357,"10-17",0.0245555927818272,1.17024633830754
357,"18-30",-0.0165983343079802,0.566920503231907
357,"31-55",0.00479867504670428,1.34794399446447
357,"56-65",0.0349872244521348,0.678596008883472
357,"66+",0.0182067506524751,1.00658200124368
358,"10-17",0.0203032650523494,0.370361324206947
358,"18-30",-0.0133648893722903,0.703075052911149
358,"31-55",0.0130853437481709,1.31444238406448
358,"56-65",0.0295603970003807,0.24899562880425
358,"66+",0.00831276726763683,-0.000385530611943352
359,"10-17",0.0205288688683222,0.269268868981984
359,"18-30",-0.017484207516403,0.922839788134725
359,"31-55",0.0132250794996755,1.25308344113802
359,"56-65",0.0308090463084658,0.271455232112588
359,"66+",0.00319915832360328,0.999857445387796
360,"10-17",0.029544241829695,0.820587554835483
360,"18-30",-0.0215466593583842,0.509001257432832
360,"31-55",0.0176922669440469,1.52043728495325
360,"56-65",0.0275711665945983,1.16316410119062
360,"66+",0.00672614073820986,-1.74670422473145
361,"10-17",0.0279621610254492,0.808025912924704
361,"18-30",-0.00123727904894622,-1.6049358293535
361,"31-55",0.0134123438429822,1.24223539621486
361,"56-65",0.0234695140259313,0.791257969683739
361,"66+",0.00599043388730881,0.323078314126562
362,"10-17",0.0216706876835698,1.17806780533421
362,"18-30",-0.0146755699879226,-0.648937287908039
362,"31-55",0.0109597020351627,1.09684748789426
362,"56-65",0.0375460342636612,-0.417012772134836
362,"66+",0.0100924915853529,0.33262781195563
363,"10-17",0.023697329229486,0.763302001053686
363,"18-30",-0.00754651950022039,1.37720712704069
363,"31-55",0.0110895261968861,1.86761280491774
363,"56-65",0.0312132299951184,1.00457794615433
363,"66+",0.00595732114737881,1.37927594589637
364,"10-17",0.023272340997613,1.1195983523377
364,"18-30",-0.0217718059470068,-0.883690922930857
364,"31-55",0.0134899834595479,1.16620189982775
364,"56-65",0.0284653798886405,0.437953911551304
364,"66+",0.00116704580112574,-0.150499146856403
365,"10-17",0.0265949199566003,1.49316786818437
365,"18-30",-0.0213189028908166,0.79620979445199
365,"31-55",0.00121127852257991,0.651948540269547
365,"56-65",0.0267712959922817,0.873151398563763
365,"66+",0.00240339044958926,0.21121310610703
366,"10-17",0.0239069129138617,0.947113837562772
366,"18-30",-0.0122431050303695,0.906367803089971
366,"31-55",0.0148876602949371,1.74844706106082
366,"56-65",0.0350963812753038,1.29433766134791
366,"66+",0.00669394211415084,1.35864551971651
367,"10-17",0.0109342736726146,0.840229238973178
367,"18-30",-0.0134112036270055,0.306754492735934
367,"31-55",0.0150682762859084,1.44071466465796
367,"56-65",0.0285230340542498,0.833417370467648
367,"66+",0.00124767440912754,1.80852812621535
368,"10-17",0.0157861223240341,0.61403004249521
368,"18-30",-0.0151571200030621,-0.428511970386314
368,"31-55",0.0136987301923554,0.47731556172158
368,"56-65",0.0285612219634376,0.358419867877295
368,"66+",-0.00148437814311309,1.22454330656584
369,"10-17",0.0258868191276218,1.19075749410325
369,"18-30",-0.0189494704987981,0.271851100909634
369,"31-55",0.0155089638306786,0.939029838290287
369,"56-65",0.014874803093105,0.842787340154642
369,"66+",0.00819724297630092,-0.81139028058659
370,"10-17",0.018156636809085,1.19552970653893
370,"18-30",-0.00245676359994162,-0.884255432887198
370,"31-55",0.0167263769024537,1.2813239685746
370,"56-65",0.0296534795596905,0.880773879469109
370,"66+",0.000382423578222491,-0.253890865267792
371,"10-17",0.0213139299916379,0.343307806495174
371,"18-30",-0.0101098186518018,-0.449040404669599
371,"31-55",0.019210989221132,1.37329434304616
371,"56-65",0.0232168514175108,0.0613410243168921
371,"66+",0.0064666858383645,2.02908227917554
372,"10-17",0.0270039710286751,0.740858581823382
372,"18-30",-0.0145236024643701,-0.43487656071124
372,"31-55",0.00563518638264326,2.08230210297408
372,"56-65",0.0253380806292603,0.253933759274277
372,"66+",0.00324090546481239,-0.515304293834769
373,"10-17",0.027736470162271,0.825854036343967
373,"18-30",-0.00535423164681265,0.119842191765093
373,"31-55",0.0102389639435723,0.83475503793192
373,"56-65",0.0292080534565098,1.51753152508579
373,"66+",0.00382757195699655,2.03670060522847
374,"10-17",0.0190243252758797,0.767126710835329
374,"18-30",-0.0317680395643392,-0.0808754483310512
374,"31-55",0.0048127900870214,0.765810282519356
374,"56-65",0.0321878483195605,0.272819616894186
374,"66+",0.00506786517282322,1.39272669290264
375,"10-17",0.0111452497952094,0.128833606855867
375,"18-30",-0.0136398786836151,-1.01561753810299
375,"31-55",0.0138376105824586,1.76251754701064
375,"56-65",0.0265479157040914,0.0885701387184614
375,"66+",0.00992026768270918,2.64209469575953
376,"10-17",0.0227389384626271,0.76506455302626
376,"18-30",-0.0150588256470096,-0.910108201363638
376,"31-55",0.00951148885356812,1.42167867044539
376,"56-65",0.0335060540482751,0.174032391050897
376,"66+",0.00512928431173462,1.57795076948681
377,"10-17",0.0245308616237237,1.2383775939872
377,"18-30",-0.0236533788476155,0.403521590655446
377,"31-55",0.014756945169129,1.09541418661884
377,"56-65",0.0395082855365775,0.73253209751571
377,"66+",-0.00468245303336035,-0.0511738606884187
378,"10-17",0.0266843169388586,0.549821333789079
378,"18-30",-0.0402227472053305,-0.318240318456555
378,"31-55",0.0142522495407895,2.08109476242145
378,"56-65",0.0310796094711383,-0.219538948312014
378,"66+",0.00175996390825518,0.219239990995055
379,"10-17",0.00872007249637047,0.635579513765283
379,"18-30",-0.00512783011422291,0.56141833471233
379,"31-55",0.00627809027618254,1.18044328031652
379,"56-65",0.0264819147933527,1.60991429104722
379,"66+",0.00342259442582184,1.02522446764359
380,"10-17",0.0208024997230222,0.89422418719874
380,"18-30",-0.0178318379514978,-0.177582140150703
380,"31-55",0.0060644472704196,1.53108157478448
380,"56-65",0.0238716397732286,0.430904508800165
380,"66+",0.00662250288865822,1.39744033591185
381,"10-17",0.0187441533625912,1.46887723586162
381,"18-30",-0.0200458418012731,0.31536595692145
381,"31-55",0.0130808923489771,1.66518715686735
381,"56-65",0.0305257905480575,-0.0470965938363062
381,"66+",0.00605546488386115,0.23776999613237
382,"10-17",0.017550098695392,0.786752710150973
382,"18-30",-0.0105907418803599,1.30543024618392
382,"31-55",0.00940172455218558,1.41683179595786
382,"56-65",0.0290850818226362,0.526364673409427
382,"66+",0.000210900219642582,0.745591126609282
383,"10-17",0.013677110299208,0.638164175478323
383,"18-30",-0.020123472979294,-0.151040170779018
383,"31-55",0.0100911840125715,1.6041509418905
383,"56-65",0.0171819361295814,0.568125631775093
383,"66+",0.00603060719121364,0.650359035318262
384,"10-17",0.0215233971304612,1.14581059305087
384,"18-30",-0.0133441942024752,-0.171084224667833
384,"31-55",0.00982172631414363,1.14417464494052
384,"56-65",0.0333963747036848,0.746946656744447
384,"66+",0.0089000564952823,0.258778049449823
385,"10-17",0.0128888069521564,0.769177839055753
385,"18-30",-0.0263504251228837,-0.0850249516016337
385,"31-55",0.00648353642467331,1.95977841920247
385,"56-65",0.0259785147275212,0.191227242788253
385,"66+",0.00062945469442402,-0.704862224379125
386,"10-17",0.0234306840619766,0.513704479619301
386,"18-30",-0.025268372127012,0.445622845236329
386,"31-55",0.0127478431252684,0.684218339895958
386,"56-65",0.0445470831430884,-1.04025412677352
386,"66+",0.00363914201341527,0.729675648151147
387,"10-17",0.0152961438670136,1.18744744320482
387,"18-30",-0.0338713712598538,0.204499500406028
387,"31-55",0.0036592605117608,1.33970648136474
387,"56-65",0.027118978991297,-0.582804728156638
387,"66+",0.00889315408833827,-0.246971630681129
388,"10-17",0.0353913604093933,0.471410192276377
388,"18-30",-0.0186394522882438,0.330669156611517
388,"31-55",0.0126442958084075,0.381951498781328
388,"56-65",0.0352790229376843,-0.256073457684787
388,"66+",0.0051816508442362,1.14462301165461
389,"10-17",0.0189724816905132,0.541126132911263
389,"18-30",-0.0112330332457363,1.40539427338038
389,"31-55",0.0103324459647194,1.51341078758274
389,"56-65",0.0347309462568116,0.868713605416191
389,"66+",-0.000154294088865539,-0.114609923021776
390,"10-17",0.0152999478230557,0.673406324560419
390,"18-30",-0.0178636648513425,0.623969648413194
390,"31-55",0.00756523512197199,0.602115256165568
390,"56-65",0.0163997277363082,-0.45266297554361
390,"66+",0.00412289606703653,-0.0185446149891479
391,"10-17",0.0229990355115399,0.880250256830579
391,"18-30",-0.0257041054116555,-0.143271963649498
391,"31-55",0.0104210341180384,0.997869108473266
391,"56-65",0.0297500395277913,1.12283117232827
391,"66+",0.000180764382894494,2.80318737256676
392,"10-17",0.0348959891255476,1.06049635729216
392,"18-30",-0.0156461878103743,1.06992349303109
392,"31-55",0.0184841457263922,0.982666938605361
392,"56-65",0.0346759722783356,0.989706949018759
392,"66+",0.00720230993976087,0.383980165201857
393,"10-17",0.0204826130869427,0.620142198516585
393,"18-30",-0.0230415907844963,-0.234957500488076
393,"31-55",0.014557580781108,1.32197164984221
393,"56-65",0.0225179496793343,1.02632652201028
393,"66+",0.00432660940336649,2.04043910642453
394,"10-17",0.0314333962514382,0.821736533489741
394,"18-30",-0.0263056058646585,0.97255957791182
394,"31-55",0.0167035825299778,1.97213183889945
394,"56-65",0.0351717484326937,1.58754165515122
394,"66+",-0.000655891841183739,0.29497251022002
395,"10-17",0.0222469128539012,1.00515532569671
395,"18-30",-0.0243694532846666,-0.899204024711381
395,"31-55",-0.00129162895528245,1.14184455037491
395,"56-65",0.0265436764270294,0.417646412016449
395,"66+",0.00194236956763755,0.353627978178988
396,"10-17",0.0341720787320539,0.358413655636161
396,"18-30",-0.0251696515759378,-0.572533930370701
396,"31-55",0.0152680649138272,0.578909601927927
396,"56-65",0.0283639027591152,0.307846862081297
396,"66+",0.000162646838743785,0.383922715934986
397,"10-17",0.0203238524465499,0.941016100334526
397,"18-30",-0.0137075415269791,0.240138447685663
397,"31-55",0.00748350680774906,1.52292176638344
397,"56-65",0.0228794476829909,0.489825757920173
397,"66+",0.00534773815437839,2.32597922816716
398,"10-17",0.0269074226959099,0.759100189145083
398,"18-30",-0.0150846932121677,0.0195797218496292
398,"31-55",0.0162467198876382,1.33920544633262
398,"56-65",0.0256656583133958,0.985956357090876
398,"66+",0.00805315573597715,1.57306997473675
399,"10-17",0.0300164066095348,0.84382063913461
399,"18-30",-0.0264841303001333,0.27873402079295
399,"31-55",0.00944880148575178,0.757742100280243
399,"56-65",0.0319091421072194,-1.17465377408158
399,"66+",0.00433145023033998,0.566399142081575
400,"10-17",0.0187831472922005,0.49278914478994
400,"18-30",-0.0146878290940993,-0.00766621110123111
400,"31-55",0.00258306471110309,0.751920192075943
400,"56-65",0.0262209875503797,0.527088719859211
400,"66+",-0.00265640572732803,0.897334735258342
401,"10-17",0.0178306965293383,0.884388718033558
401,"18-30",-0.0246911153497725,-0.475106326720317
401,"31-55",0.0138724084489626,2.32303232895187
401,"56-65",0.0366356954970366,0.719458353153001
401,"66+",-0.00520745225458931,0.275155079085961
402,"10-17",0.0210610415831969,0.390658063605924
402,"18-30",-0.0135084412350943,-0.604990425964969
402,"31-55",0.0144967571438924,1.36123484215943
402,"56-65",0.0197276944239672,0.528277911645038
402,"66+",0.00261247647512688,1.14068448658958
403,"10-17",0.0223871504849041,0.325197667119602
403,"18-30",-0.00144838464224667,0.0466153764085302
403,"31-55",0.0120490514894095,0.749473614248386
403,"56-65",0.0262942470890414,0.227927681926433
403,"66+",0.0107748801345054,1.84242511003765
404,"10-17",0.0195265909371279,1.03715083704059
404,"18-30",-0.0132069401226564,0.0361424550745042
404,"31-55",0.00910362843830242,1.14153740769663
404,"56-65",0.0144113543825714,-0.723318007122192
404,"66+",0.011122445395564,2.01621139367084
405,"10-17",0.0241776159505229,0.604540530219557
405,"18-30",-0.0331805279324101,-1.03762958211531
405,"31-55",0.0106878420259948,0.697319381593875
405,"56-65",0.0315046057284149,1.58741860695723
405,"66+",0.0144416375523048,1.74406902539929
406,"10-17",0.0219181329280765,0.958933697859157
406,"18-30",-0.0205004608943395,1.29762071050586
406,"31-55",0.00648503302525044,1.56857697754245
406,"56-65",0.0274751951715096,0.529307722326532
406,"66+",0.00551431115436618,-0.233319710599126
407,"10-17",0.0242657403742585,0.793282800287272
407,"18-30",-0.0163325547622013,0.290383186346116
407,"31-55",0.0108061376654657,2.02330032915446
407,"56-65",0.0395717867737941,0.299013191294495
407,"66+",0.00175475500581423,1.10022858793241
408,"10-17",0.0299357262320315,1.04729176925424
408,"18-30",-0.0248133035761773,1.52660479500287
408,"31-55",0.0105713182591466,0.832389732584199
408,"56-65",0.0250699546645935,0.548789335919883
408,"66+",0.00232753459383717,0.46987784015681
409,"10-17",0.0210510499740921,0.18904028698817
409,"18-30",-0.0256412270326368,-0.376310092789987
409,"31-55",0.00952473349935912,0.531716433013385
409,"56-65",0.0308104848472385,0.971529932265193
409,"66+",0.00454150833518956,0.541296090710235
410,"10-17",0.0144794345884944,0.525971277563847
410,"18-30",-0.0252281482812551,0.619457963513941
410,"31-55",0.0119593469927552,2.26220250428622
410,"56-65",0.0194519115123134,-0.109012216017232
410,"66+",-0.000920487544105647,1.09717622925744
411,"10-17",0.0270950332186654,0.898069878290571
411,"18-30",-0.0179217345695717,-0.575954833186863
411,"31-55",0.0131510014746253,1.6545322535043
411,"56-65",0.0358341448674578,1.70482223810098
411,"66+",0.00555870012816122,-1.01059857169975
412,"10-17",0.0274033710819396,1.41727887478129
412,"18-30",-0.0186403227729946,0.375773352800563
412,"31-55",0.0145183830171017,0.95247887765219
412,"56-65",0.0263166289998926,0.983596572560483
412,"66+",0.00159487994699335,-0.582046227327742
413,"10-17",0.0161774867718746,1.27848211733706
413,"18-30",-0.0211265639647915,-0.751861294045048
413,"31-55",0.0104719802187014,1.60575398038939
413,"56-65",0.0266213093584928,0.688605500051521
413,"66+",0.00657749442115003,1.14187061970932
414,"10-17",0.0231966743915608,0.313872790694232
414,"18-30",-0.0227901483226455,-0.225001829853889
414,"31-55",0.00727471154212617,1.46958624742996
414,"56-65",0.0301184995385052,1.09621298690203
414,"66+",0.00559876646467075,0.513486562273521
415,"10-17",0.0233300792847503,0.25690609580288
415,"18-30",-0.0226696737069541,0.913571792905808
415,"31-55",0.00890635268147999,1.11916343803441
415,"56-65",0.0271838088043065,-0.303101747638003
415,"66+",-0.0067065441196457,0.429322084274943
416,"10-17",0.0218200608721276,1.63637014694605
416,"18-30",-0.0139279659599097,0.358436110316594
416,"31-55",0.00307264653896683,0.819865698648243
416,"56-65",0.0306042903319079,0.0749575821226482
416,"66+",-0.0028976896047279,2.43865644175461
417,"10-17",0.0240144326346166,1.15826278884088
417,"18-30",-0.0146763845518721,0.313672857961187
417,"31-55",0.00951627713270986,0.875356634357479
417,"56-65",0.0311106985962168,0.905650901813475
417,"66+",-0.000260576669086243,1.49260206883726
418,"10-17",0.0323879741903955,0.443537860378973
418,"18-30",-0.0170490805656004,-0.628745439309965
418,"31-55",0.0056892204272917,1.38518768230319
418,"56-65",0.0257942125104115,0.954890839766952
418,"66+",-0.00305252648374499,0.38848631014759
419,"10-17",0.0128622996488809,0.702843449652843
419,"18-30",-0.00950021049062583,0.649954287013999
419,"31-55",-0.000901461565174233,1.4903241073849
419,"56-65",0.0270881973807794,-0.118192711508129
419,"66+",0.00500742895149647,1.33976505952324
420,"10-17",0.0228319401901419,0.32413662311507
420,"18-30",-0.0125268844169019,1.11013571132607
420,"31-55",0.00900424268639027,1.69230504083248
420,"56-65",0.0214669067751765,0.1204430466184
420,"66+",-0.00643579741203329,-0.247870886578443
421,"10-17",0.0263808638934783,0.676450729706873
421,"18-30",-0.0325931727566951,-0.847149231038612
421,"31-55",0.0113592892021231,0.926424721466994
421,"56-65",0.0307349912921876,0.223857038761736
421,"66+",0.002147065872956,0.229137967199168
422,"10-17",0.0166682887023095,0.385929014985891
422,"18-30",-0.0136542519973103,0.564665433672189
422,"31-55",0.015603457403888,1.04749518736426
422,"56-65",0.0250327049950432,1.42091920721198
422,"66+",0.00815851306342268,0.281849719211554
423,"10-17",0.0231531021770566,0.338187667068916
423,"18-30",-0.0308561176839179,-0.512867496344331
423,"31-55",0.00609852154235879,1.10364183296245
423,"56-65",0.0229070980154345,0.975669687983464
423,"66+",0.0023524011238648,1.02521988918263
424,"10-17",0.0173925057919183,0.0513249279458119
424,"18-30",-0.0187367489666049,1.07460600085627
424,"31-55",0.0162781164761105,1.77055551025812
424,"56-65",0.03268235025682,0.960480757865913
424,"66+",0.00784957355199944,1.23281439636298
425,"10-17",0.0230441538258829,0.868030655440955
425,"18-30",-0.0108712285656371,-0.733450810496091
425,"31-55",0.00789818426051331,0.786672668470192
425,"56-65",0.0303266279042169,0.297040034023205
425,"66+",0.00404407018895162,0.459449458256218
426,"10-17",0.0209787538966157,0.150580705901009
426,"18-30",-0.0361537414951249,0.927674454689884
426,"31-55",0.00327175584261352,1.35377781963283
426,"56-65",0.0205555144057198,-0.634530597941053
426,"66+",0.0014747862837392,-1.00623204414638
427,"10-17",0.0151784939613446,0.391101437649801
427,"18-30",-0.0283304106237263,0.271279676368872
427,"31-55",0.0126615011030656,1.41799935517843
427,"56-65",0.0225315706190105,-0.675007312444091
427,"66+",0.0059580679718029,0.236994917113156
428,"10-17",0.00939396299134443,0.879152558026828
428,"18-30",-0.0226681428361868,0.440783811160209
428,"31-55",0.0108536217703223,0.634830819224792
428,"56-65",0.0292614117736383,1.1470692199254
428,"66+",0.00529456435158952,0.169497691650049
429,"10-17",0.0244232577718297,0.994756659609484
429,"18-30",-0.0284399843423077,0.453357436605415
429,"31-55",0.0162944879653828,1.61272600281872
429,"56-65",0.0282718881167173,0.804701724326565
429,"66+",0.0128997767245516,2.08908616405766
430,"10-17",0.0230504053339629,0.538120835105874
430,"18-30",-0.0174823637267117,-0.172116188115661
430,"31-55",0.000919686123478758,0.878101388014709
430,"56-65",0.0378575318856849,1.10228331918569
430,"66+",0.0105375462172109,0.20793650655715
431,"10-17",0.0219968633910663,1.12650193864292
431,"18-30",-0.0204364707158126,0.391283177775831
431,"31-55",0.00403341453081957,0.889252975521339
431,"56-65",0.0212658253435395,0.84299915563032
431,"66+",-0.00606092974604844,0.263023762085998
432,"10-17",0.0231675511629796,1.37738893781063
432,"18-30",-0.018198980647246,0.33411793616656
432,"31-55",0.0179677420293766,1.11525046817369
432,"56-65",0.0176596862819928,0.861894272323896
432,"66+",0.000715696861339266,-0.221956819174313
433,"10-17",0.0185346245755658,0.280081435409871
433,"18-30",-0.0127139529898858,0.0260941472926692
433,"31-55",0.00705447749873439,0.993292643503567
433,"56-65",0.0281248427269028,0.513415923389411
433,"66+",0.00823831917336022,0.479065558479641
434,"10-17",0.0170938023088018,0.559902880424347
434,"18-30",-0.00652854040076556,-0.6255979682175
434,"31-55",0.00656874495960208,1.78844114664503
434,"56-65",0.0323471518979889,-0.630882345331077
434,"66+",0.0119043556327328,1.50101548022473
435,"10-17",0.0116213880274091,1.02244976553157
435,"18-30",-0.0208935149715621,-0.0558564037674412
435,"31-55",0.0184057531620354,2.24873386837071
435,"56-65",0.0165883665226823,0.83301216184875
435,"66+",-0.000496703113473357,0.714887361726095
436,"10-17",0.00671751831491069,0.783669523493635
436,"18-30",-0.0165410501804957,-0.0661786398739643
436,"31-55",0.00531992224059186,0.605337973205344
436,"56-65",0.0258744541828407,-0.287568860665179
436,"66+",0.00730924680902842,0.081255964755707
437,"10-17",0.0193655807409042,0.623216932269435
437,"18-30",-0.00827485876644551,0.18805020663352
437,"31-55",0.0091471979678594,1.39202771096581
437,"56-65",0.0400028307660199,0.294776704743816
437,"66+",0.00391032583057534,1.49752710927706
438,"10-17",0.0209072138109259,0.903414066891539
438,"18-30",-0.0119976672504114,-0.255219981662094
438,"31-55",0.0227417456304117,1.42697885844738
438,"56-65",0.0214418056443685,2.16694117768072
438,"66+",0.00599267476779324,0.684516777284689
439,"10-17",0.0195896467384503,1.24172690696383
439,"18-30",-0.029146848312692,-0.303400318650867
439,"31-55",0.00601779003317998,1.78657586467889
439,"56-65",0.0212969577139435,0.0962246412753434
439,"66+",-0.000300687927848611,1.39208294235753
440,"10-17",0.0144810201272728,0.638255060814762
440,"18-30",-0.00793853796232868,-0.0306005815973709
440,"31-55",0.0151898544924647,1.62484962256504
440,"56-65",0.0319738214896492,-0.0964187761050646
440,"66+",0.0087792539969031,1.76139067651725
441,"10-17",0.0154664562060295,0.978772481144436
441,"18-30",-0.0135188774666241,-0.811130985098277
441,"31-55",0.0132640184265955,0.835930790055027
441,"56-65",0.0176382745834533,0.648963135131959
441,"66+",0.00339856553870202,2.77179596198065
442,"10-17",0.00948822778574621,0.303939378294344
442,"18-30",-0.0283036070399124,1.13357644104639
442,"31-55",0.010135059929106,0.781149561827357
442,"56-65",0.0226965211955797,1.10070374286927
442,"66+",0.000683836056686662,0.377522979403997
443,"10-17",0.0125257346015682,0.877935386217858
443,"18-30",-0.00477768917774346,1.32283593239692
443,"31-55",0.0165464088005224,0.871259840917268
443,"56-65",0.0186826745317727,0.474104411518704
443,"66+",0.000573964917062852,-0.365550171505339
444,"10-17",0.00992490368195115,1.044072227912
444,"18-30",-0.02054338601629,-0.539342835857813
444,"31-55",0.00656451384448159,1.15460998076507
444,"56-65",0.0303958808081193,1.77922987563369
444,"66+",-0.0036673307326754,1.51378524180109
445,"10-17",0.0321493413526066,0.670218378517021
445,"18-30",-0.0178028504887339,0.624633269762944
445,"31-55",0.012324548414223,1.03552074496763
445,"56-65",0.0236978596319655,1.18431229196515
445,"66+",0.00419723464397959,-0.600433521664264
446,"10-17",0.0140917548340768,0.0584340902503744
446,"18-30",-0.00347700480957031,-0.439918358947221
446,"31-55",0.00508383103190768,1.51767740675677
446,"56-65",0.0319564389607362,0.39891707725551
446,"66+",0.00732274335443249,2.12182780676356
447,"10-17",0.0230923324777045,1.45424800794085
447,"18-30",-0.0220610412386298,0.186831363129549
447,"31-55",0.00542642035689056,1.46954631499079
447,"56-65",0.0334036976824489,0.767630328851043
447,"66+",0.0028057289921154,0.497162813602841
448,"10-17",0.0151029258671032,1.04627395308577
448,"18-30",-0.0178894398649952,0.529392791081778
448,"31-55",0.0056673659555328,1.59066569882641
448,"56-65",0.0245016962951331,0.884011415224368
448,"66+",0.019914394383256,0.778289639715869
449,"10-17",0.0289222616897066,0.997889094671596
449,"18-30",-0.0196432391754656,-0.0748485743343412
449,"31-55",0.0106994964554638,1.48818190588549
449,"56-65",0.0416780859645799,1.00297416890026
449,"66+",-0.00730388946128883,-1.31768977718727
450,"10-17",0.0190535402576058,1.15071344895965
450,"18-30",-0.0173024928882276,-0.239297246486359
450,"31-55",0.0150004776984044,1.74158436013241
450,"56-65",0.0193960568218349,-0.579336928300593
450,"66+",-0.00221448538351028,-0.31976083245344
451,"10-17",0.0177713075997967,0.743227239203128
451,"18-30",-0.00891139812725544,0.192696222403709
451,"31-55",0.0199361849558896,0.408194653412979
451,"56-65",0.0311990130206757,-0.465962266236815
451,"66+",0.0051590285015904,0.243774427991033
452,"10-17",0.0176378209377018,1.06858870174822
452,"18-30",-0.00537603822603649,1.07375666969292
452,"31-55",0.0110002936738857,1.89945644262803
452,"56-65",0.0376764519561155,-0.27970870385548
452,"66+",0.0117738998374216,1.13219291496365
453,"10-17",0.0286602504594528,0.392659689441214
453,"18-30",-0.0155808695902866,0.2300400873738
453,"31-55",0.00392896775061824,1.28382965676937
453,"56-65",0.0347158443093464,1.3316124760672
453,"66+",0.0049321415098102,2.96331731392876
454,"10-17",0.0164500112789661,1.02603176720958
454,"18-30",-0.00859255679707677,-0.545641775346704
454,"31-55",0.00648151060629465,1.19370876788389
454,"56-65",0.0363582544834744,-0.342644377290574
454,"66+",0.00780743795872371,0.507912024132716
455,"10-17",0.026572684899267,0.37428128679902
455,"18-30",-0.0245737183171931,-0.463374877052207
455,"31-55",0.0152795782032706,0.641326682594675
455,"56-65",0.0215855204637538,0.784074249633916
455,"66+",0.00525926963487196,1.69336544083919
456,"10-17",0.0289400722942874,0.688331551399146
456,"18-30",-0.00436565842236719,1.62274714676967
456,"31-55",0.0159519625152802,1.1307251890073
456,"56-65",0.0163777028698875,0.448825378293257
456,"66+",0.00413797337706724,0.236040288664347
457,"10-17",0.0202636654518246,0.122164730227838
457,"18-30",-0.0192477961884968,0.740159899569186
457,"31-55",0.00862023877232737,0.963252733713604
457,"56-65",0.0233407389190104,0.577398394738577
457,"66+",0.000864925323304594,0.486531906008436
458,"10-17",0.0295607240711941,1.36933473348547
458,"18-30",-0.0196421450376301,0.0288539300482853
458,"31-55",0.021990593828896,0.208855421995381
458,"56-65",0.0367209254611423,1.39464581640273
458,"66+",-0.00218354709858805,1.48702887899103
459,"10-17",0.0226116889495444,0.107128965657975
459,"18-30",-0.00317276881441658,0.0763595357328892
459,"31-55",0.0014600029560089,1.58169932871409
459,"56-65",0.0262087701924761,1.00458110780628
459,"66+",-0.000893812474684161,0.914574930780043
460,"10-17",0.020488756948514,1.09513353644092
460,"18-30",-0.00906959778245753,0.838129355383355
460,"31-55",0.00731750103316436,1.0574812241439
460,"56-65",0.0292662139736117,1.1215436378471
460,"66+",-0.000581219283369322,0.443699215828689
461,"10-17",0.0122961477351326,0.648206930569621
461,"18-30",-0.0267200431707434,0.395649648204222
461,"31-55",0.00902342130063088,1.02631337765244
461,"56-65",0.0312298567934736,0.274321499056894
461,"66+",0.00170133804526869,0.665434022954839
462,"10-17",0.0244184862742016,0.541457164414894
462,"18-30",-0.0201365028967949,-0.338208507217812
462,"31-55",0.014628267675564,0.864835143762708
462,"56-65",0.0213592991974897,0.301714524245563
462,"66+",0.0134430688340343,1.10539844482604
463,"10-17",0.0302883017015051,0.579120641016351
463,"18-30",-0.0138405838948827,0.71821600946104
463,"31-55",0.00632090893124937,1.9853071906582
463,"56-65",0.0371154986405213,0.0187313271625253
463,"66+",0.00347695196588771,1.53698552255219
464,"10-17",0.0360704802752653,0.806888271176575
464,"18-30",-0.0146212145740166,1.49020462504356
464,"31-55",0.00401614313206911,1.50894090363899
464,"56-65",0.0341457709056066,-0.706285984753888
464,"66+",0.00424048690728246,0.664202159247363
465,"10-17",0.0232630255157396,0.270600935257422
465,"18-30",-0.0203148863017831,-0.484477829431373
465,"31-55",0.0152464213023867,1.378174998746
465,"56-65",0.0336579687926735,-0.227556605568658
465,"66+",0.00135802577171329,-0.119874383523701
466,"10-17",0.0372290553880185,0.594927630558069
466,"18-30",-0.0178091353878526,0.252913136328576
466,"31-55",0.00293981831308809,1.41094945529428
466,"56-65",0.0171446453649745,-0.40761762500439
466,"66+",0.0010734448653176,0.473001839948617
467,"10-17",0.0338913963721512,1.21169287551528
467,"18-30",-0.0158485883018837,-0.100456340467082
467,"31-55",0.00960320778848134,0.803792589859349
467,"56-65",0.0281681058776712,0.38778940879034
467,"66+",0.00275501381842791,1.95359880364559
468,"10-17",0.0275399278882089,0.928653187784548
468,"18-30",-0.0180051004583967,-0.883797247419057
468,"31-55",0.0109193048600573,1.34294949822605
468,"56-65",0.0300629143342594,0.437338423599973
468,"66+",-0.000760363110940285,0.225914907767653
469,"10-17",0.0174098274138169,1.13007879166245
469,"18-30",-0.0312254265368779,-1.10681362929487
469,"31-55",0.0115715478415316,0.799511324095354
469,"56-65",0.0256219053144354,-0.192796751394384
469,"66+",0.00169982360086396,0.358575743715905
470,"10-17",0.0281006680637972,0.180258554136732
470,"18-30",-0.0159976507314881,-0.771912157201619
470,"31-55",0.0106027523654939,2.01768832027568
470,"56-65",0.0343763250321791,1.12432352204107
470,"66+",0.0185091041037908,1.28077143821048
471,"10-17",0.0188872647509977,0.454141810897971
471,"18-30",-0.0253281893902014,0.24155973828926
471,"31-55",0.00184263815720004,0.600165392326062
471,"56-65",0.03543007554911,-1.05476424818076
471,"66+",0.00189974731874426,1.20597372908498
472,"10-17",0.0293989093852006,0.72635545963203
472,"18-30",-0.0272949048891102,-0.0689410232861452
472,"31-55",0.0055507339807826,0.883227213825846
472,"56-65",0.0336695398423562,0.398036744993979
472,"66+",3.58315641425383e-05,1.26918189378611
473,"10-17",0.0202446574247206,0.746185257640898
473,"18-30",-0.0043596235619639,0.662451772139914
473,"31-55",0.0166645654211834,0.901296840136112
473,"56-65",0.0359821319123101,0.13378719376049
473,"66+",0.00520567558342261,-0.0240753531105984
474,"10-17",0.020902881912383,0.488631566132288
474,"18-30",-0.0275897565680284,1.20460099137404
474,"31-55",0.0107937397070425,1.71074578385501
474,"56-65",0.0196959604299049,0.337422810526924
474,"66+",0.00552561235209313,0.65548260442665
475,"10-17",0.0218542757369654,0.868636161724976
475,"18-30",-0.0141963923607809,-0.731876310890737
475,"31-55",0.00426927897491558,0.951513899149562
475,"56-65",0.0285426511558514,1.67513412261928
475,"66+",-0.00184909199208379,0.295176313347875
476,"10-17",0.0291052746424582,0.381733136559083
476,"18-30",-0.0212375053052737,0.539571344525809
476,"31-55",0.00806308911360548,1.64637438790636
476,"56-65",0.0302785602573956,1.22470152676582
476,"66+",0.00297871810608381,2.34020060368331
477,"10-17",0.0229366529132591,0.691891283815371
477,"18-30",-0.00681821877561317,-0.192527853994353
477,"31-55",0.00990568986289803,1.91852593875253
477,"56-65",0.0238915025405305,0.235895950028324
477,"66+",-0.00110459016425246,1.83993518602849
478,"10-17",0.0256313810133392,1.10953196091559
478,"18-30",-0.013572864484149,0.659351576695926
478,"31-55",0.0062395613399972,1.29485608212114
478,"56-65",0.0207684329911078,0.0193891546754781
478,"66+",0.00985009066864252,0.082845173934853
479,"10-17",0.0212710358607728,0.708194146404813
479,"18-30",-0.0115491924859147,-0.400716281234915
479,"31-55",0.00447577706827468,1.42990493386158
479,"56-65",0.0307603934128395,-0.0576072471986144
479,"66+",0.00960809951754241,0.403965676060631
480,"10-17",0.0219503563327922,0.920807523391518
480,"18-30",-0.0336774070827351,0.394606940857177
480,"31-55",0.00977003075070326,1.63044667410206
480,"56-65",0.00557341678639528,0.0604278205022073
480,"66+",0.00551864678432649,0.326743501123898
481,"10-17",0.0198279043078663,0.230880869738421
481,"18-30",-0.00620558359237461,1.05656666073802
481,"31-55",0.00582652939799966,1.29620158868809
481,"56-65",0.0318821171150449,0.839554784787738
481,"66+",0.00630258357401405,1.45261326866403
482,"10-17",0.0216163237196686,0.718255346813833
482,"18-30",-0.0359278078722384,-0.810950229933301
482,"31-55",0.0153472412987156,1.45538546040603
482,"56-65",0.041886082683803,1.26311706243267
482,"66+",0.0149654875629736,-0.300836781881447
483,"10-17",0.0183656868269401,0.726157551914365
483,"18-30",-0.0107312751498072,0.634252173219885
483,"31-55",0.00816280681045733,0.881418355869442
483,"56-65",0.0265534923475233,0.811842865046971
483,"66+",-0.00893126851537361,0.360433196553547
484,"10-17",0.0231285062126604,0.829846254401165
484,"18-30",-0.0146671843768485,-0.252442057072878
484,"31-55",0.0174825865188072,2.04138818376132
484,"56-65",0.0192505458448179,0.918451281715058
484,"66+",0.00532865748061342,1.12571617815374
485,"10-17",0.0207167792256824,0.711240640578353
485,"18-30",-0.0295804239638104,0.132677132609921
485,"31-55",0.0128870794084742,1.36510780877462
485,"56-65",0.032279788194629,0.506440362301118
485,"66+",0.00353353112319875,1.97575917191683
486,"10-17",0.0147620649427255,0.849741130687417
486,"18-30",-0.026994337173254,-0.325712427077397
486,"31-55",0.0142720086772946,1.31140409933561
486,"56-65",0.0428053611301437,0.467554688687079
486,"66+",0.00443509022949586,1.04766548696356
487,"10-17",0.0257429897022597,0.805056487856062
487,"18-30",-0.0262202233136472,0.124144142335531
487,"31-55",0.0113714168805842,1.71716919512333
487,"56-65",0.0300056222127907,1.1241269562383
487,"66+",-0.00139218083669432,0.213651137219435
488,"10-17",0.0236570627912369,0.886787656587183
488,"18-30",-0.0163401728362416,-0.157418069935511
488,"31-55",0.00768411639062039,1.24674938796856
488,"56-65",0.0298777878609724,0.366920484004067
488,"66+",0.00392728631564081,1.72148733020906
489,"10-17",0.0300926795512025,0.883827896324347
489,"18-30",-0.0179627948548633,0.873856744112196
489,"31-55",0.0114346674503982,0.703696396017937
489,"56-65",0.0130860716406707,0.0657754577574607
489,"66+",0.00384926189367259,-1.04505141323759
490,"10-17",0.0288116929806433,1.10370519454928
490,"18-30",-0.020827493641641,0.554082707819653
490,"31-55",0.00413455622500231,0.578186713733331
490,"56-65",0.0417375968507229,0.507263440945536
490,"66+",0.00506834185176175,0.217130655814225
491,"10-17",0.0347832500133153,0.887738732784729
491,"18-30",-0.0263765492317597,0.927724453048926
491,"31-55",0.00347083513175339,1.59379146836088
491,"56-65",0.0287701933803312,0.920084053605288
491,"66+",0.0133537495237962,0.973451969106602
492,"10-17",0.0354897365893788,0.549750702150979
492,"18-30",-0.0091574754458752,1.38351320975652
492,"31-55",0.00748859156106807,1.38650828647149
492,"56-65",0.0287484249232044,1.39257014813122
492,"66+",0.00620448437412525,0.520479573557369
493,"10-17",0.0210350160505766,0.663753220465242
493,"18-30",-0.0251055763817359,0.576593930410388
493,"31-55",0.002645316511176,1.8816039271636
493,"56-65",0.0248065717570851,0.358239476845826
493,"66+",0.00557815669839991,0.595915671393175
494,"10-17",0.0203770473649997,0.285672658763072
494,"18-30",-0.0120740149404158,0.0907210471092377
494,"31-55",0.00921618594927082,1.40991390745752
494,"56-65",0.0328128025351068,0.17972351943849
494,"66+",0.00643303213251817,2.15726417290301
495,"10-17",0.0225117786917043,0.52136274023047
495,"18-30",-0.0112745698653714,0.779990118833922
495,"31-55",0.00880970800526826,1.5091717363231
495,"56-65",0.0318044831668918,0.333712905011708
495,"66+",0.00190693469412884,-0.161661262666252
496,"10-17",0.0188111608119945,0.497915711460702
496,"18-30",-0.0135789646701276,-0.0392931143721373
496,"31-55",0.0193944367859563,1.02431689424316
496,"56-65",0.0302468480416371,1.05113292837525
496,"66+",0.0118446342080168,0.974063609399453
497,"10-17",0.0220596481191246,0.760591191371927
497,"18-30",-0.0303432024394687,1.64021503962559
497,"31-55",0.00679593718911886,1.10491963493672
497,"56-65",0.0385312062371943,0.166808693480959
497,"66+",0.00850025573685698,-0.928130379634464
498,"10-17",0.0195799568886194,0.690989876764901
498,"18-30",-0.0200563163815342,0.122467991415622
498,"31-55",0.011454517856862,1.79324741395354
498,"56-65",0.0258715591553991,0.292225293577451
498,"66+",0.00718075191744905,1.7782522227385
499,"10-17",0.0249092758642491,1.01705663555403
499,"18-30",-0.00607851990098335,0.317261148503292
499,"31-55",0.0148156349750465,0.589073293176932
499,"56-65",0.0306125418438002,1.83124376508655
499,"66+",0.00653778421317962,1.03990025905054
500,"10-17",0.0238159502237422,0.982252131635956
500,"18-30",-0.033960778052646,0.419425656794983
500,"31-55",0.00688702969503602,0.905213639267538
500,"56-65",0.0432440876833195,0.966103258323864
500,"66+",0.00468565396019267,0.935185755329082
