"AgeGroup","x_start","y_start","x_end","y_end","dx","dy","magnitude","angle","pct_change_distance","pct_change_time"
"10-17",0.25717384894282,3.71977189458958,0.24078910607058,4.35152235548296,-0.01638474287224,0.63175046089338,0.631962898149873,91.4856597171306,16.983580681715,-6.37107658480587
"18-30",0.229101969760207,4.53836488510044,0.198062251932298,4.7946538192905,-0.0310397178279095,0.256288934190064,0.258161735877173,96.9055851431408,5.64716457752146,-13.5484290512201
"31-55",0.222432851070577,5.76668431966324,0.196213822118238,6.21626921381343,-0.026219028952339,0.449584894150185,0.450348769874235,93.3376123994318,7.79624597478294,-11.7873905882813
"56-65",0.142171191190157,4.61790670915562,0.155227229246199,5.06899799357152,0.013056038056042,0.4510912844159,0.45128018680827,88.3421380022372,9.76830656889518,9.18332184371957
"66+",0.0639821696799673,4.33731210837577,0.0651000969902571,4.67630828564167,0.00111792731028976,0.338996177265895,0.338998020587674,89.8110530773375,7.81581239245523,1.74724820349407
