"AgeGroup","endpoint_displacement","path_length","tortuosity","path_type","R","circular_sd","consistency"
"10-17",0.631962898149873,1.84214708907781,2.91496082202113,"Highly tortuous",0.195778099330637,103.474763079658,"Highly variable"
"18-30",0.258161735877173,1.36443990334262,5.28521354532486,"Highly tortuous",0.598081218081763,58.0940055383873,"Highly variable"
"31-55",0.450348769874235,1.18876133191145,2.63964600645723,"Highly tortuous",0.218458452465208,99.9366983732324,"Highly variable"
"56-65",0.45128018680827,1.58900915161347,3.52111437209757,"Highly tortuous",0.211631762348159,100.974200185809,"Highly variable"
"66+",0.338998020587674,3.12399031238735,9.21536446428717,"Highly tortuous",0.199870417644943,102.816347504863,"Highly variable"
