"AgeGroup","reference","slice","hour","weight"
"10-17","pooled6",1,0,5.23882418726291e-85
"10-17","pooled6",2,0.25,6.85401514324488e-77
"10-17","pooled6",3,0.5,3.22976303845574e-69
"10-17","pooled6",4,0.75,5.48164166808919e-62
"10-17","pooled6",5,1,3.35092766945746e-55
"10-17","pooled6",6,1.25,7.37792135926554e-49
"10-17","pooled6",7,1.5,5.85083566660043e-43
"10-17","pooled6",8,1.75,1.67115856237163e-37
"10-17","pooled6",9,2,1.71923783661022e-32
"10-17","pooled6",10,2.25,6.37059686587314e-28
"10-17","pooled6",11,2.5,8.50296217891518e-24
"10-17","pooled6",12,2.75,4.08847673814228e-20
"10-17","pooled6",13,3,7.08443958277531e-17
"10-17","pooled6",14,3.25,4.42810163848639e-14
"10-17","pooled6",15,3.5,1.00099699930735e-11
"10-17","pooled6",16,3.75,8.24182061627534e-10
"10-17","pooled6",17,4,2.5182465636323e-08
"10-17","pooled6",18,4.25,2.99051284766697e-07
"10-17","pooled6",19,4.5,1.52449086871358e-06
"10-17","pooled6",20,4.75,3.95894120607906e-06
"10-17","pooled6",21,5,6.9577259295142e-06
"10-17","pooled6",22,5.25,1.33410987256395e-05
"10-17","pooled6",23,5.5,3.05131588460367e-05
"10-17","pooled6",24,5.75,5.8386330770839e-05
"10-17","pooled6",25,6,9.28052141898323e-05
"10-17","pooled6",26,6.25,0.000144938536723898
"10-17","pooled6",27,6.5,0.000237649274095898
"10-17","pooled6",28,6.75,0.000420694723404035
"10-17","pooled6",29,7,0.00087527011980369
"10-17","pooled6",30,7.25,0.00228982658337044
"10-17","pooled6",31,7.5,0.00624017202541669
"10-17","pooled6",32,7.75,0.0133498298901358
"10-17","pooled6",33,8,0.0205710851709863
"10-17","pooled6",34,8.25,0.0246915086770428
"10-17","pooled6",35,8.5,0.0262983726929426
"10-17","pooled6",36,8.75,0.0269898994100438
"10-17","pooled6",37,9,0.0273977881170824
"10-17","pooled6",38,9.25,0.02768383130251
"10-17","pooled6",39,9.5,0.0279457667787192
"10-17","pooled6",40,9.75,0.0282020867171792
"10-17","pooled6",41,10,0.0284055736144802
"10-17","pooled6",42,10.25,0.02853050576883
"10-17","pooled6",43,10.5,0.0286004833943443
"10-17","pooled6",44,10.75,0.0286568554653305
"10-17","pooled6",45,11,0.0287147402114125
"10-17","pooled6",46,11.25,0.0287380803038304
"10-17","pooled6",47,11.5,0.0286862651033536
"10-17","pooled6",48,11.75,0.0285852619455079
"10-17","pooled6",49,12,0.0284669290889656
"10-17","pooled6",50,12.25,0.0283336540723589
"10-17","pooled6",51,12.5,0.0281322929120354
"10-17","pooled6",52,12.75,0.0277405867467073
"10-17","pooled6",53,13,0.0270959411615538
"10-17","pooled6",54,13.25,0.0262713147818776
"10-17","pooled6",55,13.5,0.0252051414129428
"10-17","pooled6",56,13.75,0.0237153345748761
"10-17","pooled6",57,14,0.0217872922465004
"10-17","pooled6",58,14.25,0.0197860265246308
"10-17","pooled6",59,14.5,0.017958172758685
"10-17","pooled6",60,14.75,0.0162085152662971
"10-17","pooled6",61,15,0.0144343314378372
"10-17","pooled6",62,15.25,0.0128242931582256
"10-17","pooled6",63,15.5,0.0116434590285131
"10-17","pooled6",64,15.75,0.0108664743703094
"10-17","pooled6",65,16,0.0103599888045389
"10-17","pooled6",66,16.25,0.0100616497536968
"10-17","pooled6",67,16.5,0.00997963308869714
"10-17","pooled6",68,16.75,0.010068441864236
"10-17","pooled6",69,17,0.0101492868847389
"10-17","pooled6",70,17.25,0.0100643831929676
"10-17","pooled6",71,17.5,0.00985958253569565
"10-17","pooled6",72,17.75,0.00963770912074067
"10-17","pooled6",73,18,0.00934562874292275
"10-17","pooled6",74,18.25,0.00900723248438959
"10-17","pooled6",75,18.5,0.00873607729299317
"10-17","pooled6",76,18.75,0.00850891208425996
"10-17","pooled6",77,19,0.00819452540314811
"10-17","pooled6",78,19.25,0.00775668884717977
"10-17","pooled6",79,19.5,0.0072702198389466
"10-17","pooled6",80,19.75,0.00677635783369932
"10-17","pooled6",81,20,0.00624390827535935
"10-17","pooled6",82,20.25,0.00568869023901367
"10-17","pooled6",83,20.5,0.00515840179121648
"10-17","pooled6",84,20.75,0.00466447465325717
"10-17","pooled6",85,21,0.00416788194830897
"10-17","pooled6",86,21.25,0.00370936246837492
"10-17","pooled6",87,21.5,0.00333694270847439
"10-17","pooled6",88,21.75,0.00302154292772449
"10-17","pooled6",89,22,0.00272688201444009
"10-17","pooled6",90,22.25,0.00247285760071959
"10-17","pooled6",91,22.5,0.00228163729083275
"10-17","pooled6",92,22.75,0.00213773728010241
"10-17","pooled6",93,23,0.00200742143543148
"10-17","pooled6",94,23.25,0.00181070850703355
"10-17","pooled6",95,23.5,0.0013091234474634
"10-17","pooled6",96,23.75,0.000552052242010827
"10-17","base5",1,0,6.28658902471549e-85
"10-17","base5",2,0.25,8.22481817189385e-77
"10-17","base5",3,0.5,3.87571564614689e-69
"10-17","base5",4,0.75,6.57797000170703e-62
"10-17","base5",5,1,4.02111320334895e-55
"10-17","base5",6,1.25,8.85350563111865e-49
"10-17","base5",7,1.5,7.02100279992052e-43
"10-17","base5",8,1.75,2.00539027484596e-37
"10-17","base5",9,2,2.06308540393227e-32
"10-17","base5",10,2.25,7.64471623904776e-28
"10-17","base5",11,2.5,1.02035546146979e-23
"10-17","base5",12,2.75,4.90617208576722e-20
"10-17","base5",13,3,8.50132749920416e-17
"10-17","base5",14,3.25,5.31372196455188e-14
"10-17","base5",15,3.5,1.20119639156762e-11
"10-17","base5",16,3.75,9.89018346309635e-10
"10-17","base5",17,4,3.02188813735691e-08
"10-17","base5",18,4.25,3.5884452929997e-07
"10-17","base5",19,4.5,1.82801776667547e-06
"10-17","base5",20,4.75,4.70901611511096e-06
"10-17","base5",21,5,7.83758699277169e-06
"10-17","base5",22,5.25,1.31536822361793e-05
"10-17","base5",23,5.5,2.81889830596834e-05
"10-17","base5",24,5.75,5.48176088760103e-05
"10-17","base5",25,6,9.03048299427992e-05
"10-17","base5",26,6.25,0.000143431490668027
"10-17","base5",27,6.5,0.000235106942969498
"10-17","base5",28,6.75,0.000418094778039789
"10-17","base5",29,7,0.000867818402202789
"10-17","base5",30,7.25,0.0022657483050866
"10-17","base5",31,7.5,0.00617746750672814
"10-17","base5",32,7.75,0.0132057865668329
"10-17","base5",33,8,0.0203766351631526
"10-17","base5",34,8.25,0.0245295858599986
"10-17","base5",35,8.5,0.026178289244791
"10-17","base5",36,8.75,0.0268939981276128
"10-17","base5",37,9,0.027310032693472
"10-17","base5",38,9.25,0.0275893841714208
"10-17","base5",39,9.5,0.0278434273693177
"10-17","base5",40,9.75,0.028102672855968
"10-17","base5",41,10,0.0283137221541188
"10-17","base5",42,10.25,0.0284492860304312
"10-17","base5",43,10.5,0.0285352894507635
"10-17","base5",44,10.75,0.0286044379885213
"10-17","base5",45,11,0.0286676349731622
"10-17","base5",46,11.25,0.0286799842981724
"10-17","base5",47,11.5,0.028593263108508
"10-17","base5",48,11.75,0.028460627046148
"10-17","base5",49,12,0.0283313287067387
"10-17","base5",50,12.25,0.0281961852215461
"10-17","base5",51,12.5,0.0279842090950842
"10-17","base5",52,12.75,0.0275599628421793
"10-17","base5",53,13,0.0268720802619627
"10-17","base5",54,13.25,0.026014553218097
"10-17","base5",55,13.5,0.0249360078284979
"10-17","base5",56,13.75,0.023460962265047
"10-17","base5",57,14,0.021579650536408
"10-17","base5",58,14.25,0.0196261473941449
"10-17","base5",59,14.5,0.0178324238318441
"10-17","base5",60,14.75,0.0161375866548071
"10-17","base5",61,15,0.0144529145644628
"10-17","base5",62,15.25,0.0129264039605859
"10-17","base5",63,15.5,0.0117752553233321
"10-17","base5",64,15.75,0.0109862003812747
"10-17","base5",65,16,0.0104666680972057
"10-17","base5",66,16.25,0.0101700873014785
"10-17","base5",67,16.5,0.01008665132915
"10-17","base5",68,16.75,0.0101645064609284
"10-17","base5",69,17,0.0102333157613786
"10-17","base5",70,17.25,0.0101389409387342
"10-17","base5",71,17.5,0.00992707309377769
"10-17","base5",72,17.75,0.009707008321856
"10-17","base5",73,18,0.00942686019667477
"10-17","base5",74,18.25,0.00909916911901906
"10-17","base5",75,18.5,0.00884213003321586
"10-17","base5",76,18.75,0.00862987347159363
"10-17","base5",77,19,0.00832275447560429
"10-17","base5",78,19.25,0.00788920354356068
"10-17","base5",79,19.5,0.00740971909220957
"10-17","base5",80,19.75,0.00692588582007077
"10-17","base5",81,20,0.0064132164050734
"10-17","base5",82,20.25,0.00588238963832033
"10-17","base5",83,20.5,0.0053719247876801
"10-17","base5",84,20.75,0.00487971114995695
"10-17","base5",85,21,0.0043644117344871
"10-17","base5",86,21.25,0.00387956788860587
"10-17","base5",87,21.5,0.0034772982432427
"10-17","base5",88,21.75,0.00313764399764776
"10-17","base5",89,22,0.00282510511976317
"10-17","base5",90,22.25,0.00255598853583757
"10-17","base5",91,22.5,0.00235492577122219
"10-17","base5",92,22.75,0.00220762795331074
"10-17","base5",93,23,0.00207667974599374
"10-17","base5",94,23.25,0.00187869332814886
"10-17","base5",95,23.5,0.00136352494022515
"10-17","base5",96,23.75,0.00057661730044406
"10-17","first",1,0,3.14329449992556e-84
"10-17","first",2,0.25,4.11240904126572e-76
"10-17","first",3,0.5,1.93785776523502e-68
"10-17","first",4,0.75,3.28898473118987e-61
"10-17","first",5,1,2.01055614883662e-54
"10-17","first",6,1.25,4.42675007665142e-48
"10-17","first",7,1.5,3.51049543336489e-42
"10-17","first",8,1.75,1.00269045586552e-36
"10-17","first",9,2,1.03152947168124e-31
"10-17","first",10,2.25,3.82222345154394e-27
"10-17","first",11,2.5,5.10128358904976e-23
"10-17","first",12,2.75,2.45243407947704e-19
"10-17","first",13,3,4.24756260422514e-16
"10-17","first",14,3.25,2.6515466733145e-13
"10-17","first",15,3.5,5.97315792383e-11
"10-17","first",16,3.75,4.87192849381925e-09
"10-17","first",17,4,1.45189355761316e-07
"10-17","first",18,4.25,1.62001796621964e-06
"10-17","first",19,4.5,7.21162064464357e-06
"10-17","first",20,4.75,1.48995450078071e-05
"10-17","first",21,5,1.93771763979734e-05
"10-17","first",22,5.25,2.56279778306038e-05
"10-17","first",23,5.5,4.56855436433145e-05
"10-17","first",24,5.75,7.98673492295977e-05
"10-17","first",25,6,0.000118637881645951
"10-17","first",26,6.25,0.00017229559341419
"10-17","first",27,6.5,0.000267403498322345
"10-17","first",28,6.75,0.000453491188446881
"10-17","first",29,7,0.000865480725683875
"10-17","first",30,7.25,0.00206688027736482
"10-17","first",31,7.5,0.0055982485844086
"10-17","first",32,7.75,0.0123716303294244
"10-17","first",33,8,0.0196634026453848
"10-17","first",34,8.25,0.0240903554022317
"10-17","first",35,8.5,0.0259429934654919
"10-17","first",36,8.75,0.0268171724470965
"10-17","first",37,9,0.027334097821667
"10-17","first",38,9.25,0.0276055655871355
"10-17","first",39,9.5,0.0277699343486479
"10-17","first",40,9.75,0.0279389046501087
"10-17","first",41,10,0.0281139612127232
"10-17","first",42,10.25,0.0282494071287394
"10-17","first",43,10.5,0.0283276252037044
"10-17","first",44,10.75,0.0283819056840345
"10-17","first",45,11,0.0284197362156135
"10-17","first",46,11.25,0.0283333174423326
"10-17","first",47,11.5,0.0280779545146138
"10-17","first",48,11.75,0.0277805557393091
"10-17","first",49,12,0.0275248805135278
"10-17","first",50,12.25,0.0273034610918605
"10-17","first",51,12.5,0.0269732040575857
"10-17","first",52,12.75,0.0262790116268342
"10-17","first",53,13,0.0251759608308917
"10-17","first",54,13.25,0.0239035440896929
"10-17","first",55,13.5,0.0225203523250807
"10-17","first",56,13.75,0.0209198694653222
"10-17","first",57,14,0.0192635054057441
"10-17","first",58,14.25,0.0177697466826932
"10-17","first",59,14.5,0.0164345284640961
"10-17","first",60,14.75,0.0153026221722416
"10-17","first",61,15,0.0143507641234146
"10-17","first",62,15.25,0.0135028488777927
"10-17","first",63,15.5,0.0128570272575453
"10-17","first",64,15.75,0.0124315068011571
"10-17","first",65,16,0.0120732766986083
"10-17","first",66,16.25,0.0117699063966054
"10-17","first",67,16.5,0.0116262844505251
"10-17","first",68,16.75,0.0115797852630257
"10-17","first",69,17,0.0113910525514703
"10-17","first",70,17.25,0.0110327496938726
"10-17","first",71,17.5,0.010649482151126
"10-17","first",72,17.75,0.0102984382150344
"10-17","first",73,18,0.00990563134372507
"10-17","first",74,18.25,0.00952136901547598
"10-17","first",75,18.5,0.00923918370335145
"10-17","first",76,18.75,0.00901465760531624
"10-17","first",77,19,0.00877176264899562
"10-17","first",78,19.25,0.0084987568838555
"10-17","first",79,19.5,0.00818823010999178
"10-17","first",80,19.75,0.00780350452254868
"10-17","first",81,20,0.00733086480742037
"10-17","first",82,20.25,0.00678109189247224
"10-17","first",83,20.5,0.00623486988603558
"10-17","first",84,20.75,0.00570891003167361
"10-17","first",85,21,0.00512238139694499
"10-17","first",86,21.25,0.0045242655776831
"10-17","first",87,21.5,0.0040135280506848
"10-17","first",88,21.75,0.00360199216505571
"10-17","first",89,22,0.00324224206526163
"10-17","first",90,22.25,0.00294248558185605
"10-17","first",91,22.5,0.00269849339496191
"10-17","first",92,22.75,0.00248887677702617
"10-17","first",93,23,0.00229830322584514
"10-17","first",94,23.25,0.00205816496027266
"10-17","first",95,23.5,0.00149069912170238
"10-17","first",96,23.75,0.000630529086547983
"10-17","last",1,0,6.27153441835999e-120
"10-17","last",2,0.25,4.67249721543975e-110
"10-17","last",3,0.5,1.25382997333081e-100
"10-17","last",4,0.75,1.21183251037395e-91
"10-17","last",5,1,4.21852771568799e-83
"10-17","last",6,1.25,5.28924362163744e-75
"10-17","last",7,1.5,2.38858441913404e-67
"10-17","last",8,1.75,3.88509807984077e-60
"10-17","last",9,2,2.27602888673079e-53
"10-17","last",10,2.25,4.80250698067965e-47
"10-17","last",11,2.5,3.64983189912845e-41
"10-17","last",12,2.75,9.99062850606865e-36
"10-17","last",13,3,9.84983900995546e-31
"10-17","last",14,3.25,3.49772253833254e-26
"10-17","last",15,3.5,4.47374441925737e-22
"10-17","last",16,3.75,2.06116705571895e-18
"10-17","last",17,4,3.42124790203794e-15
"10-17","last",18,4.25,2.04685035386869e-12
"10-17","last",19,4.5,4.4194644752718e-10
"10-17","last",20,4.75,3.45582045832167e-08
"10-17","last",21,5,9.88087854783816e-07
"10-17","last",22,5.25,1.0605707018317e-05
"10-17","last",23,5.5,4.59206317019043e-05
"10-17","last",24,5.75,9.67668194895605e-05
"10-17","last",25,6,0.00014572721704796
"10-17","last",26,6.25,0.000220479097912269
"10-17","last",27,6.5,0.000321842038549608
"10-17","last",28,6.75,0.000472230016197101
"10-17","last",29,7,0.000920483725643189
"10-17","last",30,7.25,0.00243036401950108
"10-17","last",31,7.5,0.00651777300516767
"10-17","last",32,7.75,0.013634747852049
"10-17","last",33,8,0.0206864924224683
"10-17","last",34,8.25,0.0246384076080341
"10-17","last",35,8.5,0.0261667856931652
"10-17","last",36,8.75,0.026837458831384
"10-17","last",37,9,0.0272967939673305
"10-17","last",38,9.25,0.0276548857678055
"10-17","last",39,9.5,0.0279613430788336
"10-17","last",40,9.75,0.0282500117831704
"10-17","last",41,10,0.0284580830220922
"10-17","last",42,10.25,0.0285747388750158
"10-17","last",43,10.5,0.0286551589859972
"10-17","last",44,10.75,0.0287373179230327
"10-17","last",45,11,0.0288378857675367
"10-17","last",46,11.25,0.0289088971580764
"10-17","last",47,11.5,0.0289015929126001
"10-17","last",48,11.75,0.0288718761956534
"10-17","last",49,12,0.0288674213370757
"10-17","last",50,12.25,0.0288690978221011
"10-17","last",51,12.5,0.0288223546613934
"10-17","last",52,12.75,0.0286314541098177
"10-17","last",53,13,0.0282146001655123
"10-17","last",54,13.25,0.0276208236173925
"10-17","last",55,13.5,0.0267385790614561
"10-17","last",56,13.75,0.025174307490684
"10-17","last",57,14,0.0227592644116727
"10-17","last",58,14.25,0.020153316444314
"10-17","last",59,14.5,0.0178828115050505
"10-17","last",60,14.75,0.0159050928492945
"10-17","last",61,15,0.0141189132601639
"10-17","last",62,15.25,0.0125688123047401
"10-17","last",63,15.5,0.0113112305654739
"10-17","last",64,15.75,0.0103513421713498
"10-17","last",65,16,0.00970511243991327
"10-17","last",66,16.25,0.00931165821660743
"10-17","last",67,16.5,0.00919576908658291
"10-17","last",68,16.75,0.00936956568412231
"10-17","last",69,17,0.00964824388410887
"10-17","last",70,17.25,0.00976264271317311
"10-17","last",71,17.5,0.00966688258547195
"10-17","last",72,17.75,0.00953372053901197
"10-17","last",73,18,0.00939993011713935
"10-17","last",74,18.25,0.00916812216689361
"10-17","last",75,18.5,0.00892900776439507
"10-17","last",76,18.75,0.00866762969258075
"10-17","last",77,19,0.00819531975088092
"10-17","last",78,19.25,0.00755525934736061
"10-17","last",79,19.5,0.00688482570617747
"10-17","last",80,19.75,0.00625950542654285
"10-17","last",81,20,0.00571108991730312
"10-17","last",82,20.25,0.00522902773632902
"10-17","last",83,20.5,0.00476161605672251
"10-17","last",84,20.75,0.00429049215860339
"10-17","last",85,21,0.00380506888259322
"10-17","last",86,21.25,0.0033546472650119
"10-17","last",87,21.5,0.00297769827903406
"10-17","last",88,21.75,0.0026755291208125
"10-17","last",89,22,0.00242626679798872
"10-17","last",90,22.25,0.0021944817954883
"10-17","last",91,22.5,0.0020123481798699
"10-17","last",92,22.75,0.00190300359055024
"10-17","last",93,23,0.00181611183295224
"10-17","last",94,23.25,0.0016454607563475
"10-17","last",95,23.5,0.0011930583304635
"10-17","last",96,23.75,0.000505789188945167
"10-17","allages",1,0,9.20105733973159e-43
"10-17","allages",2,0.25,2.80126858333222e-37
"10-17","allages",3,0.5,3.07177402549437e-32
"10-17","allages",4,0.75,1.21324013918513e-27
"10-17","allages",5,1,1.7260062379899e-23
"10-17","allages",6,1.25,8.84540024026254e-20
"10-17","allages",7,1.5,1.63337537938694e-16
"10-17","allages",8,1.75,1.08757822133981e-13
"10-17","allages",9,2,2.61636581453464e-11
"10-17","allages",10,2.25,2.28636840018479e-09
"10-17","allages",11,2.5,7.36510775783191e-08
"10-17","allages",12,2.75,9.09447049816212e-07
"10-17","allages",13,3,4.74874534382568e-06
"10-17","allages",14,3.25,1.29057432010246e-05
"10-17","allages",15,3.5,2.4350105337747e-05
"10-17","allages",16,3.75,3.8600697051447e-05
"10-17","allages",17,4,5.56175705004492e-05
"10-17","allages",18,4.25,7.81175415399019e-05
"10-17","allages",19,4.5,0.000112696726655971
"10-17","allages",20,4.75,0.000165646366114754
"10-17","allages",21,5,0.000240264770494642
"10-17","allages",22,5.25,0.000351532139438864
"10-17","allages",23,5.5,0.000535616906283218
"10-17","allages",24,5.75,0.000812738400924703
"10-17","allages",25,6,0.00117210559817546
"10-17","allages",26,6.25,0.00165178017480866
"10-17","allages",27,6.5,0.00236605543487925
"10-17","allages",28,6.75,0.00336543919637722
"10-17","allages",29,7,0.00454399050850515
"10-17","allages",30,7.25,0.00600110970072428
"10-17","allages",31,7.5,0.00827751551836584
"10-17","allages",32,7.75,0.0115544308906587
"10-17","allages",33,8,0.0148250684418889
"10-17","allages",34,8.25,0.0170605689187986
"10-17","allages",35,8.5,0.0184805155964069
"10-17","allages",36,8.75,0.0196443196719437
"10-17","allages",37,9,0.0207447902465705
"10-17","allages",38,9.25,0.0217470779059378
"10-17","allages",39,9.5,0.0226781990616855
"10-17","allages",40,9.75,0.0236508689774512
"10-17","allages",41,10,0.0247320854142591
"10-17","allages",42,10.25,0.0256820839399458
"10-17","allages",43,10.5,0.0262213032333004
"10-17","allages",44,10.75,0.0264856597298679
"10-17","allages",45,11,0.0267048389262606
"10-17","allages",46,11.25,0.0267989216529665
"10-17","allages",47,11.5,0.0265903979073507
"10-17","allages",48,11.75,0.0262197813669254
"10-17","allages",49,12,0.0258725935659892
"10-17","allages",50,12.25,0.0255543772032013
"10-17","allages",51,12.5,0.025225740024499
"10-17","allages",52,12.75,0.0249481371195511
"10-17","allages",53,13,0.0247745378953367
"10-17","allages",54,13.25,0.0245955055718696
"10-17","allages",55,13.5,0.0242697007694961
"10-17","allages",56,13.75,0.0238136297746225
"10-17","allages",57,14,0.0232946844998887
"10-17","allages",58,14.25,0.0226631296374349
"10-17","allages",59,14.5,0.0218622151084671
"10-17","allages",60,14.75,0.0209475746299336
"10-17","allages",61,15,0.0199465343103907
"10-17","allages",62,15.25,0.0187934250866236
"10-17","allages",63,15.5,0.0175295417102149
"10-17","allages",64,15.75,0.0162785314383419
"10-17","allages",65,16,0.0150919467784496
"10-17","allages",66,16.25,0.0139371831128201
"10-17","allages",67,16.5,0.0128683715538863
"10-17","allages",68,16.75,0.0119959613773978
"10-17","allages",69,17,0.0112994515778713
"10-17","allages",70,17.25,0.0106360505220281
"10-17","allages",71,17.5,0.010006069547316
"10-17","allages",72,17.75,0.00951585967951528
"10-17","allages",73,18,0.00916541099952935
"10-17","allages",74,18.25,0.0089149635012429
"10-17","allages",75,18.5,0.00876911113235808
"10-17","allages",76,18.75,0.00870372381591076
"10-17","allages",77,19,0.00862797547144678
"10-17","allages",78,19.25,0.00845107189981218
"10-17","allages",79,19.5,0.0081876887037297
"10-17","allages",80,19.75,0.00787698701582884
"10-17","allages",81,20,0.00750584301783324
"10-17","allages",82,20.25,0.00707658473518783
"10-17","allages",83,20.5,0.00663345504367522
"10-17","allages",84,20.75,0.00618088309766291
"10-17","allages",85,21,0.00568645173351627
"10-17","allages",86,21.25,0.00516733935655272
"10-17","allages",87,21.5,0.00466001280451993
"10-17","allages",88,21.75,0.00417343566926348
"10-17","allages",89,22,0.00370845790137676
"10-17","allages",90,22.25,0.00329158424174139
"10-17","allages",91,22.5,0.00293480551947973
"10-17","allages",92,22.75,0.00262466284052951
"10-17","allages",93,23,0.00233751948498506
"10-17","allages",94,23.25,0.00200268061528234
"10-17","allages",95,23.5,0.00139181234859735
"10-17","allages",96,23.75,0.000574057417083429
"18-30","pooled6",1,0,5.88995532799529e-43
"18-30","pooled6",2,0.25,1.79320295688393e-37
"18-30","pooled6",3,0.5,1.96636957567909e-32
"18-30","pooled6",4,0.75,7.76651011470553e-28
"18-30","pooled6",5,1,1.10491904039905e-23
"18-30","pooled6",6,1.25,5.66278646167673e-20
"18-30","pooled6",7,1.5,1.04584249632811e-16
"18-30","pooled6",8,1.75,6.9666900635983e-14
"18-30","pooled6",9,2,1.67793443222389e-11
"18-30","pooled6",10,2.25,1.47105128874708e-09
"18-30","pooled6",11,2.5,4.78117934108669e-08
"18-30","pooled6",12,2.75,6.0504785386734e-07
"18-30","pooled6",13,3,3.37010470993728e-06
"18-30","pooled6",14,3.25,1.0507431682711e-05
"18-30","pooled6",15,3.5,2.35026796619278e-05
"18-30","pooled6",16,3.75,4.06550289131103e-05
"18-30","pooled6",17,4,5.82252141957355e-05
"18-30","pooled6",18,4.25,7.97832535222358e-05
"18-30","pooled6",19,4.5,0.000113371828484863
"18-30","pooled6",20,4.75,0.000163036130524029
"18-30","pooled6",21,5,0.000230470073176203
"18-30","pooled6",22,5.25,0.000331288388407341
"18-30","pooled6",23,5.5,0.000505959818089233
"18-30","pooled6",24,5.75,0.000788347948846524
"18-30","pooled6",25,6,0.0011627941067289
"18-30","pooled6",26,6.25,0.00165786559727855
"18-30","pooled6",27,6.5,0.00242844783221223
"18-30","pooled6",28,6.75,0.00354073208955983
"18-30","pooled6",29,7,0.00481789657935513
"18-30","pooled6",30,7.25,0.00623059264175705
"18-30","pooled6",31,7.5,0.00816899192583684
"18-30","pooled6",32,7.75,0.010899387350841
"18-30","pooled6",33,8,0.0138264254844925
"18-30","pooled6",34,8.25,0.0160804388380156
"18-30","pooled6",35,8.5,0.0176496791473112
"18-30","pooled6",36,8.75,0.0189328837113416
"18-30","pooled6",37,9,0.0200326634632697
"18-30","pooled6",38,9.25,0.020888708838882
"18-30","pooled6",39,9.5,0.021577296368129
"18-30","pooled6",40,9.75,0.0222029259721325
"18-30","pooled6",41,10,0.0228043711112149
"18-30","pooled6",42,10.25,0.0232991696313964
"18-30","pooled6",43,10.5,0.0235999725646625
"18-30","pooled6",44,10.75,0.0237895025248895
"18-30","pooled6",45,11,0.0239727286198514
"18-30","pooled6",46,11.25,0.0241179502354699
"18-30","pooled6",47,11.5,0.0241744931153395
"18-30","pooled6",48,11.75,0.0242013160250673
"18-30","pooled6",49,12,0.0242360771976412
"18-30","pooled6",50,12.25,0.0242047611859991
"18-30","pooled6",51,12.5,0.024080220792845
"18-30","pooled6",52,12.75,0.0239291407835534
"18-30","pooled6",53,13,0.0237750904813081
"18-30","pooled6",54,13.25,0.0235736426840864
"18-30","pooled6",55,13.5,0.0233065913218846
"18-30","pooled6",56,13.75,0.0230137493294044
"18-30","pooled6",57,14,0.022656537430234
"18-30","pooled6",58,14.25,0.0221439658456491
"18-30","pooled6",59,14.5,0.0215220382908298
"18-30","pooled6",60,14.75,0.0208796899930901
"18-30","pooled6",61,15,0.0201567391481578
"18-30","pooled6",62,15.25,0.019221735779983
"18-30","pooled6",63,15.5,0.0181316042834904
"18-30","pooled6",64,15.75,0.0169936868714071
"18-30","pooled6",65,16,0.0158149571378324
"18-30","pooled6",66,16.25,0.0146209496120416
"18-30","pooled6",67,16.5,0.0135459618152916
"18-30","pooled6",68,16.75,0.0127312397196634
"18-30","pooled6",69,17,0.0121466557046003
"18-30","pooled6",70,17.25,0.0115921577489039
"18-30","pooled6",71,17.5,0.011049112847221
"18-30","pooled6",72,17.75,0.0106508454461432
"18-30","pooled6",73,18,0.0103803686462908
"18-30","pooled6",74,18.25,0.0101194098651755
"18-30","pooled6",75,18.5,0.00987283850002081
"18-30","pooled6",76,18.75,0.00973108401241721
"18-30","pooled6",77,19,0.00965338775015643
"18-30","pooled6",78,19.25,0.0095046862963824
"18-30","pooled6",79,19.5,0.00929144858043653
"18-30","pooled6",80,19.75,0.0090532724705002
"18-30","pooled6",81,20,0.0087610194073308
"18-30","pooled6",82,20.25,0.00839693127575054
"18-30","pooled6",83,20.5,0.00798375421631784
"18-30","pooled6",84,20.75,0.00754028908804467
"18-30","pooled6",85,21,0.00706831955089579
"18-30","pooled6",86,21.25,0.00657400717841972
"18-30","pooled6",87,21.5,0.00607899564085884
"18-30","pooled6",88,21.75,0.00560438443368745
"18-30","pooled6",89,22,0.00513632053363268
"18-30","pooled6",90,22.25,0.00469243298567825
"18-30","pooled6",91,22.5,0.00429544210008039
"18-30","pooled6",92,22.75,0.00394438133726018
"18-30","pooled6",93,23,0.00360852909243203
"18-30","pooled6",94,23.25,0.0031638800070499
"18-30","pooled6",95,23.5,0.00223296620663366
"18-30","pooled6",96,23.75,0.000928293350489834
"18-30","base5",1,0,7.06794051304265e-43
"18-30","base5",2,0.25,2.1518386301277e-37
"18-30","base5",3,0.5,2.3596286759213e-32
"18-30","base5",4,0.75,9.31965140064253e-28
"18-30","base5",5,1,1.32584003389389e-23
"18-30","base5",6,1.25,6.79445954484525e-20
"18-30","base5",7,1.5,1.25456259984033e-16
"18-30","base5",8,1.75,8.35183305112385e-14
"18-30","base5",9,2,2.00811765374571e-11
"18-30","base5",10,2.25,1.75236863119898e-09
"18-30","base5",11,2.5,5.62521706300252e-08
"18-30","base5",12,2.75,6.89694466362783e-07
"18-30","base5",13,3,3.58216092342101e-06
"18-30","base5",14,3.25,1.00489887560461e-05
"18-30","base5",15,3.5,2.09057202934416e-05
"18-30","base5",16,3.75,3.59868221957033e-05
"18-30","base5",17,4,5.32310851628391e-05
"18-30","base5",18,4.25,7.55128301938334e-05
"18-30","base5",19,4.5,0.000108600414748083
"18-30","base5",20,4.75,0.000155477637665873
"18-30","base5",21,5,0.000221219081647634
"18-30","base5",22,5.25,0.000321941928110538
"18-30","base5",23,5.5,0.00048626290823274
"18-30","base5",24,5.75,0.000744751113649527
"18-30","base5",25,6,0.00109698271260592
"18-30","base5",26,6.25,0.00157300112100463
"18-30","base5",27,6.5,0.00232154255577461
"18-30","base5",28,6.75,0.00342850728928152
"18-30","base5",29,7,0.0047134073584824
"18-30","base5",30,7.25,0.00610914263269424
"18-30","base5",31,7.5,0.00800737609731059
"18-30","base5",32,7.75,0.01071177874372
"18-30","base5",33,8,0.0136475441442336
"18-30","base5",34,8.25,0.0159253601977925
"18-30","base5",35,8.5,0.0175181747594046
"18-30","base5",36,8.75,0.0188374554073603
"18-30","base5",37,9,0.0199779918042498
"18-30","base5",38,9.25,0.0208576527272935
"18-30","base5",39,9.5,0.0215446529674295
"18-30","base5",40,9.75,0.022164797719355
"18-30","base5",41,10,0.0227687210235628
"18-30","base5",42,10.25,0.0232729619560157
"18-30","base5",43,10.5,0.0235893384031109
"18-30","base5",44,10.75,0.0237949687422353
"18-30","base5",45,11,0.0239886102276666
"18-30","base5",46,11.25,0.0241397495995316
"18-30","base5",47,11.5,0.0242052504863416
"18-30","base5",48,11.75,0.0242385291557333
"18-30","base5",49,12,0.0242730840661695
"18-30","base5",50,12.25,0.0242324793378625
"18-30","base5",51,12.5,0.0240874327240317
"18-30","base5",52,12.75,0.0239159848274442
"18-30","base5",53,13,0.0237497027365316
"18-30","base5",54,13.25,0.0235507434827913
"18-30","base5",55,13.5,0.0232896643393081
"18-30","base5",56,13.75,0.0229801047994637
"18-30","base5",57,14,0.0225892440924733
"18-30","base5",58,14.25,0.0220478243490071
"18-30","base5",59,14.5,0.0214062394389353
"18-30","base5",60,14.75,0.0207589555968485
"18-30","base5",61,15,0.020047345650039
"18-30","base5",62,15.25,0.0191375728945135
"18-30","base5",63,15.5,0.0180845737494253
"18-30","base5",64,15.75,0.0169712067028901
"18-30","base5",65,16,0.0157961294135076
"18-30","base5",66,16.25,0.0146011840282626
"18-30","base5",67,16.5,0.0135273018166267
"18-30","base5",68,16.75,0.0127140463041378
"18-30","base5",69,17,0.0121341677400782
"18-30","base5",70,17.25,0.0115910254340805
"18-30","base5",71,17.5,0.0110585017722672
"18-30","base5",72,17.75,0.0106729916930183
"18-30","base5",73,18,0.0104131140381463
"18-30","base5",74,18.25,0.0101613369667159
"18-30","base5",75,18.5,0.009930206393591
"18-30","base5",76,18.75,0.00980464551951673
"18-30","base5",77,19,0.00974169208629464
"18-30","base5",78,19.25,0.00961173953864347
"18-30","base5",79,19.5,0.00941197897685312
"18-30","base5",80,19.75,0.00918010720092753
"18-30","base5",81,20,0.00889722117960416
"18-30","base5",82,20.25,0.00854290377288625
"18-30","base5",83,20.5,0.00813394368716739
"18-30","base5",84,20.75,0.00768481393057358
"18-30","base5",85,21,0.00719622677064796
"18-30","base5",86,21.25,0.00668840185340331
"18-30","base5",87,21.5,0.00619199111857596
"18-30","base5",88,21.75,0.00572042120591897
"18-30","base5",89,22,0.00525495411999346
"18-30","base5",90,22.25,0.00481138940979003
"18-30","base5",91,22.5,0.00441023348802576
"18-30","base5",92,22.75,0.00405864861936058
"18-30","base5",93,23,0.00372411507619949
"18-30","base5",94,23.25,0.00327054455703373
"18-30","base5",95,23.5,0.002309616183318
"18-30","base5",96,23.75,0.000960481074158573
"18-30","first",1,0,4.74728558648797e-43
"18-30","first",2,0.25,1.44531201301348e-37
"18-30","first",3,0.5,1.58487143707129e-32
"18-30","first",4,0.75,6.25958890488218e-28
"18-30","first",5,1,8.90483048166532e-24
"18-30","first",6,1.25,4.56307432646876e-20
"18-30","first",7,1.5,8.42378719795863e-17
"18-30","first",8,1.75,5.60475645753936e-14
"18-30","first",9,2,1.34557529350294e-11
"18-30","first",10,2.25,1.16941423993073e-09
"18-30","first",11,2.5,3.71365575045796e-08
"18-30","first",12,2.75,4.43532097767582e-07
"18-30","first",13,3,2.19320273588622e-06
"18-30","first",14,3.25,5.99391907594721e-06
"18-30","first",15,3.5,1.37427308926544e-05
"18-30","first",16,3.75,2.73976069726222e-05
"18-30","first",17,4,4.46958903085046e-05
"18-30","first",18,4.25,6.66883152332381e-05
"18-30","first",19,4.5,9.85692687141724e-05
"18-30","first",20,4.75,0.000139653006904907
"18-30","first",21,5,0.000192458809055224
"18-30","first",22,5.25,0.000272951743222618
"18-30","first",23,5.5,0.000403283975330781
"18-30","first",24,5.75,0.000604583337637858
"18-30","first",25,6,0.000880713369811483
"18-30","first",26,6.25,0.00129366083481766
"18-30","first",27,6.5,0.00202503983857114
"18-30","first",28,6.75,0.00319115071121048
"18-30","first",29,7,0.00454688190556545
"18-30","first",30,7.25,0.00592463678940733
"18-30","first",31,7.5,0.00771134741750095
"18-30","first",32,7.75,0.0102222029533247
"18-30","first",33,8,0.0129813293777352
"18-30","first",34,8.25,0.0152040065475393
"18-30","first",35,8.5,0.0168456339741592
"18-30","first",36,8.75,0.0182324759052451
"18-30","first",37,9,0.0194294066473897
"18-30","first",38,9.25,0.0203321013332144
"18-30","first",39,9.5,0.0210091430532004
"18-30","first",40,9.75,0.0216327432991983
"18-30","first",41,10,0.0222498921022226
"18-30","first",42,10.25,0.0227521763860283
"18-30","first",43,10.5,0.0230440304525215
"18-30","first",44,10.75,0.0231978618596879
"18-30","first",45,11,0.0233170765313099
"18-30","first",46,11.25,0.0234391433675612
"18-30","first",47,11.5,0.0235486904320456
"18-30","first",48,11.75,0.0236344142918823
"18-30","first",49,12,0.0237014799710203
"18-30","first",50,12.25,0.0236813233593364
"18-30","first",51,12.5,0.0235391038335214
"18-30","first",52,12.75,0.0233474190869916
"18-30","first",53,13,0.0231670284222274
"18-30","first",54,13.25,0.0229844911380417
"18-30","first",55,13.5,0.0227649356943044
"18-30","first",56,13.75,0.0225235008058549
"18-30","first",57,14,0.0222235070596269
"18-30","first",58,14.25,0.0217826197946214
"18-30","first",59,14.5,0.0212415333277594
"18-30","first",60,14.75,0.0206777239936336
"18-30","first",61,15,0.0200156170507347
"18-30","first",62,15.25,0.0191659307590013
"18-30","first",63,15.5,0.0181785754840464
"18-30","first",64,15.75,0.0170581629501008
"18-30","first",65,16,0.0158435305533042
"18-30","first",66,16.25,0.0147221055446204
"18-30","first",67,16.5,0.0138575074225965
"18-30","first",68,16.75,0.0131590187472361
"18-30","first",69,17,0.0125105302630463
"18-30","first",70,17.25,0.0118508480654601
"18-30","first",71,17.5,0.0112424214945782
"18-30","first",72,17.75,0.0108180847168245
"18-30","first",73,18,0.0105551951349896
"18-30","first",74,18.25,0.0103665740839933
"18-30","first",75,18.5,0.0102363998773668
"18-30","first",76,18.75,0.0102061014665402
"18-30","first",77,19,0.0102216259436528
"18-30","first",78,19.25,0.0101687641739358
"18-30","first",79,19.5,0.0100692981516472
"18-30","first",80,19.75,0.00991611618009761
"18-30","first",81,20,0.00967458016364597
"18-30","first",82,20.25,0.0093688531304841
"18-30","first",83,20.5,0.00904047997163868
"18-30","first",84,20.75,0.0086795575468644
"18-30","first",85,21,0.00824324899699976
"18-30","first",86,21.25,0.00776083782095521
"18-30","first",87,21.5,0.00726632659611081
"18-30","first",88,21.75,0.00671053873729141
"18-30","first",89,22,0.00607864395745593
"18-30","first",90,22.25,0.00548571491821019
"18-30","first",91,22.5,0.00500601759638822
"18-30","first",92,22.75,0.00462381529370638
"18-30","first",93,23,0.00425656101038828
"18-30","first",94,23.25,0.00374051689781185
"18-30","first",95,23.5,0.00264600499160912
"18-30","first",96,23.75,0.00110277478091167
"18-30","last",1,0,1.28206350720805e-48
"18-30","last",2,0.25,1.07223907171487e-42
"18-30","last",3,0.5,3.22990389534809e-37
"18-30","last",4,0.75,3.50433906773451e-32
"18-30","last",5,1,1.36945736085468e-27
"18-30","last",6,1.25,1.92768871842634e-23
"18-30","last",7,1.5,9.77522039580467e-20
"18-30","last",8,1.75,1.78636083629789e-16
"18-30","last",9,2,1.17755403321922e-13
"18-30","last",10,2.25,2.80736546705282e-11
"18-30","last",11,2.5,2.4378527015855e-09
"18-30","last",12,2.75,7.85749781093451e-08
"18-30","last",13,3,9.85398071235846e-07
"18-30","last",14,3.25,5.33245951430194e-06
"18-30","last",15,3.5,1.48799121466688e-05
"18-30","last",16,3.75,2.71388948633246e-05
"18-30","last",17,4,4.3037931833913e-05
"18-30","last",18,4.25,7.25539316611593e-05
"18-30","last",19,4.5,0.000123728414763427
"18-30","last",20,4.75,0.000199920568848773
"18-30","last",21,5,0.000304598538244712
"18-30","last",22,5.25,0.00044585788042542
"18-30","last",23,5.5,0.000676056465570094
"18-30","last",24,5.75,0.00105277426266985
"18-30","last",25,6,0.0015176794759114
"18-30","last",26,6.25,0.00204844829476296
"18-30","last",27,6.5,0.00281770826075937
"18-30","last",28,6.75,0.00392776826971807
"18-30","last",29,7,0.00525246617327402
"18-30","last",30,7.25,0.00675486633713711
"18-30","last",31,7.5,0.00878211312438289
"18-30","last",32,7.75,0.0116337012952983
"18-30","last",33,8,0.0146967064347165
"18-30","last",34,8.25,0.0170134176283489
"18-30","last",35,8.5,0.018583072979657
"18-30","last",36,8.75,0.0198393432360043
"18-30","last",37,9,0.0208884867311814
"18-30","last",38,9.25,0.0217037486801505
"18-30","last",39,9.5,0.0223663832532821
"18-30","last",40,9.75,0.0229514009788601
"18-30","last",41,10,0.023514335454852
"18-30","last",42,10.25,0.023994032674339
"18-30","last",43,10.5,0.024306658565844
"18-30","last",44,10.75,0.0245319891180487
"18-30","last",45,11,0.0247724255327309
"18-30","last",46,11.25,0.0249170831746242
"18-30","last",47,11.5,0.024875938093331
"18-30","last",48,11.75,0.0248056540113072
"18-30","last",49,12,0.0247961248836524
"18-30","last",50,12.25,0.0247222147454415
"18-30","last",51,12.5,0.0245249980227774
"18-30","last",52,12.75,0.0243298890824603
"18-30","last",53,13,0.0242071985964937
"18-30","last",54,13.25,0.0240485410862935
"18-30","last",55,13.5,0.0237623998429771
"18-30","last",56,13.75,0.0233919836273099
"18-30","last",57,14,0.0228993728779668
"18-30","last",58,14.25,0.0221731834581891
"18-30","last",59,14.5,0.0213280544175168
"18-30","last",60,14.75,0.0205428611049634
"18-30","last",61,15,0.0197599046239455
"18-30","last",62,15.25,0.0188052320236052
"18-30","last",63,15.5,0.0177117996342127
"18-30","last",64,15.75,0.0166246216991359
"18-30","last",65,16,0.0155524324730863
"18-30","last",66,16.25,0.0144104010740285
"18-30","last",67,16.5,0.0132966496132683
"18-30","last",68,16.75,0.0124498191188597
"18-30","last",69,17,0.0118438644536285
"18-30","last",70,17.25,0.011204985329647
"18-30","last",71,17.5,0.0105888623810958
"18-30","last",72,17.75,0.0101820130762915
"18-30","last",73,18,0.00989367367581026
"18-30","last",74,18.25,0.00956047939616665
"18-30","last",75,18.5,0.00926186569821152
"18-30","last",76,18.75,0.00912572976553856
"18-30","last",77,19,0.00906708052497996
"18-30","last",78,19.25,0.00889567457980999
"18-30","last",79,19.5,0.00855091641421858
"18-30","last",80,19.75,0.00815116305025491
"18-30","last",81,20,0.00780590705986644
"18-30","last",82,20.25,0.00746290089861819
"18-30","last",83,20.5,0.007036129504323
"18-30","last",84,20.75,0.00656914607061245
"18-30","last",85,21,0.00612116425395298
"18-30","last",86,21.25,0.00566268850407088
"18-30","last",87,21.5,0.0052117976975266
"18-30","last",88,21.75,0.00480971631540177
"18-30","last",89,22,0.0044193510783419
"18-30","last",90,22.25,0.0040342099148459
"18-30","last",91,22.5,0.00370563878112003
"18-30","last",92,22.75,0.00343550516549549
"18-30","last",93,23,0.00315460142835144
"18-30","last",94,23.25,0.00274446003774999
"18-30","last",95,23.5,0.0019125634047874
"18-30","last",96,23.75,0.000787856054941022
"18-30","allages",1,0,9.20105733973159e-43
"18-30","allages",2,0.25,2.80126858333222e-37
"18-30","allages",3,0.5,3.07177402549437e-32
"18-30","allages",4,0.75,1.21324013918513e-27
"18-30","allages",5,1,1.7260062379899e-23
"18-30","allages",6,1.25,8.84540024026254e-20
"18-30","allages",7,1.5,1.63337537938694e-16
"18-30","allages",8,1.75,1.08757822133981e-13
"18-30","allages",9,2,2.61636581453464e-11
"18-30","allages",10,2.25,2.28636840018479e-09
"18-30","allages",11,2.5,7.36510775783191e-08
"18-30","allages",12,2.75,9.09447049816212e-07
"18-30","allages",13,3,4.74874534382568e-06
"18-30","allages",14,3.25,1.29057432010246e-05
"18-30","allages",15,3.5,2.4350105337747e-05
"18-30","allages",16,3.75,3.8600697051447e-05
"18-30","allages",17,4,5.56175705004492e-05
"18-30","allages",18,4.25,7.81175415399019e-05
"18-30","allages",19,4.5,0.000112696726655971
"18-30","allages",20,4.75,0.000165646366114754
"18-30","allages",21,5,0.000240264770494642
"18-30","allages",22,5.25,0.000351532139438864
"18-30","allages",23,5.5,0.000535616906283218
"18-30","allages",24,5.75,0.000812738400924703
"18-30","allages",25,6,0.00117210559817546
"18-30","allages",26,6.25,0.00165178017480866
"18-30","allages",27,6.5,0.00236605543487925
"18-30","allages",28,6.75,0.00336543919637722
"18-30","allages",29,7,0.00454399050850515
"18-30","allages",30,7.25,0.00600110970072428
"18-30","allages",31,7.5,0.00827751551836584
"18-30","allages",32,7.75,0.0115544308906587
"18-30","allages",33,8,0.0148250684418889
"18-30","allages",34,8.25,0.0170605689187986
"18-30","allages",35,8.5,0.0184805155964069
"18-30","allages",36,8.75,0.0196443196719437
"18-30","allages",37,9,0.0207447902465705
"18-30","allages",38,9.25,0.0217470779059378
"18-30","allages",39,9.5,0.0226781990616855
"18-30","allages",40,9.75,0.0236508689774512
"18-30","allages",41,10,0.0247320854142591
"18-30","allages",42,10.25,0.0256820839399458
"18-30","allages",43,10.5,0.0262213032333004
"18-30","allages",44,10.75,0.0264856597298679
"18-30","allages",45,11,0.0267048389262606
"18-30","allages",46,11.25,0.0267989216529665
"18-30","allages",47,11.5,0.0265903979073507
"18-30","allages",48,11.75,0.0262197813669254
"18-30","allages",49,12,0.0258725935659892
"18-30","allages",50,12.25,0.0255543772032013
"18-30","allages",51,12.5,0.025225740024499
"18-30","allages",52,12.75,0.0249481371195511
"18-30","allages",53,13,0.0247745378953367
"18-30","allages",54,13.25,0.0245955055718696
"18-30","allages",55,13.5,0.0242697007694961
"18-30","allages",56,13.75,0.0238136297746225
"18-30","allages",57,14,0.0232946844998887
"18-30","allages",58,14.25,0.0226631296374349
"18-30","allages",59,14.5,0.0218622151084671
"18-30","allages",60,14.75,0.0209475746299336
"18-30","allages",61,15,0.0199465343103907
"18-30","allages",62,15.25,0.0187934250866236
"18-30","allages",63,15.5,0.0175295417102149
"18-30","allages",64,15.75,0.0162785314383419
"18-30","allages",65,16,0.0150919467784496
"18-30","allages",66,16.25,0.0139371831128201
"18-30","allages",67,16.5,0.0128683715538863
"18-30","allages",68,16.75,0.0119959613773978
"18-30","allages",69,17,0.0112994515778713
"18-30","allages",70,17.25,0.0106360505220281
"18-30","allages",71,17.5,0.010006069547316
"18-30","allages",72,17.75,0.00951585967951528
"18-30","allages",73,18,0.00916541099952935
"18-30","allages",74,18.25,0.0089149635012429
"18-30","allages",75,18.5,0.00876911113235808
"18-30","allages",76,18.75,0.00870372381591076
"18-30","allages",77,19,0.00862797547144678
"18-30","allages",78,19.25,0.00845107189981218
"18-30","allages",79,19.5,0.0081876887037297
"18-30","allages",80,19.75,0.00787698701582884
"18-30","allages",81,20,0.00750584301783324
"18-30","allages",82,20.25,0.00707658473518783
"18-30","allages",83,20.5,0.00663345504367522
"18-30","allages",84,20.75,0.00618088309766291
"18-30","allages",85,21,0.00568645173351627
"18-30","allages",86,21.25,0.00516733935655272
"18-30","allages",87,21.5,0.00466001280451993
"18-30","allages",88,21.75,0.00417343566926348
"18-30","allages",89,22,0.00370845790137676
"18-30","allages",90,22.25,0.00329158424174139
"18-30","allages",91,22.5,0.00293480551947973
"18-30","allages",92,22.75,0.00262466284052951
"18-30","allages",93,23,0.00233751948498506
"18-30","allages",94,23.25,0.00200268061528234
"18-30","allages",95,23.5,0.00139181234859735
"18-30","allages",96,23.75,0.000574057417083429
"31-55","pooled6",1,0,1.56323684822451e-42
"31-55","pooled6",2,0.25,4.75928675958924e-37
"31-55","pooled6",3,0.5,5.21887139234318e-32
"31-55","pooled6",4,0.75,2.06126901206806e-27
"31-55","pooled6",5,1,2.9324582623357e-23
"31-55","pooled6",6,1.25,1.50283496626699e-19
"31-55","pooled6",7,1.5,2.77518332345633e-16
"31-55","pooled6",8,1.75,1.8479861889927e-13
"31-55","pooled6",9,2,4.44657520241196e-11
"31-55","pooled6",10,2.25,3.88789379337206e-09
"31-55","pooled6",11,2.5,1.25425200923308e-07
"31-55","pooled6",12,2.75,1.55440780835552e-06
"31-55","pooled6",13,3,8.17905492728877e-06
"31-55","pooled6",14,3.25,2.24839674984048e-05
"31-55","pooled6",15,3.5,4.2912872014949e-05
"31-55","pooled6",16,3.75,6.90418826080617e-05
"31-55","pooled6",17,4,0.000101570045216208
"31-55","pooled6",18,4.25,0.000146320961455797
"31-55","pooled6",19,4.5,0.000215920224326884
"31-55","pooled6",20,4.75,0.000318703500343323
"31-55","pooled6",21,5,0.000457669652251363
"31-55","pooled6",22,5.25,0.00065899186418756
"31-55","pooled6",23,5.5,0.000978419737368491
"31-55","pooled6",24,5.75,0.00143591913687227
"31-55","pooled6",25,6,0.00200237032471147
"31-55","pooled6",26,6.25,0.00274582456720824
"31-55","pooled6",27,6.5,0.00386007907770489
"31-55","pooled6",28,6.75,0.00541534293452692
"31-55","pooled6",29,7,0.00720068524715204
"31-55","pooled6",30,7.25,0.00920162538913801
"31-55","pooled6",31,7.5,0.0117844333966837
"31-55","pooled6",32,7.75,0.0148984511437978
"31-55","pooled6",33,8,0.0177513874806534
"31-55","pooled6",34,8.25,0.0197675396658674
"31-55","pooled6",35,8.5,0.0211786255412505
"31-55","pooled6",36,8.75,0.0222887767239459
"31-55","pooled6",37,9,0.0231436767917747
"31-55","pooled6",38,9.25,0.0237477651486902
"31-55","pooled6",39,9.5,0.0242042499367902
"31-55","pooled6",40,9.75,0.0246114415935544
"31-55","pooled6",41,10,0.0249898135034538
"31-55","pooled6",42,10.25,0.0252857915247015
"31-55","pooled6",43,10.5,0.0254526373080372
"31-55","pooled6",44,10.75,0.0255416555484136
"31-55","pooled6",45,11,0.0256167096651982
"31-55","pooled6",46,11.25,0.0256533973348686
"31-55","pooled6",47,11.5,0.0256100018053263
"31-55","pooled6",48,11.75,0.0255205781883114
"31-55","pooled6",49,12,0.0254204652421883
"31-55","pooled6",50,12.25,0.0252923317004814
"31-55","pooled6",51,12.5,0.0251283099862244
"31-55","pooled6",52,12.75,0.0249671143905441
"31-55","pooled6",53,13,0.0248188319847454
"31-55","pooled6",54,13.25,0.0246457307686811
"31-55","pooled6",55,13.5,0.0244413834401814
"31-55","pooled6",56,13.75,0.0242137383834374
"31-55","pooled6",57,14,0.023914388241871
"31-55","pooled6",58,14.25,0.0234730934064991
"31-55","pooled6",59,14.5,0.0229076571377327
"31-55","pooled6",60,14.75,0.0222341673226011
"31-55","pooled6",61,15,0.0213625141727556
"31-55","pooled6",62,15.25,0.0201724656367567
"31-55","pooled6",63,15.5,0.018701982574187
"31-55","pooled6",64,15.75,0.0170981376985489
"31-55","pooled6",65,16,0.0154601851290908
"31-55","pooled6",66,16.25,0.0138442253075728
"31-55","pooled6",67,16.5,0.0123932497140204
"31-55","pooled6",68,16.75,0.0112343140892084
"31-55","pooled6",69,17,0.0103238607112391
"31-55","pooled6",70,17.25,0.00948324729825653
"31-55","pooled6",71,17.5,0.00868760925409436
"31-55","pooled6",72,17.75,0.00803162301950391
"31-55","pooled6",73,18,0.00752470129166669
"31-55","pooled6",74,18.25,0.00710585447352033
"31-55","pooled6",75,18.5,0.00677542239599196
"31-55","pooled6",76,18.75,0.00657005336564276
"31-55","pooled6",77,19,0.00642395201362343
"31-55","pooled6",78,19.25,0.00623442965707208
"31-55","pooled6",79,19.5,0.00599607527534879
"31-55","pooled6",80,19.75,0.00574332178115696
"31-55","pooled6",81,20,0.00546128527866427
"31-55","pooled6",82,20.25,0.00513840291777953
"31-55","pooled6",83,20.5,0.00480551230460355
"31-55","pooled6",84,20.75,0.00445997338325868
"31-55","pooled6",85,21,0.00408676896280206
"31-55","pooled6",86,21.25,0.00371035275110409
"31-55","pooled6",87,21.5,0.00335002313238918
"31-55","pooled6",88,21.75,0.00299999348414178
"31-55","pooled6",89,22,0.00265926525279497
"31-55","pooled6",90,22.25,0.00235034396089138
"31-55","pooled6",91,22.5,0.00208772147952781
"31-55","pooled6",92,22.75,0.00186681590397214
"31-55","pooled6",93,23,0.00166246151347842
"31-55","pooled6",94,23.25,0.0014193204154065
"31-55","pooled6",95,23.5,0.00098238837817881
"31-55","pooled6",96,23.75,0.000404257510176921
"31-55","base5",1,0,1.31045114314828e-42
"31-55","base5",2,0.25,3.989680717966e-37
"31-55","base5",3,0.5,4.37495372274912e-32
"31-55","base5",4,0.75,1.72795803543482e-27
"31-55","base5",5,1,2.4583000117136e-23
"31-55","base5",6,1.25,1.25987299997301e-19
"31-55","base5",7,1.5,2.32670486389312e-16
"31-55","base5",8,1.75,1.54968001716769e-13
"31-55","base5",9,2,3.73100270559946e-11
"31-55","base5",10,2.25,3.26748430891884e-09
"31-55","base5",11,2.5,1.05867380216793e-07
"31-55","base5",12,2.75,1.32677188248525e-06
"31-55","base5",13,3,7.16561116753821e-06
"31-55","base5",14,3.25,2.06550609793235e-05
"31-55","base5",15,3.5,4.16216721093519e-05
"31-55","base5",16,3.75,6.93634083939649e-05
"31-55","base5",17,4,0.000103737555801318
"31-55","base5",18,4.25,0.000150627811804447
"31-55","base5",19,4.5,0.000222407015821069
"31-55","base5",20,4.75,0.00032569890191758
"31-55","base5",21,5,0.00046188093989144
"31-55","base5",22,5.25,0.000655687457622533
"31-55","base5",23,5.5,0.000964757453533801
"31-55","base5",24,5.75,0.00141508019859105
"31-55","base5",25,6,0.00197419139681114
"31-55","base5",26,6.25,0.00270708009709223
"31-55","base5",27,6.5,0.00381574605761836
"31-55","base5",28,6.75,0.0053631612897928
"31-55","base5",29,7,0.00713116047727588
"31-55","base5",30,7.25,0.00911588387187418
"31-55","base5",31,7.5,0.0116752177898401
"31-55","base5",32,7.75,0.0147641924523616
"31-55","base5",33,8,0.0176139133626051
"31-55","base5",34,8.25,0.0196473553322518
"31-55","base5",35,8.5,0.0210864160068459
"31-55","base5",36,8.75,0.0222273112596578
"31-55","base5",37,9,0.0231048387860536
"31-55","base5",38,9.25,0.0237261756005187
"31-55","base5",39,9.5,0.0241935076537062
"31-55","base5",40,9.75,0.0246046387341365
"31-55","base5",41,10,0.024985847448491
"31-55","base5",42,10.25,0.0252814861396912
"31-55","base5",43,10.5,0.0254449476107881
"31-55","base5",44,10.75,0.0255307577185893
"31-55","base5",45,11,0.0256003956530344
"31-55","base5",46,11.25,0.0256320659872843
"31-55","base5",47,11.5,0.0255888851259249
"31-55","base5",48,11.75,0.0255014148799603
"31-55","base5",49,12,0.0253997883945795
"31-55","base5",50,12.25,0.0252666894822991
"31-55","base5",51,12.5,0.0251017760825825
"31-55","base5",52,12.75,0.0249459997605212
"31-55","base5",53,13,0.0247997839440389
"31-55","base5",54,13.25,0.024617271860019
"31-55","base5",55,13.5,0.0243960224588152
"31-55","base5",56,13.75,0.0241514410368404
"31-55","base5",57,14,0.023836758813646
"31-55","base5",58,14.25,0.0233875317867153
"31-55","base5",59,14.5,0.0228243034013978
"31-55","base5",60,14.75,0.02215168564797
"31-55","base5",61,15,0.0212745688190035
"31-55","base5",62,15.25,0.0200973969396001
"31-55","base5",63,15.5,0.0186663062168499
"31-55","base5",64,15.75,0.0171101695650629
"31-55","base5",65,16,0.0155082403854425
"31-55","base5",66,16.25,0.0139171879110239
"31-55","base5",67,16.5,0.0124872308888567
"31-55","base5",68,16.75,0.0113337592667111
"31-55","base5",69,17,0.0104013668758325
"31-55","base5",70,17.25,0.00953302890592961
"31-55","base5",71,17.5,0.00871836731604302
"31-55","base5",72,17.75,0.00804233717237497
"31-55","base5",73,18,0.00751114424428247
"31-55","base5",74,18.25,0.00708005034434878
"31-55","base5",75,18.5,0.00675590766054683
"31-55","base5",76,18.75,0.00656329906283872
"31-55","base5",77,19,0.00643798908222925
"31-55","base5",78,19.25,0.0062813852591241
"31-55","base5",79,19.5,0.00607554192763619
"31-55","base5",80,19.75,0.00583618824429968
"31-55","base5",81,20,0.00555143091521247
"31-55","base5",82,20.25,0.00522665461944798
"31-55","base5",83,20.5,0.00489763113400549
"31-55","base5",84,20.75,0.00455524319603236
"31-55","base5",85,21,0.00417851260954581
"31-55","base5",86,21.25,0.00379641632431923
"31-55","base5",87,21.5,0.00343344302610606
"31-55","base5",88,21.75,0.00308453293935917
"31-55","base5",89,22,0.00274740867342257
"31-55","base5",90,22.25,0.00244405703470522
"31-55","base5",91,22.5,0.00218494905668951
"31-55","base5",92,22.75,0.00195920086683151
"31-55","base5",93,23,0.00174223746311025
"31-55","base5",94,23.25,0.00148373189281879
"31-55","base5",95,23.5,0.00102552916419027
"31-55","base5",96,23.75,0.000421792562690784
"31-55","first",1,0,3.5164932146736e-42
"31-55","first",2,0.25,1.0705987795945e-36
"31-55","first",3,0.5,1.17398111541139e-31
"31-55","first",4,0.75,4.63679842019471e-27
"31-55","first",5,1,6.59648688321893e-23
"31-55","first",6,1.25,3.38053002848694e-19
"31-55","first",7,1.5,6.24230475709844e-16
"31-55","first",8,1.75,4.15619988532053e-13
"31-55","first",9,2,9.9970133482315e-11
"31-55","first",10,2.25,8.73244264691126e-09
"31-55","first",11,2.5,2.80946686074099e-07
"31-55","first",12,2.75,3.45491497447922e-06
"31-55","first",13,3,1.77772123457056e-05
"31-55","first",14,3.25,4.60490372918613e-05
"31-55","first",15,3.5,7.81591269350599e-05
"31-55","first",16,3.75,0.000107764900854484
"31-55","first",17,4,0.000135492838987981
"31-55","first",18,4.25,0.000170026125184932
"31-55","first",19,4.5,0.000224358748708419
"31-55","first",20,4.75,0.000301957896176388
"31-55","first",21,5,0.000400103700116761
"31-55","first",22,5.25,0.000547652549347905
"31-55","first",23,5.5,0.000817187985346053
"31-55","first",24,5.75,0.00124534960870924
"31-55","first",25,6,0.0017984087243893
"31-55","first",26,6.25,0.00252771823803331
"31-55","first",27,6.5,0.00363947889683643
"31-55","first",28,6.75,0.00522340212154345
"31-55","first",29,7,0.00702461812775271
"31-55","first",30,7.25,0.00895350259600261
"31-55","first",31,7.5,0.011349802754493
"31-55","first",32,7.75,0.0142703969795731
"31-55","first",33,8,0.0170872486264848
"31-55","first",34,8.25,0.0191939907890344
"31-55","first",35,8.5,0.0206996638920783
"31-55","first",36,8.75,0.021864959828421
"31-55","first",37,9,0.0227520355984891
"31-55","first",38,9.25,0.0233765212309108
"31-55","first",39,9.5,0.0238626770553253
"31-55","first",40,9.75,0.0243110684345923
"31-55","first",41,10,0.0247317456256737
"31-55","first",42,10.25,0.0250763929705774
"31-55","first",43,10.5,0.025293777116808
"31-55","first",44,10.75,0.0254302395199829
"31-55","first",45,11,0.0255471764783791
"31-55","first",46,11.25,0.0256302899343048
"31-55","first",47,11.5,0.0256295452640705
"31-55","first",48,11.75,0.0255503164207648
"31-55","first",49,12,0.0254143339010128
"31-55","first",50,12.25,0.025238975082838
"31-55","first",51,12.5,0.0250555533647215
"31-55","first",52,12.75,0.0248703128915552
"31-55","first",53,13,0.0246646706856966
"31-55","first",54,13.25,0.0244426710405442
"31-55","first",55,13.5,0.0242331618046654
"31-55","first",56,13.75,0.0240140046765338
"31-55","first",57,14,0.0237173293021919
"31-55","first",58,14.25,0.0233152746334477
"31-55","first",59,14.5,0.0228209826390575
"31-55","first",60,14.75,0.0222043055890135
"31-55","first",61,15,0.0213559038668885
"31-55","first",62,15.25,0.0201878237751825
"31-55","first",63,15.5,0.0188049250279339
"31-55","first",64,15.75,0.0173198238264212
"31-55","first",65,16,0.0157226077453204
"31-55","first",66,16.25,0.014102176995622
"31-55","first",67,16.5,0.0126827167298547
"31-55","first",68,16.75,0.0115724138307429
"31-55","first",69,17,0.0106423931556456
"31-55","first",70,17.25,0.00975196601366685
"31-55","first",71,17.5,0.00891659607995156
"31-55","first",72,17.75,0.00819198073233778
"31-55","first",73,18,0.00759435343614059
"31-55","first",74,18.25,0.00712426590111071
"31-55","first",75,18.5,0.00681299694022849
"31-55","first",76,18.75,0.00665888383607033
"31-55","first",77,19,0.00656474953001739
"31-55","first",78,19.25,0.00644591110792594
"31-55","first",79,19.5,0.00629111079322915
"31-55","first",80,19.75,0.00610247108834223
"31-55","first",81,20,0.00585662471149336
"31-55","first",82,20.25,0.00555067093904866
"31-55","first",83,20.5,0.00522751638210132
"31-55","first",84,20.75,0.0048946262922487
"31-55","first",85,21,0.00453517992204935
"31-55","first",86,21.25,0.00416460277351089
"31-55","first",87,21.5,0.00377922145890884
"31-55","first",88,21.75,0.00337350284272468
"31-55","first",89,22,0.00296721161878368
"31-55","first",90,22.25,0.00261053568194526
"31-55","first",91,22.5,0.00232162001005957
"31-55","first",92,22.75,0.00207536837850149
"31-55","first",93,23,0.00183936887683971
"31-55","first",94,23.25,0.00155367846720464
"31-55","first",95,23.5,0.00106022560392415
"31-55","first",96,23.75,0.000431798367729197
"31-55","last",1,0,1.24797366855876e-44
"31-55","last",2,0.25,3.80102174880505e-39
"31-55","last",3,0.5,4.17275843040623e-34
"31-55","last",4,0.75,1.65317758971163e-29
"31-55","last",5,1,2.3717644450829e-25
"31-55","last",6,1.25,1.24346887066813e-21
"31-55","last",7,1.5,2.43813636797249e-18
"31-55","last",8,1.75,1.88298271694722e-15
"31-55","last",9,2,6.24292374210774e-13
"31-55","last",10,2.25,9.55308712270076e-11
"31-55","last",11,2.5,6.66652057949471e-09
"31-55","last",12,2.75,2.00448190764247e-07
"31-55","last",13,3,2.58892563767763e-06
"31-55","last",14,3.25,1.56591471397801e-05
"31-55","last",15,3.5,5.09929834134813e-05
"31-55","last",16,3.75,0.000104540158130501
"31-55","last",17,4,0.000163392037349676
"31-55","last",18,4.25,0.000229465231332954
"31-55","last",19,4.5,0.000321646274556306
"31-55","last",20,4.75,0.000454711416735487
"31-55","last",21,5,0.000630928181947518
"31-55","last",22,5.25,0.00087246453654419
"31-55","last",23,5.5,0.00122965870397554
"31-55","last",24,5.75,0.00171205934540017
"31-55","last",25,6,0.00227748827491387
"31-55","last",26,6.25,0.00302207960984259
"31-55","last",27,6.5,0.00413716090108917
"31-55","last",28,6.75,0.0056613740874111
"31-55","last",29,7,0.00742939466933489
"31-55","last",30,7.25,0.00951763992137571
"31-55","last",31,7.5,0.0123036383089041
"31-55","last",32,7.75,0.0156590707905436
"31-55","last",33,8,0.0186464385719334
"31-55","last",34,8.25,0.0206690686993817
"31-55","last",35,8.5,0.0220679649208433
"31-55","last",36,8.75,0.0231853394045535
"31-55","last",37,9,0.024011972051522
"31-55","last",38,9.25,0.0245503574612764
"31-55","last",39,9.5,0.0249253157539363
"31-55","last",40,9.75,0.0252151429747083
"31-55","last",41,10,0.0254586161865703
"31-55","last",42,10.25,0.0256626120800933
"31-55","last",43,10.5,0.0257694858537643
"31-55","last",44,10.75,0.0258069533173749
"31-55","last",45,11,0.025849586117275
"31-55","last",46,11.25,0.0258660455872038
"31-55","last",47,11.5,0.025819842132609
"31-55","last",48,11.75,0.0257483486954507
"31-55","last",49,12,0.0256575118643286
"31-55","last",50,12.25,0.0255019890250806
"31-55","last",51,12.5,0.0252872584109801
"31-55","last",52,12.75,0.0251294127046339
"31-55","last",53,13,0.0250731455125849
"31-55","last",54,13.25,0.0249955823789853
"31-55","last",55,13.5,0.0248172997676252
"31-55","last",56,13.75,0.024567317574247
"31-55","last",57,14,0.0242155569053139
"31-55","last",58,14.25,0.0236860606819489
"31-55","last",59,14.5,0.0230241092157221
"31-55","last",60,14.75,0.0222274699282152
"31-55","last",61,15,0.0212019558340777
"31-55","last",62,15.25,0.0198690233710778
"31-55","last",63,15.5,0.0182465488710531
"31-55","last",64,15.75,0.0165082126552542
"31-55","last",65,16,0.0148410483603715
"31-55","last",66,16.25,0.013264356191213
"31-55","last",67,16.5,0.0118441416805218
"31-55","last",68,16.75,0.0106998899399681
"31-55","last",69,17,0.00982748873890068
"31-55","last",70,17.25,0.00903426984294076
"31-55","last",71,17.5,0.00829915301880934
"31-55","last",72,17.75,0.00769615289202171
"31-55","last",73,18,0.00716854841703746
"31-55","last",74,18.25,0.00668336305935268
"31-55","last",75,18.5,0.00628312367047485
"31-55","last",76,18.75,0.00602866504282536
"31-55","last",77,19,0.00587813223946535
"31-55","last",78,19.25,0.00569936128920729
"31-55","last",79,19.5,0.00544735472060257
"31-55","last",80,19.75,0.00516247829861053
"31-55","last",81,20,0.00484337112633132
"31-55","last",82,20.25,0.00447649309802271
"31-55","last",83,20.5,0.00414000307852167
"31-55","last",84,20.75,0.00383705495479802
"31-55","last",85,21,0.00351200649774487
"31-55","last",86,21.25,0.00316780728895403
"31-55","last",87,21.5,0.0028504859233057
"31-55","last",88,21.75,0.00257042253930754
"31-55","last",89,22,0.00230601314403644
"31-55","last",90,22.25,0.00205436567402223
"31-55","last",91,22.5,0.00182519834138335
"31-55","last",92,22.75,0.00163131866923772
"31-55","last",93,23,0.00144958896842537
"31-55","last",94,23.25,0.00122824433599085
"31-55","last",95,23.5,0.000845199173661607
"31-55","last",96,23.75,0.000347194557862124
"31-55","allages",1,0,9.20105733973159e-43
"31-55","allages",2,0.25,2.80126858333222e-37
"31-55","allages",3,0.5,3.07177402549437e-32
"31-55","allages",4,0.75,1.21324013918513e-27
"31-55","allages",5,1,1.7260062379899e-23
"31-55","allages",6,1.25,8.84540024026254e-20
"31-55","allages",7,1.5,1.63337537938694e-16
"31-55","allages",8,1.75,1.08757822133981e-13
"31-55","allages",9,2,2.61636581453464e-11
"31-55","allages",10,2.25,2.28636840018479e-09
"31-55","allages",11,2.5,7.36510775783191e-08
"31-55","allages",12,2.75,9.09447049816212e-07
"31-55","allages",13,3,4.74874534382568e-06
"31-55","allages",14,3.25,1.29057432010246e-05
"31-55","allages",15,3.5,2.4350105337747e-05
"31-55","allages",16,3.75,3.8600697051447e-05
"31-55","allages",17,4,5.56175705004492e-05
"31-55","allages",18,4.25,7.81175415399019e-05
"31-55","allages",19,4.5,0.000112696726655971
"31-55","allages",20,4.75,0.000165646366114754
"31-55","allages",21,5,0.000240264770494642
"31-55","allages",22,5.25,0.000351532139438864
"31-55","allages",23,5.5,0.000535616906283218
"31-55","allages",24,5.75,0.000812738400924703
"31-55","allages",25,6,0.00117210559817546
"31-55","allages",26,6.25,0.00165178017480866
"31-55","allages",27,6.5,0.00236605543487925
"31-55","allages",28,6.75,0.00336543919637722
"31-55","allages",29,7,0.00454399050850515
"31-55","allages",30,7.25,0.00600110970072428
"31-55","allages",31,7.5,0.00827751551836584
"31-55","allages",32,7.75,0.0115544308906587
"31-55","allages",33,8,0.0148250684418889
"31-55","allages",34,8.25,0.0170605689187986
"31-55","allages",35,8.5,0.0184805155964069
"31-55","allages",36,8.75,0.0196443196719437
"31-55","allages",37,9,0.0207447902465705
"31-55","allages",38,9.25,0.0217470779059378
"31-55","allages",39,9.5,0.0226781990616855
"31-55","allages",40,9.75,0.0236508689774512
"31-55","allages",41,10,0.0247320854142591
"31-55","allages",42,10.25,0.0256820839399458
"31-55","allages",43,10.5,0.0262213032333004
"31-55","allages",44,10.75,0.0264856597298679
"31-55","allages",45,11,0.0267048389262606
"31-55","allages",46,11.25,0.0267989216529665
"31-55","allages",47,11.5,0.0265903979073507
"31-55","allages",48,11.75,0.0262197813669254
"31-55","allages",49,12,0.0258725935659892
"31-55","allages",50,12.25,0.0255543772032013
"31-55","allages",51,12.5,0.025225740024499
"31-55","allages",52,12.75,0.0249481371195511
"31-55","allages",53,13,0.0247745378953367
"31-55","allages",54,13.25,0.0245955055718696
"31-55","allages",55,13.5,0.0242697007694961
"31-55","allages",56,13.75,0.0238136297746225
"31-55","allages",57,14,0.0232946844998887
"31-55","allages",58,14.25,0.0226631296374349
"31-55","allages",59,14.5,0.0218622151084671
"31-55","allages",60,14.75,0.0209475746299336
"31-55","allages",61,15,0.0199465343103907
"31-55","allages",62,15.25,0.0187934250866236
"31-55","allages",63,15.5,0.0175295417102149
"31-55","allages",64,15.75,0.0162785314383419
"31-55","allages",65,16,0.0150919467784496
"31-55","allages",66,16.25,0.0139371831128201
"31-55","allages",67,16.5,0.0128683715538863
"31-55","allages",68,16.75,0.0119959613773978
"31-55","allages",69,17,0.0112994515778713
"31-55","allages",70,17.25,0.0106360505220281
"31-55","allages",71,17.5,0.010006069547316
"31-55","allages",72,17.75,0.00951585967951528
"31-55","allages",73,18,0.00916541099952935
"31-55","allages",74,18.25,0.0089149635012429
"31-55","allages",75,18.5,0.00876911113235808
"31-55","allages",76,18.75,0.00870372381591076
"31-55","allages",77,19,0.00862797547144678
"31-55","allages",78,19.25,0.00845107189981218
"31-55","allages",79,19.5,0.0081876887037297
"31-55","allages",80,19.75,0.00787698701582884
"31-55","allages",81,20,0.00750584301783324
"31-55","allages",82,20.25,0.00707658473518783
"31-55","allages",83,20.5,0.00663345504367522
"31-55","allages",84,20.75,0.00618088309766291
"31-55","allages",85,21,0.00568645173351627
"31-55","allages",86,21.25,0.00516733935655272
"31-55","allages",87,21.5,0.00466001280451993
"31-55","allages",88,21.75,0.00417343566926348
"31-55","allages",89,22,0.00370845790137676
"31-55","allages",90,22.25,0.00329158424174139
"31-55","allages",91,22.5,0.00293480551947973
"31-55","allages",92,22.75,0.00262466284052951
"31-55","allages",93,23,0.00233751948498506
"31-55","allages",94,23.25,0.00200268061528234
"31-55","allages",95,23.5,0.00139181234859735
"31-55","allages",96,23.75,0.000574057417083429
"56-65","pooled6",1,0,2.28610118085257e-42
"56-65","pooled6",2,0.25,6.96004988088171e-37
"56-65","pooled6",3,0.5,7.63214415877881e-32
"56-65","pooled6",4,0.75,3.01441641663273e-27
"56-65","pooled6",5,1,4.28841266984585e-23
"56-65","pooled6",6,1.25,2.19768513273196e-19
"56-65","pooled6",7,1.5,4.05804506926857e-16
"56-65","pooled6",8,1.75,2.70174431909492e-13
"56-65","pooled6",9,2,6.4975874763046e-11
"56-65","pooled6",10,2.25,5.67332685841601e-09
"56-65","pooled6",11,2.5,1.82323451915151e-07
"56-65","pooled6",12,2.75,2.23566370062898e-06
"56-65","pooled6",13,3,1.14279908807675e-05
"56-65","pooled6",14,3.25,2.93104947848995e-05
"56-65","pooled6",15,3.5,5.00116326845604e-05
"56-65","pooled6",16,3.75,7.30147107754549e-05
"56-65","pooled6",17,4,0.000100895410797302
"56-65","pooled6",18,4.25,0.000136657828833265
"56-65","pooled6",19,4.5,0.000191611372925484
"56-65","pooled6",20,4.75,0.000280050044294623
"56-65","pooled6",21,5,0.000408938693830941
"56-65","pooled6",22,5.25,0.000608315873095102
"56-65","pooled6",23,5.5,0.000946457365406638
"56-65","pooled6",24,5.75,0.00145035432455757
"56-65","pooled6",25,6,0.00209704676423718
"56-65","pooled6",26,6.25,0.0029522405152006
"56-65","pooled6",27,6.5,0.0042166106354747
"56-65","pooled6",28,6.75,0.00595325010325681
"56-65","pooled6",29,7,0.00784126218141907
"56-65","pooled6",30,7.25,0.00973050054288586
"56-65","pooled6",31,7.5,0.0119011558075237
"56-65","pooled6",32,7.75,0.0143523516439649
"56-65","pooled6",33,8,0.0165803292263865
"56-65","pooled6",34,8.25,0.0182137057619294
"56-65","pooled6",35,8.5,0.0194401339895424
"56-65","pooled6",36,8.75,0.0205249165226779
"56-65","pooled6",37,9,0.0215472260400881
"56-65","pooled6",38,9.25,0.0224235879282382
"56-65","pooled6",39,9.5,0.023139551799071
"56-65","pooled6",40,9.75,0.0238157882916623
"56-65","pooled6",41,10,0.0245678753456717
"56-65","pooled6",42,10.25,0.0252670430478515
"56-65","pooled6",43,10.5,0.0256866148843594
"56-65","pooled6",44,10.75,0.0258828038406646
"56-65","pooled6",45,11,0.0260262893005904
"56-65","pooled6",46,11.25,0.026091376747799
"56-65","pooled6",47,11.5,0.025948699323915
"56-65","pooled6",48,11.75,0.0256599374426126
"56-65","pooled6",49,12,0.0253472304863963
"56-65","pooled6",50,12.25,0.0250492159930952
"56-65","pooled6",51,12.5,0.0247718849520302
"56-65","pooled6",52,12.75,0.0245625802723591
"56-65","pooled6",53,13,0.0244533273688118
"56-65","pooled6",54,13.25,0.0243594770266279
"56-65","pooled6",55,13.5,0.0241759890463069
"56-65","pooled6",56,13.75,0.0239278161094896
"56-65","pooled6",57,14,0.0236405221788902
"56-65","pooled6",58,14.25,0.0232088723286594
"56-65","pooled6",59,14.5,0.0226009318954253
"56-65","pooled6",60,14.75,0.021847821760806
"56-65","pooled6",61,15,0.0208904111724552
"56-65","pooled6",62,15.25,0.0196764904807376
"56-65","pooled6",63,15.5,0.0182722663766323
"56-65","pooled6",64,15.75,0.0168157827335896
"56-65","pooled6",65,16,0.0153857939413214
"56-65","pooled6",66,16.25,0.0139192222303962
"56-65","pooled6",67,16.5,0.0125191295422635
"56-65","pooled6",68,16.75,0.0113417234947553
"56-65","pooled6",69,17,0.0103680543851285
"56-65","pooled6",70,17.25,0.00949877707740006
"56-65","pooled6",71,17.5,0.00874797015131566
"56-65","pooled6",72,17.75,0.00817912740638229
"56-65","pooled6",73,18,0.00775887598110814
"56-65","pooled6",74,18.25,0.00744923964933782
"56-65","pooled6",75,18.5,0.00727303538353117
"56-65","pooled6",76,18.75,0.00721304151442424
"56-65","pooled6",77,19,0.00718902111022155
"56-65","pooled6",78,19.25,0.0070985261806043
"56-65","pooled6",79,19.5,0.00690103330946601
"56-65","pooled6",80,19.75,0.0066252360822488
"56-65","pooled6",81,20,0.00630962365725048
"56-65","pooled6",82,20.25,0.00595244479051393
"56-65","pooled6",83,20.5,0.00559113942743613
"56-65","pooled6",84,20.75,0.00524040915554256
"56-65","pooled6",85,21,0.00484840204528157
"56-65","pooled6",86,21.25,0.00440455204758064
"56-65","pooled6",87,21.5,0.00394982276935495
"56-65","pooled6",88,21.75,0.00349850795084785
"56-65","pooled6",89,22,0.00306624566083087
"56-65","pooled6",90,22.25,0.00270178601910481
"56-65","pooled6",91,22.5,0.0023993389602863
"56-65","pooled6",92,22.75,0.00211458763349372
"56-65","pooled6",93,23,0.00182377671834886
"56-65","pooled6",94,23.25,0.00149085805155729
"56-65","pooled6",95,23.5,0.000991743373505641
"56-65","pooled6",96,23.75,0.000398566961231308
"56-65","base5",1,0,2.14198711278488e-42
"56-65","base5",2,0.25,6.52129337881602e-37
"56-65","base5",3,0.5,7.15101845707057e-32
"56-65","base5",4,0.75,2.8243885121181e-27
"56-65","base5",5,1,4.01806876582122e-23
"56-65","base5",6,1.25,2.05913670176177e-19
"56-65","base5",7,1.5,3.8021881274074e-16
"56-65","base5",8,1.75,2.53135391734447e-13
"56-65","base5",9,2,6.08749893508777e-11
"56-65","base5",10,2.25,5.31456447157728e-09
"56-65","base5",11,2.5,1.70741397725863e-07
"56-65","base5",12,2.75,2.09259626140262e-06
"56-65","base5",13,3,1.07011681743409e-05
"56-65","base5",14,3.25,2.76057258701094e-05
"56-65","base5",15,3.5,4.7515051524132e-05
"56-65","base5",16,3.75,6.85553690871851e-05
"56-65","base5",17,4,9.31276885673412e-05
"56-65","base5",18,4.25,0.000125796318621036
"56-65","base5",19,4.5,0.000175108222306306
"56-65","base5",20,4.75,0.00025573783101076
"56-65","base5",21,5,0.000376452862352309
"56-65","base5",22,5.25,0.000563146433425167
"56-65","base5",23,5.5,0.000885993777548295
"56-65","base5",24,5.75,0.00137931748498552
"56-65","base5",25,6,0.0020118806986135
"56-65","base5",26,6.25,0.00284121443145261
"56-65","base5",27,6.5,0.0040646335276305
"56-65","base5",28,6.75,0.00576031566865705
"56-65","base5",29,7,0.00763293059374249
"56-65","base5",30,7.25,0.0095131987620491
"56-65","base5",31,7.5,0.0116818863020267
"56-65","base5",32,7.75,0.014160389872433
"56-65","base5",33,8,0.0164230604563864
"56-65","base5",34,8.25,0.0180873419671829
"56-65","base5",35,8.5,0.0193519111045184
"56-65","base5",36,8.75,0.0204743869941384
"56-65","base5",37,9,0.0215232408021338
"56-65","base5",38,9.25,0.0224135524374457
"56-65","base5",39,9.5,0.0231288586350263
"56-65","base5",40,9.75,0.0238008315967769
"56-65","base5",41,10,0.024574447516728
"56-65","base5",42,10.25,0.0253129751577151
"56-65","base5",43,10.5,0.0257624933835548
"56-65","base5",44,10.75,0.0259663544599032
"56-65","base5",45,11,0.0260965490865558
"56-65","base5",46,11.25,0.0261468197641876
"56-65","base5",47,11.5,0.0260030940672855
"56-65","base5",48,11.75,0.0257223673898185
"56-65","base5",49,12,0.0254058247131571
"56-65","base5",50,12.25,0.0250904978215157
"56-65","base5",51,12.5,0.0248064869895251
"56-65","base5",52,12.75,0.0246127661231683
"56-65","base5",53,13,0.024529747852052
"56-65","base5",54,13.25,0.0244520144896754
"56-65","base5",55,13.5,0.0242701674540571
"56-65","base5",56,13.75,0.0240157499059551
"56-65","base5",57,14,0.0237077522783563
"56-65","base5",58,14.25,0.0232447675245428
"56-65","base5",59,14.5,0.0226200930062931
"56-65","base5",60,14.75,0.0218745353583763
"56-65","base5",61,15,0.0209258245467859
"56-65","base5",62,15.25,0.0197029275992705
"56-65","base5",63,15.5,0.0182779874165936
"56-65","base5",64,15.75,0.0168114065125833
"56-65","base5",65,16,0.0153859626467458
"56-65","base5",66,16.25,0.0139303859695465
"56-65","base5",67,16.5,0.0125532372238516
"56-65","base5",68,16.75,0.0114071933417191
"56-65","base5",69,17,0.0104546388964502
"56-65","base5",70,17.25,0.00960466355320612
"56-65","base5",71,17.5,0.00887398832461945
"56-65","base5",72,17.75,0.00830362535687495
"56-65","base5",73,18,0.0078408304943572
"56-65","base5",74,18.25,0.0074731140785701
"56-65","base5",75,18.5,0.00727509061900175
"56-65","base5",76,18.75,0.00721313357457065
"56-65","base5",77,19,0.0071946511989583
"56-65","base5",78,19.25,0.00712675551729528
"56-65","base5",79,19.5,0.00694428547786623
"56-65","base5",80,19.75,0.00666916332915323
"56-65","base5",81,20,0.0063512314410405
"56-65","base5",82,20.25,0.00599132138210315
"56-65","base5",83,20.5,0.00562838026188652
"56-65","base5",84,20.75,0.00527988466531461
"56-65","base5",85,21,0.00489282444488673
"56-65","base5",86,21.25,0.00444940968752138
"56-65","base5",87,21.5,0.00398706873401444
"56-65","base5",88,21.75,0.00352880594534137
"56-65","base5",89,22,0.00308776006729937
"56-65","base5",90,22.25,0.00270828603113201
"56-65","base5",91,22.5,0.00238739415023132
"56-65","base5",92,22.75,0.00208186299349445
"56-65","base5",93,23,0.00177500707274269
"56-65","base5",94,23.25,0.00144134839275575
"56-65","base5",95,23.5,0.000958352572766022
"56-65","base5",96,23.75,0.000385731639988635
"56-65","first",1,0,1.07448877344171e-42
"56-65","first",2,0.25,3.27129248286247e-37
"56-65","first",3,0.5,3.58719683236483e-32
"56-65","first",4,0.75,1.41682540689357e-27
"56-65","first",5,1,2.01568134811104e-23
"56-65","first",6,1.25,1.03305712279652e-19
"56-65","first",7,1.5,1.90795407331207e-16
"56-65","first",8,1.75,1.27100860213889e-13
"56-65","first",9,2,3.06162209237484e-11
"56-65","first",10,2.25,2.68500028508339e-09
"56-65","first",11,2.5,8.73300096897031e-08
"56-65","first",12,2.75,1.10610044017838e-06
"56-65","first",13,3,6.13950573699189e-06
"56-65","first",14,3.25,1.86357233723575e-05
"56-65","first",15,3.5,3.86033151401904e-05
"56-65","first",16,3.75,5.85628182007283e-05
"56-65","first",17,4,7.2126313170667e-05
"56-65","first",18,4.25,9.28061544179602e-05
"56-65","first",19,4.5,0.000144424120506248
"56-65","first",20,4.75,0.00023514758134168
"56-65","first",21,5,0.000354075321731387
"56-65","first",22,5.25,0.000514377121221067
"56-65","first",23,5.5,0.000779610187255448
"56-65","first",24,5.75,0.0011977662354676
"56-65","first",25,6,0.00175007572611852
"56-65","first",26,6.25,0.00247340943934554
"56-65","first",27,6.5,0.00356661942638026
"56-65","first",28,6.75,0.00511410052283111
"56-65","first",29,7,0.00683481242109798
"56-65","first",30,7.25,0.00863401220631407
"56-65","first",31,7.5,0.0106917305299493
"56-65","first",32,7.75,0.0130345167153006
"56-65","first",33,8,0.015295214049685
"56-65","first",34,8.25,0.0170752337777818
"56-65","first",35,8.5,0.0185190479847723
"56-65","first",36,8.75,0.0198315359098601
"56-65","first",37,9,0.0210698055733034
"56-65","first",38,9.25,0.0221781999129302
"56-65","first",39,9.5,0.0231605708759883
"56-65","first",40,9.75,0.0240569658199597
"56-65","first",41,10,0.0248933708090461
"56-65","first",42,10.25,0.02556614246459
"56-65","first",43,10.5,0.0259463071876136
"56-65","first",44,10.75,0.0261677894472668
"56-65","first",45,11,0.0264156870250108
"56-65","first",46,11.25,0.0265754875264657
"56-65","first",47,11.5,0.0264602090946526
"56-65","first",48,11.75,0.0261225526251357
"56-65","first",49,12,0.0256632251140626
"56-65","first",50,12.25,0.0252057500237405
"56-65","first",51,12.5,0.0248691809295664
"56-65","first",52,12.75,0.0246731970027174
"56-65","first",53,13,0.0245573202908479
"56-65","first",54,13.25,0.024427515891478
"56-65","first",55,13.5,0.0242739470962509
"56-65","first",56,13.75,0.0240966447826699
"56-65","first",57,14,0.0237976794598284
"56-65","first",58,14.25,0.0233225444472712
"56-65","first",59,14.5,0.022733228356184
"56-65","first",60,14.75,0.0220598925724052
"56-65","first",61,15,0.0211836183966694
"56-65","first",62,15.25,0.020014091721911
"56-65","first",63,15.5,0.0186853458944668
"56-65","first",64,15.75,0.0172849622077978
"56-65","first",65,16,0.0158334668259021
"56-65","first",66,16.25,0.0142925716844007
"56-65","first",67,16.5,0.0127596651230315
"56-65","first",68,16.75,0.0113982515364857
"56-65","first",69,17,0.010236972035646
"56-65","first",70,17.25,0.00926519498458264
"56-65","first",71,17.5,0.0084797458431295
"56-65","first",72,17.75,0.00783782199398761
"56-65","first",73,18,0.0073086584340271
"56-65","first",74,18.25,0.00698276488654295
"56-65","first",75,18.5,0.00695826143184689
"56-65","first",76,18.75,0.00712597648181292
"56-65","first",77,19,0.00729862778668074
"56-65","first",78,19.25,0.00737222598285997
"56-65","first",79,19.5,0.00728269980466308
"56-65","first",80,19.75,0.00703552849766074
"56-65","first",81,20,0.00675113574069256
"56-65","first",82,20.25,0.00647114648715419
"56-65","first",83,20.5,0.00616492820766044
"56-65","first",84,20.75,0.00583298817892026
"56-65","first",85,21,0.00544699306203321
"56-65","first",86,21.25,0.00497697509980711
"56-65","first",87,21.5,0.00448199987493233
"56-65","first",88,21.75,0.00395508674860542
"56-65","first",89,22,0.00341072251666292
"56-65","first",90,22.25,0.00297588557735589
"56-65","first",91,22.5,0.00264136543997716
"56-65","first",92,22.75,0.00232654432400222
"56-65","first",93,23,0.00202077986610199
"56-65","first",94,23.25,0.00168171306644877
"56-65","first",95,23.5,0.00113727231620981
"56-65","first",96,23.75,0.00046101835715277
"56-65","last",1,0,2.7223990958293e-42
"56-65","last",2,0.25,8.28836972365775e-37
"56-65","last",3,0.5,9.08875677246771e-32
"56-65","last",4,0.75,3.58975103584154e-27
"56-65","last",5,1,5.10700581478585e-23
"56-65","last",6,1.25,2.61733397557576e-19
"56-65","last",7,1.5,4.83366033605271e-16
"56-65","last",8,1.75,3.21946271990021e-13
"56-65","last",9,2,7.75145592737816e-11
"56-65","last",10,2.25,6.7889756918423e-09
"56-65","last",11,2.5,2.19967375731093e-07
"56-65","last",12,2.75,2.75324169744668e-06
"56-65","last",13,3,1.47171056855957e-05
"56-65","last",14,3.25,4.03954432906518e-05
"56-65","last",15,3.5,7.104341550735e-05
"56-65","last",16,3.75,9.35967785473099e-05
"56-65","last",17,4,0.000106044492804802
"56-65","last",18,4.25,0.00012771527919615
"56-65","last",19,4.5,0.000178993583971932
"56-65","last",20,4.75,0.000260631294665857
"56-65","last",21,5,0.00038391560049424
"56-65","last",22,5.25,0.000606026720385785
"56-65","last",23,5.5,0.00102138651476241
"56-65","last",24,5.75,0.00169481892277374
"56-65","last",25,6,0.00255613674591162
"56-65","last",26,6.25,0.00359761894277202
"56-65","last",27,6.5,0.00502384521362921
"56-65","last",28,6.75,0.0068191126921474
"56-65","last",29,7,0.00870728208698682
"56-65","last",30,7.25,0.0107222906661731
"56-65","last",31,7.5,0.0131829970640752
"56-65","last",32,7.75,0.0159724063957729
"56-65","last",33,8,0.0183651480407962
"56-65","last",34,8.25,0.0200043225903717
"56-65","last",35,8.5,0.0211883066705608
"56-65","last",36,8.75,0.0221488548830572
"56-65","last",37,9,0.0229236980141232
"56-65","last",38,9.25,0.0234472381890677
"56-65","last",39,9.5,0.0237513588431091
"56-65","last",40,9.75,0.0240690741541332
"56-65","last",41,10,0.0245944250151546
"56-65","last",42,10.25,0.0251444881372523
"56-65","last",43,10.5,0.0254734619420314
"56-65","last",44,10.75,0.0256100347793225
"56-65","last",45,11,0.025737447572647
"56-65","last",46,11.25,0.0259308824006418
"56-65","last",47,11.5,0.026065581868696
"56-65","last",48,11.75,0.0260287893870137
"56-65","last",49,12,0.0258180059195366
"56-65","last",50,12.25,0.0255134621741107
"56-65","last",51,12.5,0.0251791475338911
"56-65","last",52,12.75,0.0249515430730025
"56-65","last",53,13,0.0248767610084122
"56-65","last",54,13.25,0.0247706116414054
"56-65","last",55,13.5,0.0244743991190006
"56-65","last",56,13.75,0.02405691451814
"56-65","last",57,14,0.023667738329642
"56-65","last",58,14.25,0.0231668817125694
"56-65","last",59,14.5,0.0224782151912351
"56-65","last",60,14.75,0.0216399776272218
"56-65","last",61,15,0.020602828150861
"56-65","last",62,15.25,0.0193552209245069
"56-65","last",63,15.5,0.0178672315236751
"56-65","last",64,15.75,0.0162522800122164
"56-65","last",65,16,0.014728308871936
"56-65","last",66,16.25,0.0131334392942952
"56-65","last",67,16.5,0.0115738201385463
"56-65","last",68,16.75,0.0104647290737987
"56-65","last",69,17,0.00976038814163399
"56-65","last",70,17.25,0.00908832131025311
"56-65","last",71,17.5,0.00844332945228258
"56-65","last",72,17.75,0.00799672557551442
"56-65","last",73,18,0.00766422990838613
"56-65","last",74,18.25,0.00725494861759695
"56-65","last",75,18.5,0.00684489720757465
"56-65","last",76,18.75,0.0065705475330615
"56-65","last",77,19,0.00640965944329999
"56-65","last",78,19.25,0.00624409276602579
"56-65","last",79,19.5,0.00599076631743092
"56-65","last",80,19.75,0.00568803822240887
"56-65","last",81,20,0.00536812854097947
"56-65","last",82,20.25,0.00499293404332337
"56-65","last",83,20.5,0.00461891901885054
"56-65","last",84,20.75,0.00431174715827839
"56-65","last",85,21,0.00399323893829186
"56-65","last",86,21.25,0.0036046619050891
"56-65","last",87,21.5,0.00324628966509546
"56-65","last",88,21.75,0.00293928293861672
"56-65","last",89,22,0.00263415895335747
"56-65","last",90,22.25,0.00235093577455796
"56-65","last",91,22.5,0.00208539978425764
"56-65","last",92,22.75,0.00179670765886955
"56-65","last",93,23,0.00151100720289181
"56-65","last",94,23.25,0.00122075202023758
"56-65","last",95,23.5,0.000807752596486665
"56-65","last",96,23.75,0.000323555943925922
"56-65","allages",1,0,9.20105733973159e-43
"56-65","allages",2,0.25,2.80126858333222e-37
"56-65","allages",3,0.5,3.07177402549437e-32
"56-65","allages",4,0.75,1.21324013918513e-27
"56-65","allages",5,1,1.7260062379899e-23
"56-65","allages",6,1.25,8.84540024026254e-20
"56-65","allages",7,1.5,1.63337537938694e-16
"56-65","allages",8,1.75,1.08757822133981e-13
"56-65","allages",9,2,2.61636581453464e-11
"56-65","allages",10,2.25,2.28636840018479e-09
"56-65","allages",11,2.5,7.36510775783191e-08
"56-65","allages",12,2.75,9.09447049816212e-07
"56-65","allages",13,3,4.74874534382568e-06
"56-65","allages",14,3.25,1.29057432010246e-05
"56-65","allages",15,3.5,2.4350105337747e-05
"56-65","allages",16,3.75,3.8600697051447e-05
"56-65","allages",17,4,5.56175705004492e-05
"56-65","allages",18,4.25,7.81175415399019e-05
"56-65","allages",19,4.5,0.000112696726655971
"56-65","allages",20,4.75,0.000165646366114754
"56-65","allages",21,5,0.000240264770494642
"56-65","allages",22,5.25,0.000351532139438864
"56-65","allages",23,5.5,0.000535616906283218
"56-65","allages",24,5.75,0.000812738400924703
"56-65","allages",25,6,0.00117210559817546
"56-65","allages",26,6.25,0.00165178017480866
"56-65","allages",27,6.5,0.00236605543487925
"56-65","allages",28,6.75,0.00336543919637722
"56-65","allages",29,7,0.00454399050850515
"56-65","allages",30,7.25,0.00600110970072428
"56-65","allages",31,7.5,0.00827751551836584
"56-65","allages",32,7.75,0.0115544308906587
"56-65","allages",33,8,0.0148250684418889
"56-65","allages",34,8.25,0.0170605689187986
"56-65","allages",35,8.5,0.0184805155964069
"56-65","allages",36,8.75,0.0196443196719437
"56-65","allages",37,9,0.0207447902465705
"56-65","allages",38,9.25,0.0217470779059378
"56-65","allages",39,9.5,0.0226781990616855
"56-65","allages",40,9.75,0.0236508689774512
"56-65","allages",41,10,0.0247320854142591
"56-65","allages",42,10.25,0.0256820839399458
"56-65","allages",43,10.5,0.0262213032333004
"56-65","allages",44,10.75,0.0264856597298679
"56-65","allages",45,11,0.0267048389262606
"56-65","allages",46,11.25,0.0267989216529665
"56-65","allages",47,11.5,0.0265903979073507
"56-65","allages",48,11.75,0.0262197813669254
"56-65","allages",49,12,0.0258725935659892
"56-65","allages",50,12.25,0.0255543772032013
"56-65","allages",51,12.5,0.025225740024499
"56-65","allages",52,12.75,0.0249481371195511
"56-65","allages",53,13,0.0247745378953367
"56-65","allages",54,13.25,0.0245955055718696
"56-65","allages",55,13.5,0.0242697007694961
"56-65","allages",56,13.75,0.0238136297746225
"56-65","allages",57,14,0.0232946844998887
"56-65","allages",58,14.25,0.0226631296374349
"56-65","allages",59,14.5,0.0218622151084671
"56-65","allages",60,14.75,0.0209475746299336
"56-65","allages",61,15,0.0199465343103907
"56-65","allages",62,15.25,0.0187934250866236
"56-65","allages",63,15.5,0.0175295417102149
"56-65","allages",64,15.75,0.0162785314383419
"56-65","allages",65,16,0.0150919467784496
"56-65","allages",66,16.25,0.0139371831128201
"56-65","allages",67,16.5,0.0128683715538863
"56-65","allages",68,16.75,0.0119959613773978
"56-65","allages",69,17,0.0112994515778713
"56-65","allages",70,17.25,0.0106360505220281
"56-65","allages",71,17.5,0.010006069547316
"56-65","allages",72,17.75,0.00951585967951528
"56-65","allages",73,18,0.00916541099952935
"56-65","allages",74,18.25,0.0089149635012429
"56-65","allages",75,18.5,0.00876911113235808
"56-65","allages",76,18.75,0.00870372381591076
"56-65","allages",77,19,0.00862797547144678
"56-65","allages",78,19.25,0.00845107189981218
"56-65","allages",79,19.5,0.0081876887037297
"56-65","allages",80,19.75,0.00787698701582884
"56-65","allages",81,20,0.00750584301783324
"56-65","allages",82,20.25,0.00707658473518783
"56-65","allages",83,20.5,0.00663345504367522
"56-65","allages",84,20.75,0.00618088309766291
"56-65","allages",85,21,0.00568645173351627
"56-65","allages",86,21.25,0.00516733935655272
"56-65","allages",87,21.5,0.00466001280451993
"56-65","allages",88,21.75,0.00417343566926348
"56-65","allages",89,22,0.00370845790137676
"56-65","allages",90,22.25,0.00329158424174139
"56-65","allages",91,22.5,0.00293480551947973
"56-65","allages",92,22.75,0.00262466284052951
"56-65","allages",93,23,0.00233751948498506
"56-65","allages",94,23.25,0.00200268061528234
"56-65","allages",95,23.5,0.00139181234859735
"56-65","allages",96,23.75,0.000574057417083429
"66+","pooled6",1,0,1.62195107989189e-43
"66+","pooled6",2,0.25,4.93803319306246e-38
"66+","pooled6",3,0.5,5.41485000670757e-33
"66+","pooled6",4,0.75,2.13864255754286e-28
"66+","pooled6",5,1,3.04241217368882e-24
"66+","pooled6",6,1.25,1.55901374964643e-20
"66+","pooled6",7,1.5,2.87806007881662e-17
"66+","pooled6",8,1.75,1.91491592251623e-14
"66+","pooled6",9,2,4.5973196173277e-12
"66+","pooled6",10,2.25,3.99570060388806e-10
"66+","pooled6",11,2.5,1.269494164227e-08
"66+","pooled6",12,2.75,1.52115886229178e-07
"66+","pooled6",13,3,7.66576201064041e-07
"66+","pooled6",14,3.25,2.22682199482651e-06
"66+","pooled6",15,3.5,5.3233323173279e-06
"66+","pooled6",16,3.75,1.02910387785463e-05
"66+","pooled6",17,4,1.73719998273638e-05
"66+","pooled6",18,4.25,2.75266126034451e-05
"66+","pooled6",19,4.5,4.10557166739111e-05
"66+","pooled6",20,4.75,6.24832142057162e-05
"66+","pooled6",21,5,9.72877072851888e-05
"66+","pooled6",22,5.25,0.000145723472778679
"66+","pooled6",23,5.5,0.000216734451705691
"66+","pooled6",24,5.75,0.000330684263576321
"66+","pooled6",25,6,0.0005055115810099
"66+","pooled6",26,6.25,0.000758031657632001
"66+","pooled6",27,6.5,0.00108749035490853
"66+","pooled6",28,6.75,0.00149717613113853
"66+","pooled6",29,7,0.00198483841479585
"66+","pooled6",30,7.25,0.00255300334647005
"66+","pooled6",31,7.5,0.00329282443636824
"66+","pooled6",32,7.75,0.00427213442455383
"66+","pooled6",33,8,0.0053961148469256
"66+","pooled6",34,8.25,0.0065496516511378
"66+","pooled6",35,8.5,0.00783576661098779
"66+","pooled6",36,8.75,0.00948512199170922
"66+","pooled6",37,9,0.0116025968206376
"66+","pooled6",38,9.25,0.0139914963113686
"66+","pooled6",39,9.5,0.0165241304257179
"66+","pooled6",40,9.75,0.0194221023127277
"66+","pooled6",41,10,0.0228927934964748
"66+","pooled6",42,10.25,0.0260279097269494
"66+","pooled6",43,10.5,0.0277668080150989
"66+","pooled6",44,10.75,0.0285574812700415
"66+","pooled6",45,11,0.0291937268342504
"66+","pooled6",46,11.25,0.0293938036428645
"66+","pooled6",47,11.5,0.0285325301888192
"66+","pooled6",48,11.75,0.0271318132331281
"66+","pooled6",49,12,0.0258922658147548
"66+","pooled6",50,12.25,0.0248919230640718
"66+","pooled6",51,12.5,0.0240159914793598
"66+","pooled6",52,12.75,0.0235412634045914
"66+","pooled6",53,13,0.0237294984802643
"66+","pooled6",54,13.25,0.024127362598075
"66+","pooled6",55,13.5,0.0242193986261646
"66+","pooled6",56,13.75,0.0241975104759053
"66+","pooled6",57,14,0.0244746824019478
"66+","pooled6",58,14.25,0.0247036900817359
"66+","pooled6",59,14.5,0.0243222754596626
"66+","pooled6",60,14.75,0.0235676788068736
"66+","pooled6",61,15,0.0228886756207477
"66+","pooled6",62,15.25,0.0220721403774151
"66+","pooled6",63,15.5,0.0208983962882517
"66+","pooled6",64,15.75,0.0196185755178547
"66+","pooled6",65,16,0.0184388088794643
"66+","pooled6",66,16.25,0.017239868660393
"66+","pooled6",67,16.5,0.0159038836091587
"66+","pooled6",68,16.75,0.0146040877191258
"66+","pooled6",69,17,0.0135094002036496
"66+","pooled6",70,17.25,0.0125416872926124
"66+","pooled6",71,17.5,0.0116860729482535
"66+","pooled6",72,17.75,0.0110799934048064
"66+","pooled6",73,18,0.0108174803356584
"66+","pooled6",74,18.25,0.0108930810337913
"66+","pooled6",75,18.5,0.0111881820892533
"66+","pooled6",76,18.75,0.0114955281028096
"66+","pooled6",77,19,0.0116789910800844
"66+","pooled6",78,19.25,0.0116610285178224
"66+","pooled6",79,19.5,0.0114796665144506
"66+","pooled6",80,19.75,0.0111867469115389
"66+","pooled6",81,20,0.0107533784705613
"66+","pooled6",82,20.25,0.0102064544528815
"66+","pooled6",83,20.5,0.00962846747880211
"66+","pooled6",84,20.75,0.00899926920821145
"66+","pooled6",85,21,0.00826088616029298
"66+","pooled6",86,21.25,0.00743842233728425
"66+","pooled6",87,21.5,0.0065842797715223
"66+","pooled6",88,21.75,0.00574274954991584
"66+","pooled6",89,22,0.0049535760451852
"66+","pooled6",90,22.25,0.00424050064231295
"66+","pooled6",91,22.5,0.00360988776667138
"66+","pooled6",92,22.75,0.0030597920478191
"66+","pooled6",93,23,0.00258540866523449
"66+","pooled6",94,23.25,0.00212863609536444
"66+","pooled6",95,23.5,0.00144284033720526
"66+","pooled6",96,23.75,0.000587117021508254
"66+","base5",1,0,1.94634129587026e-43
"66+","base5",2,0.25,5.92563983167496e-38
"66+","base5",3,0.5,6.49782000804908e-33
"66+","base5",4,0.75,2.56637106905144e-28
"66+","base5",5,1,3.65089460842659e-24
"66+","base5",6,1.25,1.87081649957572e-20
"66+","base5",7,1.5,3.45367209457994e-17
"66+","base5",8,1.75,2.29789910701947e-14
"66+","base5",9,2,5.51678354079324e-12
"66+","base5",10,2.25,4.79484072466567e-10
"66+","base5",11,2.5,1.5233929970724e-08
"66+","base5",12,2.75,1.82539063475014e-07
"66+","base5",13,3,9.19891441276632e-07
"66+","base5",14,3.25,2.67218639342019e-06
"66+","base5",15,3.5,6.38799855113836e-06
"66+","base5",16,3.75,1.23491952724656e-05
"66+","base5",17,4,2.0842246482469e-05
"66+","base5",18,4.25,3.29081586990399e-05
"66+","base5",19,4.5,4.78621480674241e-05
"66+","base5",20,4.75,6.83751757936117e-05
"66+","base5",21,5,0.000101378656610092
"66+","base5",22,5.25,0.000150775063786719
"66+","base5",23,5.5,0.000222371521393963
"66+","base5",24,5.75,0.000329007868325781
"66+","base5",25,6,0.000488825484154519
"66+","base5",26,6.25,0.00072539548211405
"66+","base5",27,6.5,0.00103313491813651
"66+","base5",28,6.75,0.0014171354739608
"66+","base5",29,7,0.00188682917983875
"66+","base5",30,7.25,0.00243949569239158
"66+","base5",31,7.5,0.00316421234108484
"66+","base5",32,7.75,0.00414678956402965
"66+","base5",33,8,0.00529877993364877
"66+","base5",34,8.25,0.00648515262745939
"66+","base5",35,8.5,0.00778881516798186
"66+","base5",36,8.75,0.00944598138528471
"66+","base5",37,9,0.0115854094893296
"66+","base5",38,9.25,0.0140353636459587
"66+","base5",39,9.5,0.0166444033637966
"66+","base5",40,9.75,0.0195993893728685
"66+","base5",41,10,0.023143976278742
"66+","base5",42,10.25,0.0263697851034532
"66+","base5",43,10.5,0.0281621482101035
"66+","base5",44,10.75,0.0289477439092697
"66+","base5",45,11,0.0295429400103294
"66+","base5",46,11.25,0.0297022178577013
"66+","base5",47,11.5,0.028819448299846
"66+","base5",48,11.75,0.0274023870263152
"66+","base5",49,12,0.0261003864847024
"66+","base5",50,12.25,0.0250354498348188
"66+","base5",51,12.5,0.0241470350597604
"66+","base5",52,12.75,0.0236555217157286
"66+","base5",53,13,0.0238137678361193
"66+","base5",54,13.25,0.0242183752979386
"66+","base5",55,13.5,0.0243522990365762
"66+","base5",56,13.75,0.0243587706755435
"66+","base5",57,14,0.0246299426619476
"66+","base5",58,14.25,0.0248523466791552
"66+","base5",59,14.5,0.0244813984018365
"66+","base5",60,14.75,0.0237175098151578
"66+","base5",61,15,0.0229904290802615
"66+","base5",62,15.25,0.0220994445053321
"66+","base5",63,15.5,0.020855529230155
"66+","base5",64,15.75,0.0195398128572364
"66+","base5",65,16,0.0183519201943444
"66+","base5",66,16.25,0.0171521685019146
"66+","base5",67,16.5,0.0158104135763072
"66+","base5",68,16.75,0.0144739346903849
"66+","base5",69,17,0.0133036377784052
"66+","base5",70,17.25,0.0122741341089775
"66+","base5",71,17.5,0.0113882121719528
"66+","base5",72,17.75,0.0107680551319204
"66+","base5",73,18,0.0104963762347299
"66+","base5",74,18.25,0.0105476941518963
"66+","base5",75,18.5,0.0108318849013243
"66+","base5",76,18.75,0.0111594659792706
"66+","base5",77,19,0.0113761741002927
"66+","base5",78,19.25,0.0114009246985188
"66+","base5",79,19.5,0.0112607793824993
"66+","base5",80,19.75,0.0110081609799966
"66+","base5",81,20,0.0106290596811969
"66+","base5",82,20.25,0.0101309153104705
"66+","base5",83,20.5,0.00959407255471388
"66+","base5",84,20.75,0.00899673061632826
"66+","base5",85,21,0.00827122246714767
"66+","base5",86,21.25,0.00747493995528875
"66+","base5",87,21.5,0.00664900210109258
"66+","base5",88,21.75,0.00580180780850905
"66+","base5",89,22,0.00499242547242891
"66+","base5",90,22.25,0.00427278329022809
"66+","base5",91,22.5,0.00364684803074428
"66+","base5",92,22.75,0.00309207860220844
"66+","base5",93,23,0.00259850071858715
"66+","base5",94,23.25,0.00212100695016228
"66+","base5",95,23.5,0.00142683034045503
"66+","base5",96,23.75,0.000578012158799118
"66+","first",1,0,8.64892725433404e-111
"66+","first",2,0.25,2.34569468095924e-101
"66+","first",3,0.5,2.29136923398663e-92
"66+","first",4,0.75,8.06181873248512e-84
"66+","first",5,1,1.02161048215548e-75
"66+","first",6,1.25,4.66285617823545e-68
"66+","first",7,1.5,7.6653694605067e-61
"66+","first",8,1.75,4.53867014026843e-54
"66+","first",9,2,9.67918480893955e-48
"66+","first",10,2.25,7.43471052163265e-42
"66+","first",11,2.5,2.05686505659873e-36
"66+","first",12,2.75,2.04959315177983e-31
"66+","first",13,3,7.35630497689412e-27
"66+","first",14,3.25,9.51063858497407e-23
"66+","first",15,3.5,4.42989617765168e-19
"66+","first",16,3.75,7.43738100721536e-16
"66+","first",17,4,4.50672664815369e-13
"66+","first",18,4.25,9.8918982152839e-11
"66+","first",19,4.5,7.94146944735729e-09
"66+","first",20,4.75,2.39252089848758e-07
"66+","first",21,5,2.88137203844387e-06
"66+","first",22,5.25,1.58790588667621e-05
"66+","first",23,5.5,5.02871102878321e-05
"66+","first",24,5.75,0.000120714436800742
"66+","first",25,6,0.000255387744923631
"66+","first",26,6.25,0.000455505962515471
"66+","first",27,6.5,0.000711429575992373
"66+","first",28,6.75,0.00107869943197949
"66+","first",29,7,0.00150204594040538
"66+","first",30,7.25,0.00187917827944097
"66+","first",31,7.5,0.0023647200917058
"66+","first",32,7.75,0.0030923475008637
"66+","first",33,8,0.00395253696678181
"66+","first",34,8.25,0.00492205151108885
"66+","first",35,8.5,0.00625187496120074
"66+","first",36,8.75,0.00803953580053057
"66+","first",37,9,0.0102290763992115
"66+","first",38,9.25,0.0127541060491019
"66+","first",39,9.5,0.015644202598171
"66+","first",40,9.75,0.0190008148422465
"66+","first",41,10,0.0227826507798229
"66+","first",42,10.25,0.0260982600254101
"66+","first",43,10.5,0.0280804612287627
"66+","first",44,10.75,0.0291371110618949
"66+","first",45,11,0.029750646467447
"66+","first",46,11.25,0.0297133446370341
"66+","first",47,11.5,0.0287516415817987
"66+","first",48,11.75,0.0271400061162367
"66+","first",49,12,0.0253290682948199
"66+","first",50,12.25,0.0238442062490172
"66+","first",51,12.5,0.0228166062060285
"66+","first",52,12.75,0.0222620289484417
"66+","first",53,13,0.0222309315104561
"66+","first",54,13.25,0.0225947581232367
"66+","first",55,13.5,0.0230794869132575
"66+","first",56,13.75,0.0235164002518823
"66+","first",57,14,0.0240448570538063
"66+","first",58,14.25,0.0243961821152729
"66+","first",59,14.5,0.0242678857107914
"66+","first",60,14.75,0.0239389772271316
"66+","first",61,15,0.0236288026168383
"66+","first",62,15.25,0.0232208933901632
"66+","first",63,15.5,0.0225669764855281
"66+","first",64,15.75,0.0215543816887367
"66+","first",65,16,0.0202331573200196
"66+","first",66,16.25,0.0187351265204779
"66+","first",67,16.5,0.0169845773797708
"66+","first",68,16.75,0.0151086896657135
"66+","first",69,17,0.0133564743348731
"66+","first",70,17.25,0.0118817775021169
"66+","first",71,17.5,0.0108553408551424
"66+","first",72,17.75,0.0102717162011675
"66+","first",73,18,0.0101526708101382
"66+","first",74,18.25,0.0104401691300393
"66+","first",75,18.5,0.0109227451693204
"66+","first",76,18.75,0.0114239412175488
"66+","first",77,19,0.011811047859666
"66+","first",78,19.25,0.0120285599618703
"66+","first",79,19.5,0.0120506893178646
"66+","first",80,19.75,0.0118838777017204
"66+","first",81,20,0.0115753537954794
"66+","first",82,20.25,0.0111703367447776
"66+","first",83,20.5,0.010742782826582
"66+","first",84,20.75,0.0102875679402183
"66+","first",85,21,0.00966189690626482
"66+","first",86,21.25,0.0088964313247635
"66+","first",87,21.5,0.00808878962209666
"66+","first",88,21.75,0.00715094516411043
"66+","first",89,22,0.0061374960509773
"66+","first",90,22.25,0.00524330108439615
"66+","first",91,22.5,0.00448347725232869
"66+","first",92,22.75,0.00376498333909599
"66+","first",93,23,0.00305457411399175
"66+","first",94,23.25,0.00236511007679066
"66+","first",95,23.5,0.00154386819460934
"66+","first",96,23.75,0.000622437005169247
"66+","last",1,0,3.04325408718204e-54
"66+","last",2,0.25,6.99174489144599e-48
"66+","last",3,0.5,5.78558841203805e-42
"66+","last",4,0.75,1.72434644561296e-36
"66+","last",5,1,1.85104820478521e-31
"66+","last",6,1.25,7.15698957736774e-27
"66+","last",7,1.5,9.96715934222439e-23
"66+","last",8,1.75,4.99994522652643e-19
"66+","last",9,2,9.03606070572727e-16
"66+","last",10,2.25,5.88569500838022e-13
"66+","last",11,2.5,1.38333874179439e-10
"66+","last",12,2.75,1.17697314454427e-08
"66+","last",13,3,3.65721918015834e-07
"66+","last",14,3.25,4.25264664526518e-06
"66+","last",15,3.5,1.97791604892245e-05
"66+","last",16,3.75,4.35816573001011e-05
"66+","last",17,4,6.22120478907419e-05
"66+","last",18,4.25,7.47382398047509e-05
"66+","last",19,4.5,8.25783830346468e-05
"66+","last",20,4.75,0.000100897796782408
"66+","last",21,5,0.000155796269983713
"66+","last",22,5.25,0.000240179030482606
"66+","last",23,5.5,0.000343010295481093
"66+","last",24,5.75,0.000491072055377066
"66+","last",25,6,0.000695992717933264
"66+","last",26,6.25,0.000998574814434699
"66+","last",27,6.5,0.00143477256084389
"66+","last",28,6.75,0.00193576177660259
"66+","last",29,7,0.00247331437019431
"66+","last",30,7.25,0.00314367809661883
"66+","last",31,7.5,0.00409519877576696
"66+","last",32,7.75,0.00541589005750073
"66+","last",33,8,0.00695938182576693
"66+","last",34,8.25,0.00836123934422492
"66+","last",35,8.5,0.00957277320604602
"66+","last",36,8.75,0.0110202825287399
"66+","last",37,9,0.0127670985531385
"66+","last",38,9.25,0.0146554217618284
"66+","last",39,9.5,0.0167066015900097
"66+","last",40,9.75,0.0191065369276625
"66+","last",41,10,0.0223168210737268
"66+","last",42,10.25,0.0253908985609979
"66+","last",43,10.5,0.0270160632149075
"66+","last",44,10.75,0.0278047997154371
"66+","last",45,11,0.0288224500670031
"66+","last",46,11.25,0.029558108139331
"66+","last",47,11.5,0.0289121590985263
"66+","last",48,11.75,0.0275714745832574
"66+","last",49,12,0.0265693729945536
"66+","last",50,12.25,0.0256723579140471
"66+","last",51,12.5,0.0245005965857578
"66+","last",52,12.75,0.0235902326576412
"66+","last",53,13,0.0235661545763748
"66+","last",54,13.25,0.0239020900224949
"66+","last",55,13.5,0.0237247232737578
"66+","last",56,13.75,0.0233888736500921
"66+","last",57,14,0.0236965116700742
"66+","last",58,14.25,0.0241247803013857
"66+","last",59,14.5,0.0235934738076346
"66+","last",60,14.75,0.0222673030643736
"66+","last",61,15,0.0211061489160096
"66+","last",62,15.25,0.0200035915295166
"66+","last",63,15.5,0.0185192415737789
"66+","last",64,15.75,0.0172241691761005
"66+","last",65,16,0.0165227571325295
"66+","last",66,16.25,0.0158101759431459
"66+","last",67,16.5,0.014711925246925
"66+","last",68,16.75,0.0136860838738941
"66+","last",69,17,0.0131263005135008
"66+","last",70,17.25,0.0127973182288925
"66+","last",71,17.5,0.0123492747820433
"66+","last",72,17.75,0.0119596858095633
"66+","last",73,18,0.0119098474027955
"66+","last",74,18.25,0.0121939419317199
"66+","last",75,18.5,0.0126077715120925
"66+","last",76,18.75,0.0128730508371851
"66+","last",77,19,0.0128879158788433
"66+","last",78,19.25,0.0126755251277333
"66+","last",79,19.5,0.01234030709714
"66+","last",80,19.75,0.0118856013315005
"66+","last",81,20,0.0112185623046089
"66+","last",82,20.25,0.0104060709609791
"66+","last",83,20.5,0.00960064965289058
"66+","last",84,20.75,0.0087148983877574
"66+","last",85,21,0.00766494829465401
"66+","last",86,21.25,0.00667752253259277
"66+","last",87,21.5,0.00585511698178729
"66+","last",88,21.75,0.0051339792515421
"66+","last",89,22,0.00446305168913707
"66+","last",90,22.25,0.00379022950937861
"66+","last",91,22.5,0.00319531404314236
"66+","last",92,22.75,0.00272662629714592
"66+","last",93,23,0.00237681886864383
"66+","last",94,23.25,0.00203808581374478
"66+","last",95,23.5,0.00141579244453246
"66+","last",96,23.75,0.000581460030021757
"66+","allages",1,0,9.20105733973159e-43
"66+","allages",2,0.25,2.80126858333222e-37
"66+","allages",3,0.5,3.07177402549437e-32
"66+","allages",4,0.75,1.21324013918513e-27
"66+","allages",5,1,1.7260062379899e-23
"66+","allages",6,1.25,8.84540024026254e-20
"66+","allages",7,1.5,1.63337537938694e-16
"66+","allages",8,1.75,1.08757822133981e-13
"66+","allages",9,2,2.61636581453464e-11
"66+","allages",10,2.25,2.28636840018479e-09
"66+","allages",11,2.5,7.36510775783191e-08
"66+","allages",12,2.75,9.09447049816212e-07
"66+","allages",13,3,4.74874534382568e-06
"66+","allages",14,3.25,1.29057432010246e-05
"66+","allages",15,3.5,2.4350105337747e-05
"66+","allages",16,3.75,3.8600697051447e-05
"66+","allages",17,4,5.56175705004492e-05
"66+","allages",18,4.25,7.81175415399019e-05
"66+","allages",19,4.5,0.000112696726655971
"66+","allages",20,4.75,0.000165646366114754
"66+","allages",21,5,0.000240264770494642
"66+","allages",22,5.25,0.000351532139438864
"66+","allages",23,5.5,0.000535616906283218
"66+","allages",24,5.75,0.000812738400924703
"66+","allages",25,6,0.00117210559817546
"66+","allages",26,6.25,0.00165178017480866
"66+","allages",27,6.5,0.00236605543487925
"66+","allages",28,6.75,0.00336543919637722
"66+","allages",29,7,0.00454399050850515
"66+","allages",30,7.25,0.00600110970072428
"66+","allages",31,7.5,0.00827751551836584
"66+","allages",32,7.75,0.0115544308906587
"66+","allages",33,8,0.0148250684418889
"66+","allages",34,8.25,0.0170605689187986
"66+","allages",35,8.5,0.0184805155964069
"66+","allages",36,8.75,0.0196443196719437
"66+","allages",37,9,0.0207447902465705
"66+","allages",38,9.25,0.0217470779059378
"66+","allages",39,9.5,0.0226781990616855
"66+","allages",40,9.75,0.0236508689774512
"66+","allages",41,10,0.0247320854142591
"66+","allages",42,10.25,0.0256820839399458
"66+","allages",43,10.5,0.0262213032333004
"66+","allages",44,10.75,0.0264856597298679
"66+","allages",45,11,0.0267048389262606
"66+","allages",46,11.25,0.0267989216529665
"66+","allages",47,11.5,0.0265903979073507
"66+","allages",48,11.75,0.0262197813669254
"66+","allages",49,12,0.0258725935659892
"66+","allages",50,12.25,0.0255543772032013
"66+","allages",51,12.5,0.025225740024499
"66+","allages",52,12.75,0.0249481371195511
"66+","allages",53,13,0.0247745378953367
"66+","allages",54,13.25,0.0245955055718696
"66+","allages",55,13.5,0.0242697007694961
"66+","allages",56,13.75,0.0238136297746225
"66+","allages",57,14,0.0232946844998887
"66+","allages",58,14.25,0.0226631296374349
"66+","allages",59,14.5,0.0218622151084671
"66+","allages",60,14.75,0.0209475746299336
"66+","allages",61,15,0.0199465343103907
"66+","allages",62,15.25,0.0187934250866236
"66+","allages",63,15.5,0.0175295417102149
"66+","allages",64,15.75,0.0162785314383419
"66+","allages",65,16,0.0150919467784496
"66+","allages",66,16.25,0.0139371831128201
"66+","allages",67,16.5,0.0128683715538863
"66+","allages",68,16.75,0.0119959613773978
"66+","allages",69,17,0.0112994515778713
"66+","allages",70,17.25,0.0106360505220281
"66+","allages",71,17.5,0.010006069547316
"66+","allages",72,17.75,0.00951585967951528
"66+","allages",73,18,0.00916541099952935
"66+","allages",74,18.25,0.0089149635012429
"66+","allages",75,18.5,0.00876911113235808
"66+","allages",76,18.75,0.00870372381591076
"66+","allages",77,19,0.00862797547144678
"66+","allages",78,19.25,0.00845107189981218
"66+","allages",79,19.5,0.0081876887037297
"66+","allages",80,19.75,0.00787698701582884
"66+","allages",81,20,0.00750584301783324
"66+","allages",82,20.25,0.00707658473518783
"66+","allages",83,20.5,0.00663345504367522
"66+","allages",84,20.75,0.00618088309766291
"66+","allages",85,21,0.00568645173351627
"66+","allages",86,21.25,0.00516733935655272
"66+","allages",87,21.5,0.00466001280451993
"66+","allages",88,21.75,0.00417343566926348
"66+","allages",89,22,0.00370845790137676
"66+","allages",90,22.25,0.00329158424174139
"66+","allages",91,22.5,0.00293480551947973
"66+","allages",92,22.75,0.00262466284052951
"66+","allages",93,23,0.00233751948498506
"66+","allages",94,23.25,0.00200268061528234
"66+","allages",95,23.5,0.00139181234859735
"66+","allages",96,23.75,0.000574057417083429
