
############ RESTRICTED STAGE: SKIPPED ############
Steps 1 and 2 read the TU microdata Access database, which is not
redistributable. Pass --with-restricted to run them.
Supplementary Table S1 and Supplementary Figure S7 come from step 1;
the kernels in data/kernels/ come from step 2 and are shipped.

############ PUBLIC STAGE (from data/kernels/) ############

--------------------------------------------------------------
>> steps 2b-6 - scenario: baseline (All individuals) 
--------------------------------------------------------------
Scenario: baseline 
Input:    data/kernels/baseline 
Output:   results/baseline 

Reading inputs from:  data/kernels/baseline 
Writing outputs to:   results/baseline 
Indlæser krævet pakke: viridisLite

Vedhæfter pakke: 'scales'

Det følgende objekt er maskeret fra 'package:viridis':

    viridis_pal


Vedhæfter pakke: 'dplyr'

De følgende objekter er maskerede fra 'package:stats':

    filter, lag

De følgende objekter er maskerede fra 'package:base':

    intersect, setdiff, setequal, union


======================================================================
DIAGNOSTIC MODE - CHECKING YOUR DATA
======================================================================

1. BASELINE_KDE structure:
   Rows: 46080 
   Columns: AgeGroup, t, d, density 
# A tibble: 6 × 4
  AgeGroup     t     d  density
  <fct>    <dbl> <dbl>    <dbl>
1 10-17        0 0     6.65e- 2
2 10-17        0 0.632 1.96e-86
3 10-17        0 1.26  5.07e-86
4 10-17        0 1.89  1.02e-85
5 10-17        0 2.53  1.58e-85
6 10-17        0 3.16  1.90e-85

2. Density statistics:
   Min density: 7.801701e-162 
   Max density: 0.06664141 
   Median density: 2.786259e-05 

3. Distance distribution:
# A tibble: 10 × 3
       d     n mean_dens
   <dbl> <int>     <dbl>
 1 0       480  0.0512  
 2 0.632   480  0.00107 
 3 1.26    480  0.00119 
 4 1.89    480  0.00116 
 5 2.53    480  0.00103 
 6 3.16    480  0.000884
 7 3.79    480  0.000751
 8 4.42    480  0.000644
 9 5.05    480  0.000560
10 5.68    480  0.000492

4. Home vs Away split:
# A tibble: 2 × 4
  location n_cells total_density mean_density
  <chr>      <int>         <dbl>        <dbl>
1 away       45600          7.43     0.000163
2 home         480         24.6      0.0512  

   Added mass column: density * dt * dd

5. Total probability mass by age group:
# A tibble: 5 × 2
  AgeGroup total_mass
  <fct>         <dbl>
1 10-17             1
2 18-30             1
3 31-55             1
4 56-65             1
5 66+               1

6. Home probability calculation:
   Home probability range: [0.246, 1.000] 

   Sample home probabilities for Age 31-55:
# A tibble: 10 × 5
   AgeGroup     t home_mass total_mass prob_home
   <fct>    <dbl>     <dbl>      <dbl>     <dbl>
 1 31-55    0        0.0104     0.0104     1    
 2 31-55    0.253    0.0104     0.0104     1    
 3 31-55    0.505    0.0104     0.0104     1    
 4 31-55    0.758    0.0104     0.0104     1    
 5 31-55    1.01     0.0104     0.0104     1    
 6 31-55    1.26     0.0104     0.0104     1    
 7 31-55    1.52     0.0104     0.0104     1.000
 8 31-55    1.77     0.0104     0.0104     1.000
 9 31-55    2.02     0.0104     0.0104     1.000
10 31-55    2.27     0.0104     0.0104     1.000

7. DIFF_KDE structure:
   Rows: 276480 
   Columns: AgeGroup, year_bin, t, d, diff_density 
# A tibble: 6 × 5
  AgeGroup year_bin      t     d diff_density
  <fct>    <fct>     <dbl> <dbl>        <dbl>
1 10-17    2007–2009     0 0         1.70e- 5
2 10-17    2007–2009     0 0.632     9.62e-86
3 10-17    2007–2009     0 1.26      2.49e-85
4 10-17    2007–2009     0 1.89      4.99e-85
5 10-17    2007–2009     0 2.53      7.75e-85
6 10-17    2007–2009     0 3.16      9.33e-85

8. YEARBIN_KDE structure:
   Rows: 276480 
   Columns: AgeGroup, year_bin, t, d, density 
   Periods: 2007–2009, 2010–2012, 2013–2015, 2016–2018, 2019–2021, 2022–2024 

======================================================================
CREATING FIXED VISUALIZATIONS
======================================================================

1. Creating FIXED home probability plot...
   ✓ Saved: kde_home_ACTUALLY_FIXED.png

2. Creating away-time plot with AGGRESSIVE filtering...
   Density quantiles:
     10th: 2.62e-07
     90th: 4.64e-04
     95th: 8.66e-04
     99th: 2.07e-03
   Using color limits: [2.62e-07, 8.66e-04]
   ✓ Saved: kde_away_AGGRESSIVE_FILTER.png

3. Attempting to create difference maps...
   diff_kde columns: AgeGroup, year_bin, t, d, diff_density 
   Found 'diff_density' column
   Difference range: [-7.29e-04, 1.03e-03]
   Using symmetric limits: [-4.20e-05, 4.20e-05]
   ✓ Saved: kde_DIFFERENCE_maps_FIXED.png

4. Creating year-bin comparison...
   Available periods: 2007–2009, 2010–2012, 2013–2015, 2016–2018, 2019–2021, 2022–2024 
   Comparing: 1 vs 6 
   ✓ Saved: kde_YEARBIN_comparison_FIXED.png

======================================================================
COMPLETE!
======================================================================

📁 Check your output directory:
    results/baseline 

📊 Files created:
  1. kde_home_ACTUALLY_FIXED.png - Should show proper 60-100% curves
  2. kde_away_AGGRESSIVE_FILTER.png - 10th-95th percentile for contrast
  3. kde_DIFFERENCE_maps_FIXED.png - Red/blue difference maps
  4. kde_YEARBIN_comparison_FIXED.png - Early vs late periods

💡 If plots still look wrong, review the diagnostic output above!
======================================================================
Reading inputs from:  data/kernels/baseline 
Writing outputs to:   results/baseline 

=== CREATING TRANSPOSED DIFFERENCE MAPS ===
Layout: Age groups as ROWS, year periods as COLUMNS
Rows in diff_kde: 276480 
Rows after away-filter: 273600 
Color limits (5–95%): [-4.20e-05, 4.20e-05]

✓ Saved: kde_DIFFERENCE_by_cohort_SHARP.png
✓ Saved: kde_DIFFERENCE_by_cohort_aggressive_SHARP.png
✓ Saved: kde_DIFFERENCE_by_cohort_PUBLICATION.png

=== TRANSPOSITION COMPLETE ===
Layout now:
  Rows: Age Groups (10-17, 18-30, 31-55, etc.)
  Columns: Year Periods (2007-2009, 2010-2012, etc.)
Each horizontal strip shows one cohort's evolution across time

Advarselsbeskeder:
1: Using ragg device as default. Ignoring `type` and `antialias` arguments 
2: Using ragg device as default. Ignoring `type` and `antialias` arguments 
3: I plot_theme(plot) :
  The `base_size` theme element is not defined in the element hierarchy.
4: Using ragg device as default. Ignoring `type` and `antialias` arguments 
5: I plot_theme(plot) :
  The `base_size` theme element is not defined in the element hierarchy.

=== STEP 3: TEMPORAL ANALYSIS ===

Loading from:  data/kernels/baseline 
Saving to:     results/baseline 

  ✓ Loaded files
  Baseline: 480 rows
  Year-bin: 2880 rows

Computing temporal statistics...
  ✓ Baseline statistics ( 5  rows)
# A tibble: 5 × 10
  AgeGroup mean_hour median_hour peak_hour morning_6_12 midday_12_18
  <fct>        <dbl>       <dbl>     <dbl>        <dbl>        <dbl>
1 10-17         12.9        12.1      11.1        0.462        0.420
2 18-30         13.5        13.1      11.9        0.379        0.454
3 31-55         12.8        12.4      11.4        0.436        0.457
4 56-65         12.9        12.4      11.4        0.429        0.453
5 66+           14.1        13.6      11.4        0.325        0.493
# ℹ 4 more variables: evening_18_24 <dbl>, total_away <dbl>, sd_hour <dbl>,
#   Period <chr>

  ✓ Year-bin statistics ( 30  rows)
# A tibble: 10 × 10
   AgeGroup Period    mean_hour median_hour peak_hour morning_6_12 midday_12_18
   <fct>    <fct>         <dbl>       <dbl>     <dbl>        <dbl>        <dbl>
 1 10-17    2007–2009      13.0        12.1      10.9        0.454        0.413
 2 10-17    2010–2012      13.0        12.1      10.9        0.461        0.404
 3 10-17    2013–2015      12.8        12.1      11.4        0.466        0.418
 4 10-17    2016–2018      12.8        12.1      11.9        0.457        0.437
 5 10-17    2019–2021      12.7        12.1      11.6        0.472        0.425
 6 10-17    2022–2024      12.8        12.1      11.6        0.464        0.424
 7 18-30    2007–2009      13.7        13.1      12.1        0.366        0.449
 8 18-30    2010–2012      13.6        13.1      11.9        0.375        0.442
 9 18-30    2013–2015      13.6        13.1      11.9        0.376        0.458
10 18-30    2016–2018      13.5        13.1      12.4        0.376        0.461
# ℹ 3 more variables: evening_18_24 <dbl>, total_away <dbl>, sd_hour <dbl>

Computing shifts from baseline...
  ✓ Shifts computed ( 30  rows)
# A tibble: 10 × 10
   AgeGroup Period shift_mean shift_median shift_peak shift_morning shift_midday
   <fct>    <fct>       <dbl>        <dbl>      <dbl>         <dbl>        <dbl>
 1 10-17    2007–…    0.158              0     -0.253     -0.00750      -0.00759
 2 10-17    2010–…    0.103              0     -0.253     -0.000913     -0.0162 
 3 10-17    2013–…   -0.0372             0      0.253      0.00355      -0.00184
 4 10-17    2016–…   -0.0445             0      0.758     -0.00467       0.0170 
 5 10-17    2019–…   -0.145              0      0.505      0.00955       0.00525
 6 10-17    2022–…   -0.0633             0      0.505      0.00241       0.00355
 7 18-30    2007–…    0.179              0      0.253     -0.0132       -0.00423
 8 18-30    2010–…    0.110              0      0         -0.00423      -0.0114 
 9 18-30    2013–…    0.0234             0      0         -0.00335       0.00442
10 18-30    2016–…    0.00168            0      0.505     -0.00343       0.00711
# ℹ 3 more variables: shift_evening <dbl>, shift_total_away <dbl>,
#   shift_sd <dbl>

Creating plots...
  ✓ temporal_profiles_all_ages.png
  ✓ mean_time_shift.png
  ✓ window_shifts.png
  ✓ heatmap_time_shift.png
  ✓ peak_time_shift.png

Saving data tables...
  ✓ temporal_shifts.csv
  ✓ temporal_statistics.csv

======================================================================
STEP 3 COMPLETE!
= = = = = = = = = = = = = = = = = = = = = = = = = = = = = = = = = = = = = = = = = = = = = = = = = = = = = = = = = = = = = = = = = = = = = = 

=== STEP 4 REVISED: ARITHMETIC MEAN BASELINE ===

Loading from:  data/kernels/baseline 
Saving to:     results/baseline 

Using HOME_CUTOFF =  0.02  km (must match Step 2)

Loading KDE densities from Step 2...
  ✓ Loaded year-bin KDE ( 276480 rows)

Computing trip-weighted action-space metrics...

Computing year-bin metrics for all periods...
  ✓ Year-bin metrics ( 30  rows)
# A tibble: 12 × 8
# Groups:   AgeGroup, Period [12]
   AgeGroup Period    fraction_away mean_distance mean_distance_active volume
   <fct>    <fct>             <dbl>         <dbl>                <dbl>  <dbl>
 1 10-17    2007–2009         0.278          1.42                 5.63   34.0
 2 10-17    2010–2012         0.273          1.50                 5.76   35.9
 3 10-17    2013–2015         0.279          1.52                 5.34   36.5
 4 10-17    2016–2018         0.296          1.65                 7.14   39.5
 5 10-17    2019–2021         0.255          1.42                 6.24   34.1
 6 10-17    2022–2024         0.270          1.55                 6.84   37.1
 7 18-30    2007–2009         0.301          3.25                 9.07   77.9
 8 18-30    2010–2012         0.286          3.12                 9.21   75.0
 9 18-30    2013–2015         0.287          3.26                10.4    78.2
10 18-30    2016–2018         0.290          3.27                10.4    78.5
11 18-30    2019–2021         0.264          3.25                14.3    78.0
12 18-30    2022–2024         0.268          3.20                10.6    76.8
# ℹ 2 more variables: dist_p90 <dbl>, var_distance <dbl>

Computing baseline as arithmetic mean across periods...
  ✓ Baseline metrics computed from period averages:
# A tibble: 5 × 8
  AgeGroup fraction_away mean_distance mean_distance_active volume dist_p90
  <fct>            <dbl>         <dbl>                <dbl>  <dbl>    <dbl>
1 10-17           0.275          1.51                  6.16   36.2     9.78
2 18-30           0.283          3.22                 10.6    77.4    14.6 
3 31-55           0.288          3.84                 12.3    92.2    14.5 
4 56-65           0.226          2.98                 12.2    71.5    14.7 
5 66+             0.0888         0.962                12.8    23.1    20.7 
# ℹ 2 more variables: var_distance <dbl>, Period <chr>

COMPARISON: This baseline is now the arithmetic mean of the six period values,
            NOT the pooled KDE baseline from Step 2.

Computing changes from arithmetic mean baseline...
  ✓ Changes computed ( 30  rows)

Sample of percentage changes:
# A tibble: 30 × 5
# Groups:   AgeGroup, Period [30]
   AgeGroup Period    mean_distance_active mean_distance_active_baseline
   <fct>    <fct>                    <dbl>                         <dbl>
 1 10-17    2007–2009                 5.63                          6.16
 2 10-17    2010–2012                 5.76                          6.16
 3 10-17    2013–2015                 5.34                          6.16
 4 10-17    2016–2018                 7.14                          6.16
 5 10-17    2019–2021                 6.24                          6.16
 6 10-17    2022–2024                 6.84                          6.16
 7 18-30    2007–2009                 9.07                         10.6 
 8 18-30    2010–2012                 9.21                         10.6 
 9 18-30    2013–2015                10.4                          10.6 
10 18-30    2016–2018                10.4                          10.6 
# ℹ 20 more rows
# ℹ 1 more variable: pct_change_distance <dbl>

VALIDATION: Sum of percentage changes by age group (should be ≈ 0):
# A tibble: 5 × 3
  AgeGroup sum_pct_change sum_absolute_change
  <fct>             <dbl>               <dbl>
1 10-17          4.13e-14            2.66e-15
2 18-30          4.74e-14            5.33e-15
3 31-55          2.75e-14            3.55e-15
4 56-65         -3.11e-14           -3.55e-15
5 66+           -1.95e-14           -1.78e-15

Creating updated plots...
  ✓ mean_distance_trend_TRIPWEIGHTED_REVISED.png
  ✓ action_space_trajectory_TRIPWEIGHTED.png
  ✓ mobility_decomposition_TRIPWEIGHTED_REVISED.png
  ✓ distance_change_heatmap_TRIPWEIGHTED_REVISED.png

Creating summary table...

=== Summary: Trip-weighted distance by age group ===
# A tibble: 5 × 6
  AgeGroup baseline_dist mean_dist min_dist max_dist range_dist
  <fct>            <dbl>     <dbl>    <dbl>    <dbl>      <dbl>
1 10-17             6.16      6.16     5.34     7.14       1.8 
2 18-30            10.6      10.6      9.07    14.3        5.19
3 31-55            12.3      12.3     11.0     13.9        2.88
4 56-65            12.2      12.2     11       13.8        2.75
5 66+              12.8      12.8      8.98    18.5        9.53

Saving data tables...
  ✓ action_space_metrics_TRIPWEIGHTED.csv
  ✓ action_space_changes_TRIPWEIGHTED_REVISED.csv

======================================================================
KEY DIFFERENCES FROM ORIGINAL VERSION:
======================================================================

ORIGINAL APPROACH:
  • Baseline = pooled KDE on all 2007-2024 data
  • Dashed lines ≠ arithmetic mean of visible points
  • Heatmap values relative to pooled baseline

REVISED APPROACH:
  • Baseline = arithmetic mean of six period values
  • Dashed lines = arithmetic mean of visible points
  • Heatmap values relative to arithmetic mean
  • Changes now sum to ≈0 for each age group

VISUAL CONSISTENCY:
  • Line plot and heatmap now use SAME baseline definition
  • Dashed lines directly interpretable from data
  • Percentage changes balanced around zero

======================================================================
STEP 4 REVISED COMPLETE - ARITHMETIC MEAN BASELINE
======================================================================

NEW plots created (with _REVISED suffix):
  1. mean_distance_trend_TRIPWEIGHTED_REVISED.png
  2. action_space_trajectory_TRIPWEIGHTED_REVISED.png
  3. mobility_decomposition_TRIPWEIGHTED_REVISED.png
  4. distance_change_heatmap_TRIPWEIGHTED_REVISED.png

NEW data tables (with _REVISED suffix):
  • action_space_metrics_TRIPWEIGHTED.csv
  • action_space_changes_TRIPWEIGHTED.csv

NEXT STEPS:
  1. Compare _REVISED.png files with originals
  2. Verify that heatmap values now make sense
  3. Check that dashed lines in trend plot equal arithmetic mean
  4. Update manuscript captions accordingly

All outputs saved to:  results/baseline 

======================================================================

=== Creating drift vector visualization with COMBINED BASELINE ===

Kernel inputs from:  data/kernels/baseline 
Step outputs to:      results/baseline 


=== LOADING STEP 4 RESULTS ===
âœ“ Loaded Step 4 results
Available periods:  Baseline (2007-2009), 2010-2012, 2013-2015, 2016-2018, 2019-2021, 2022-2024 

     Period end_year
1 2010-2012     2012
2 2013-2015     2015
3 2016-2018     2018
4 2019-2021     2021
5 2022-2024     2024
Baseline period: Baseline (2007-2009)
Year-bin periods (ordered):  2010-2012, 2013-2015, 2016-2018, 2019-2021, 2022-2024 


=== DRIFT VECTOR CALCULATIONS ===
# A tibble: 5 × 11
  AgeGroup x_start y_start  x_end y_end       dx    dy magnitude angle
  <chr>      <dbl>   <dbl>  <dbl> <dbl>    <dbl> <dbl>     <dbl> <dbl>
1 10-17     0.277     5.89 0.270   6.84 -0.00612 0.949     0.949  90.4
2 18-30     0.292     9.86 0.268  10.6  -0.0235  0.718     0.719  91.9
3 31-55     0.291    11.6  0.274  13.9  -0.0172  2.25      2.25   90.4
4 56-65     0.219    11.6  0.242  13.8   0.0233  2.16      2.16   89.4
5 66+       0.0882   10.9  0.0925 13.3   0.00428 2.41      2.41   89.9
# ℹ 2 more variables: pct_change_distance <dbl>, pct_change_time <dbl>

=== CALCULATING TRAJECTORY-AVERAGED DRIFT VECTORS ===

All periods (ordered): Baseline (2007-2009) -> 2010-2012 -> 2013-2015 -> 2016-2018 -> 2019-2021 -> 2022-2024 

Computing vector: Baseline (2007-2009) -> 2010-2012
Computing vector: 2010-2012 -> 2013-2015
Computing vector: 2013-2015 -> 2016-2018
Computing vector: 2016-2018 -> 2019-2021
Computing vector: 2019-2021 -> 2022-2024

Trajectory-averaged drift vectors:
# A tibble: 5 × 6
  AgeGroup    dx_avg dy_avg magnitude angle n_transitions
  <chr>        <dbl>  <dbl>     <dbl> <dbl>         <int>
1 10-17    -0.00122   0.190     0.190  90.4             5
2 18-30    -0.00470   0.144     0.144  91.9             5
3 31-55    -0.00344   0.450     0.450  90.4             5
4 56-65     0.00466   0.432     0.432  89.4             5
5 66+       0.000856  0.483     0.483  89.9             5

Creating trajectory-averaged drift visualization...
✓ Trajectory-averaged drift plot saved

=== COMPARISON: Endpoint vs Trajectory-Averaged Drift ===

# A tibble: 5 × 15
  AgeGroup dx_endpoint dy_endpoint mag_endpoint angle_endpoint dx_trajectory
  <chr>          <dbl>       <dbl>        <dbl>          <dbl>         <dbl>
1 10-17       -0.00612       0.949        0.949           90.4     -0.00122 
2 18-30       -0.0235        0.718        0.719           91.9     -0.00470 
3 31-55       -0.0172        2.25         2.25            90.4     -0.00344 
4 56-65        0.0233        2.16         2.16            89.4      0.00466 
5 66+          0.00428       2.41         2.41            89.9      0.000856
# ℹ 9 more variables: dy_trajectory <dbl>, mag_trajectory <dbl>,
#   angle_trajectory <dbl>, dx_diff <dbl>, dy_diff <dbl>, mag_diff <dbl>,
#   angle_diff <dbl>, dx_pct_diff <dbl>, dy_pct_diff <dbl>

Key differences:
  10-17:
    - Time direction: +80.0% difference
    - Distance direction: -80.0% difference
    - Magnitude: 0.949 (endpoint) vs 0.190 (trajectory-avg), diff = -0.759
  18-30:
    - Time direction: +80.0% difference
    - Distance direction: -80.0% difference
    - Magnitude: 0.719 (endpoint) vs 0.144 (trajectory-avg), diff = -0.575
  31-55:
    - Time direction: +80.0% difference
    - Distance direction: -80.0% difference
    - Magnitude: 2.250 (endpoint) vs 0.450 (trajectory-avg), diff = -1.800
  56-65:
    - Time direction: -80.0% difference
    - Distance direction: -80.0% difference
    - Magnitude: 2.158 (endpoint) vs 0.432 (trajectory-avg), diff = -1.726
  66+:
    - Time direction: -80.0% difference
    - Distance direction: -80.0% difference
    - Magnitude: 2.415 (endpoint) vs 0.483 (trajectory-avg), diff = -1.932

✓ Comparison data saved

=== DRIFT INTERPRETATIONS ===

# A tibble: 5 × 5
  AgeGroup distance_interpretation   time_interpretation overall_trend magnitude
  <chr>    <chr>                     <chr>               <chr>             <dbl>
1 10-17    EXPANDING: +0.95 km (+16… -2.2% less time aw… Traveling fu…     0.949
2 18-30    STABLE: 0.72 km (+7.3%)   -8.1% less time aw… Relatively s…     0.719
3 31-55    EXPANDING: +2.25 km (+19… -5.9% less time aw… Traveling fu…     2.25 
4 56-65    EXPANDING: +2.16 km (+18… +10.6% more time a… Expanding bo…     2.16 
5 66+      EXPANDING: +2.41 km (+22… +4.9% more time aw… Expanding bo…     2.41 

=== SUMMARY STATISTICS ===

Overall trends from baseline (2007-2009) to 2022-2024 :
- Average distance change: 1.7 km
- Average % distance change: 16.7 %
- Average time away change: -0.1 %
- Groups expanding (>10%): 4 
- Groups contracting (<-10%): 0 
- Groups stable (Â±10%): 1 


=== SAVING OUTPUTS ===

âœ“ All drift analysis outputs saved!
  Files created:
  - drift_vectors_COMBINED_BASELINE.png (main visualization)
  - drift_vectors_MINIMAL_COMBINED.png (minimal version)
  - drift_vectors_TRAJECTORY_AVERAGED.png (trajectory-averaged)
  - mobility_trajectories_FULL.png (full time series)
  - drift_interpretation_COMBINED_BASELINE.csv (interpretation)
  - drift_vectors_data_COMBINED_BASELINE.csv (raw data)
  - drift_comparison_endpoint_vs_trajectory.csv (comparison)

=============================================================
STEP 5 COMPLETE: Drift vector analysis with combined baseline
                 including trajectory-averaged drift option
=============================================================


=== STEP 6: COMPUTING PATH COMPLEXITY METRICS ===


=== STEP 6: LOADING STEP 5 OBJECTS ===
Computing tortuosity metrics...

=== TORTUOSITY RESULTS ===
# A tibble: 5 × 7
  AgeGroup path_length n_segments mean_segment_length endpoint_displacement
  <chr>          <dbl>      <int>               <dbl>                 <dbl>
1 10-17           3.85          5               0.770                 0.949
2 18-30           9.37          5               1.87                  0.719
3 31-55           2.71          5               0.542                 2.25 
4 56-65           6.02          5               1.20                  2.16 
5 66+            13.2           5               2.64                  2.41 
# ℹ 2 more variables: tortuosity <dbl>, path_type <chr>

Interpretation:
- Tortuosity = 1.0: Perfectly straight path
- Tortuosity = 1.5: Path is 50% longer than straight line
- Higher values indicate more meandering/fluctuations

Computing directional dispersion...

=== DIRECTIONAL DISPERSION RESULTS ===
# A tibble: 5 × 9
  AgeGroup mean_angle_rad mean_angle_deg     R circular_variance circular_sd
  <chr>             <dbl>          <dbl> <dbl>             <dbl>       <dbl>
1 10-17             -1.59          -91.3 0.200             0.800        103.
2 18-30              1.55           89.1 0.200             0.800        103.
3 31-55              1.47           84.3 0.202             0.798        102.
4 56-65              1.57           90.1 0.200             0.800        103.
5 66+               -1.57          -89.9 0.200             0.800        103.
# ℹ 3 more variables: angle_sd_approx <dbl>, n_transitions <int>,
#   consistency <chr>

Interpretation:
- R (Mean Resultant Length): 0-1 scale
  * R close to 1: All vectors point in nearly same direction (consistent)
  * R close to 0: Vectors point in many different directions (dispersed)
- Circular SD: Angular spread in degrees
  * Low values: Tight angular clustering
  * High values: Wide angular spread


=== COMBINED PATH COMPLEXITY METRICS ===
# A tibble: 5 × 8
  AgeGroup endpoint_displacement path_length tortuosity path_type            R
  <chr>                    <dbl>       <dbl>      <dbl> <chr>            <dbl>
1 10-17                    0.949        3.85       4.06 Highly tortuous  0.200
2 18-30                    0.719        9.37      13.0  Highly tortuous  0.200
3 31-55                    2.25         2.71       1.21 Slightly winding 0.202
4 56-65                    2.16         6.02       2.79 Highly tortuous  0.200
5 66+                      2.41        13.2        5.46 Highly tortuous  0.200
# ℹ 2 more variables: circular_sd <dbl>, consistency <chr>

Creating visualizations...

Generating LaTeX tables...
  ✓ table_path_complexity.tex
  ✓ table_path_complexity_simple.tex
  ✓ table_drift_comparison.tex

✓ Path complexity analysis complete!
  Files created:
  - path_tortuosity.png
  - directional_consistency.png
  - path_complexity_combined.png
  - path_complexity_metrics.csv
  - sequential_vectors_with_angles.csv
  - table_path_complexity.tex
  - table_path_complexity_simple.tex
  - table_drift_comparison.tex

=============================================================
STEP 6 COMPLETE: Path complexity metrics and LaTeX tables
=============================================================


--------------------------------------------------------------
>> steps 2b-6 - scenario: sex1 (Males) 
--------------------------------------------------------------
Scenario: sex1 
Input:    data/kernels/sex1 
Output:   results/sex1 

Reading inputs from:  data/kernels/sex1 
Writing outputs to:   results/sex1 
Indlæser krævet pakke: viridisLite

Vedhæfter pakke: 'scales'

Det følgende objekt er maskeret fra 'package:viridis':

    viridis_pal


Vedhæfter pakke: 'dplyr'

De følgende objekter er maskerede fra 'package:stats':

    filter, lag

De følgende objekter er maskerede fra 'package:base':

    intersect, setdiff, setequal, union


======================================================================
DIAGNOSTIC MODE - CHECKING YOUR DATA
======================================================================

1. BASELINE_KDE structure:
   Rows: 46080 
   Columns: AgeGroup, t, d, density 
# A tibble: 6 × 4
  AgeGroup     t     d  density
  <fct>    <dbl> <dbl>    <dbl>
1 10-17        0 0     6.65e- 2
2 10-17        0 0.632 3.79e-86
3 10-17        0 1.26  9.81e-86
4 10-17        0 1.89  1.97e-85
5 10-17        0 2.53  3.05e-85
6 10-17        0 3.16  3.68e-85

2. Density statistics:
   Min density: 1.508172e-161 
   Max density: 0.06664393 
   Median density: 3.214945e-05 

3. Distance distribution:
# A tibble: 10 × 3
       d     n mean_dens
   <dbl> <int>     <dbl>
 1 0       480  0.0504  
 2 0.632   480  0.00104 
 3 1.26    480  0.00116 
 4 1.89    480  0.00114 
 5 2.53    480  0.00102 
 6 3.16    480  0.000879
 7 3.79    480  0.000752
 8 4.42    480  0.000649
 9 5.05    480  0.000569
10 5.68    480  0.000506

4. Home vs Away split:
# A tibble: 2 × 4
  location n_cells total_density mean_density
  <chr>      <int>         <dbl>        <dbl>
1 away       45600          7.79     0.000171
2 home         480         24.2      0.0504  

   Added mass column: density * dt * dd

5. Total probability mass by age group:
# A tibble: 5 × 2
  AgeGroup total_mass
  <fct>         <dbl>
1 10-17             1
2 18-30             1
3 31-55             1
4 56-65             1
5 66+               1

6. Home probability calculation:
   Home probability range: [0.245, 1.000] 

   Sample home probabilities for Age 31-55:
# A tibble: 10 × 5
   AgeGroup     t home_mass total_mass prob_home
   <fct>    <dbl>     <dbl>      <dbl>     <dbl>
 1 31-55    0        0.0104     0.0104     1    
 2 31-55    0.253    0.0104     0.0104     1    
 3 31-55    0.505    0.0104     0.0104     1    
 4 31-55    0.758    0.0104     0.0104     1    
 5 31-55    1.01     0.0104     0.0104     1    
 6 31-55    1.26     0.0104     0.0104     1    
 7 31-55    1.52     0.0104     0.0104     1.000
 8 31-55    1.77     0.0104     0.0104     1.000
 9 31-55    2.02     0.0104     0.0104     1.000
10 31-55    2.27     0.0104     0.0104     1.000

7. DIFF_KDE structure:
   Rows: 276480 
   Columns: AgeGroup, year_bin, t, d, diff_density 
# A tibble: 6 × 5
  AgeGroup year_bin      t     d diff_density
  <fct>    <fct>     <dbl> <dbl>        <dbl>
1 10-17    2007–2009     0 0         1.14e- 5
2 10-17    2007–2009     0 0.632     1.92e-85
3 10-17    2007–2009     0 1.26      4.97e-85
4 10-17    2007–2009     0 1.89      9.97e-85
5 10-17    2007–2009     0 2.53      1.55e-84
6 10-17    2007–2009     0 3.16      1.86e-84

8. YEARBIN_KDE structure:
   Rows: 276480 
   Columns: AgeGroup, year_bin, t, d, density 
   Periods: 2007–2009, 2010–2012, 2013–2015, 2016–2018, 2019–2021, 2022–2024 

======================================================================
CREATING FIXED VISUALIZATIONS
======================================================================

1. Creating FIXED home probability plot...
   ✓ Saved: kde_home_ACTUALLY_FIXED.png

2. Creating away-time plot with AGGRESSIVE filtering...
   Density quantiles:
     10th: 3.87e-07
     90th: 4.95e-04
     95th: 8.88e-04
     99th: 2.01e-03
   Using color limits: [3.87e-07, 8.88e-04]
   ✓ Saved: kde_away_AGGRESSIVE_FILTER.png

3. Attempting to create difference maps...
   diff_kde columns: AgeGroup, year_bin, t, d, diff_density 
   Found 'diff_density' column
   Difference range: [-8.13e-04, 9.97e-04]
   Using symmetric limits: [-5.54e-05, 5.54e-05]
   ✓ Saved: kde_DIFFERENCE_maps_FIXED.png

4. Creating year-bin comparison...
   Available periods: 2007–2009, 2010–2012, 2013–2015, 2016–2018, 2019–2021, 2022–2024 
   Comparing: 1 vs 6 
   ✓ Saved: kde_YEARBIN_comparison_FIXED.png

======================================================================
COMPLETE!
======================================================================

📁 Check your output directory:
    results/sex1 

📊 Files created:
  1. kde_home_ACTUALLY_FIXED.png - Should show proper 60-100% curves
  2. kde_away_AGGRESSIVE_FILTER.png - 10th-95th percentile for contrast
  3. kde_DIFFERENCE_maps_FIXED.png - Red/blue difference maps
  4. kde_YEARBIN_comparison_FIXED.png - Early vs late periods

💡 If plots still look wrong, review the diagnostic output above!
======================================================================
Reading inputs from:  data/kernels/sex1 
Writing outputs to:   results/sex1 

=== CREATING TRANSPOSED DIFFERENCE MAPS ===
Layout: Age groups as ROWS, year periods as COLUMNS
Rows in diff_kde: 276480 
Rows after away-filter: 273600 
Color limits (5–95%): [-5.54e-05, 5.54e-05]

✓ Saved: kde_DIFFERENCE_by_cohort_SHARP.png
✓ Saved: kde_DIFFERENCE_by_cohort_aggressive_SHARP.png
✓ Saved: kde_DIFFERENCE_by_cohort_PUBLICATION.png

=== TRANSPOSITION COMPLETE ===
Layout now:
  Rows: Age Groups (10-17, 18-30, 31-55, etc.)
  Columns: Year Periods (2007-2009, 2010-2012, etc.)
Each horizontal strip shows one cohort's evolution across time

Advarselsbeskeder:
1: Using ragg device as default. Ignoring `type` and `antialias` arguments 
2: Using ragg device as default. Ignoring `type` and `antialias` arguments 
3: I plot_theme(plot) :
  The `base_size` theme element is not defined in the element hierarchy.
4: Using ragg device as default. Ignoring `type` and `antialias` arguments 
5: I plot_theme(plot) :
  The `base_size` theme element is not defined in the element hierarchy.

=== STEP 3: TEMPORAL ANALYSIS ===

Loading from:  data/kernels/sex1 
Saving to:     results/sex1 

  ✓ Loaded files
  Baseline: 480 rows
  Year-bin: 2880 rows

Computing temporal statistics...
  ✓ Baseline statistics ( 5  rows)
# A tibble: 5 × 10
  AgeGroup mean_hour median_hour peak_hour morning_6_12 midday_12_18
  <fct>        <dbl>       <dbl>     <dbl>        <dbl>        <dbl>
1 10-17         12.8        12.1      11.1        0.471        0.416
2 18-30         13.4        12.9      12.1        0.392        0.447
3 31-55         12.8        12.4      11.4        0.440        0.452
4 56-65         12.7        12.4      11.4        0.448        0.445
5 66+           13.9        13.4      11.1        0.351        0.469
# ℹ 4 more variables: evening_18_24 <dbl>, total_away <dbl>, sd_hour <dbl>,
#   Period <chr>

  ✓ Year-bin statistics ( 30  rows)
# A tibble: 10 × 10
   AgeGroup Period    mean_hour median_hour peak_hour morning_6_12 midday_12_18
   <fct>    <fct>         <dbl>       <dbl>     <dbl>        <dbl>        <dbl>
 1 10-17    2007–2009      12.9        12.1      10.9        0.463        0.408
 2 10-17    2010–2012      12.8        12.1      10.9        0.478        0.395
 3 10-17    2013–2015      12.7        12.1      11.1        0.476        0.417
 4 10-17    2016–2018      12.7        12.1      11.9        0.465        0.435
 5 10-17    2019–2021      12.7        12.1      11.4        0.474        0.417
 6 10-17    2022–2024      12.7        12.1      12.1        0.473        0.421
 7 18-30    2007–2009      13.6        13.1      11.9        0.376        0.450
 8 18-30    2010–2012      13.4        12.9      11.9        0.391        0.438
 9 18-30    2013–2015      13.4        12.9      12.4        0.388        0.452
10 18-30    2016–2018      13.4        12.9      12.4        0.386        0.448
# ℹ 3 more variables: evening_18_24 <dbl>, total_away <dbl>, sd_hour <dbl>

Computing shifts from baseline...
  ✓ Shifts computed ( 30  rows)
# A tibble: 10 × 10
   AgeGroup Period shift_mean shift_median shift_peak shift_morning shift_midday
   <fct>    <fct>       <dbl>        <dbl>      <dbl>         <dbl>        <dbl>
 1 10-17    2007–…     0.175         0         -0.253     -0.00860     -0.00728 
 2 10-17    2010–…     0.0410        0         -0.253      0.00671     -0.0209  
 3 10-17    2013–…    -0.0514        0          0          0.00438      0.00117 
 4 10-17    2016–…    -0.0407        0          0.758     -0.00611      0.0191  
 5 10-17    2019–…    -0.0505        0          0.253      0.00265      0.00144 
 6 10-17    2022–…    -0.0769        0          1.01       0.00185      0.00525 
 7 18-30    2007–…     0.194         0.253     -0.253     -0.0160       0.00330 
 8 18-30    2010–…     0.0673        0         -0.253     -0.000707    -0.00954 
 9 18-30    2013–…     0.0243        0          0.253     -0.00372      0.00441 
10 18-30    2016–…     0.0473        0          0.253     -0.00542      0.000935
# ℹ 3 more variables: shift_evening <dbl>, shift_total_away <dbl>,
#   shift_sd <dbl>

Creating plots...
  ✓ temporal_profiles_all_ages.png
  ✓ mean_time_shift.png
  ✓ window_shifts.png
  ✓ heatmap_time_shift.png
  ✓ peak_time_shift.png

Saving data tables...
  ✓ temporal_shifts.csv
  ✓ temporal_statistics.csv

======================================================================
STEP 3 COMPLETE!
= = = = = = = = = = = = = = = = = = = = = = = = = = = = = = = = = = = = = = = = = = = = = = = = = = = = = = = = = = = = = = = = = = = = = = 

=== STEP 4 REVISED: ARITHMETIC MEAN BASELINE ===

Loading from:  data/kernels/sex1 
Saving to:     results/sex1 

Using HOME_CUTOFF =  0.02  km (must match Step 2)

Loading KDE densities from Step 2...
  ✓ Loaded year-bin KDE ( 276480 rows)

Computing trip-weighted action-space metrics...

Computing year-bin metrics for all periods...
  ✓ Year-bin metrics ( 30  rows)
# A tibble: 12 × 8
# Groups:   AgeGroup, Period [12]
   AgeGroup Period    fraction_away mean_distance mean_distance_active volume
   <fct>    <fct>             <dbl>         <dbl>                <dbl>  <dbl>
 1 10-17    2007–2009         0.272          1.38                 5.72   33.0
 2 10-17    2010–2012         0.267          1.47                 5.98   35.4
 3 10-17    2013–2015         0.273          1.42                 5.00   34.0
 4 10-17    2016–2018         0.294          1.67                 6.89   40.0
 5 10-17    2019–2021         0.254          1.45                 7.18   34.9
 6 10-17    2022–2024         0.267          1.40                 6.21   33.5
 7 18-30    2007–2009         0.319          3.62                 9.27   86.8
 8 18-30    2010–2012         0.298          3.37                 9.58   80.9
 9 18-30    2013–2015         0.297          3.52                10.6    84.4
10 18-30    2016–2018         0.302          3.48                10.7    83.6
11 18-30    2019–2021         0.280          3.81                15.3    91.4
12 18-30    2022–2024         0.278          3.52                11.0    84.5
# ℹ 2 more variables: dist_p90 <dbl>, var_distance <dbl>

Computing baseline as arithmetic mean across periods...
  ✓ Baseline metrics computed from period averages:
# A tibble: 5 × 8
  AgeGroup fraction_away mean_distance mean_distance_active volume dist_p90
  <fct>            <dbl>         <dbl>                <dbl>  <dbl>    <dbl>
1 10-17           0.271           1.46                 6.16   35.1     9.19
2 18-30           0.296           3.55                11.1    85.3    15.3 
3 31-55           0.309           4.50                13.6   108.     18.0 
4 56-65           0.244           3.48                13.0    83.4    15.7 
5 66+             0.0967          1.13                13.7    27.2    21.2 
# ℹ 2 more variables: var_distance <dbl>, Period <chr>

COMPARISON: This baseline is now the arithmetic mean of the six period values,
            NOT the pooled KDE baseline from Step 2.

Computing changes from arithmetic mean baseline...
  ✓ Changes computed ( 30  rows)

Sample of percentage changes:
# A tibble: 30 × 5
# Groups:   AgeGroup, Period [30]
   AgeGroup Period    mean_distance_active mean_distance_active_baseline
   <fct>    <fct>                    <dbl>                         <dbl>
 1 10-17    2007–2009                 5.72                          6.16
 2 10-17    2010–2012                 5.98                          6.16
 3 10-17    2013–2015                 5.00                          6.16
 4 10-17    2016–2018                 6.89                          6.16
 5 10-17    2019–2021                 7.18                          6.16
 6 10-17    2022–2024                 6.21                          6.16
 7 18-30    2007–2009                 9.27                         11.1 
 8 18-30    2010–2012                 9.58                         11.1 
 9 18-30    2013–2015                10.6                          11.1 
10 18-30    2016–2018                10.7                          11.1 
# ℹ 20 more rows
# ℹ 1 more variable: pct_change_distance <dbl>

VALIDATION: Sum of percentage changes by age group (should be ≈ 0):
# A tibble: 5 × 3
  AgeGroup sum_pct_change sum_absolute_change
  <fct>             <dbl>               <dbl>
1 10-17          4.44e-16            0       
2 18-30         -3.22e-14           -3.55e-15
3 31-55          3.97e-14            5.33e-15
4 56-65          1.22e-14            1.78e-15
5 66+            3.55e-15            0       

Creating updated plots...
  ✓ mean_distance_trend_TRIPWEIGHTED_REVISED.png
  ✓ action_space_trajectory_TRIPWEIGHTED.png
  ✓ mobility_decomposition_TRIPWEIGHTED_REVISED.png
  ✓ distance_change_heatmap_TRIPWEIGHTED_REVISED.png

Creating summary table...

=== Summary: Trip-weighted distance by age group ===
# A tibble: 5 × 6
  AgeGroup baseline_dist mean_dist min_dist max_dist range_dist
  <fct>            <dbl>     <dbl>    <dbl>    <dbl>      <dbl>
1 10-17             6.16      6.16     5        7.18       2.18
2 18-30            11.1      11.1      9.27    15.3        6.01
3 31-55            13.6      13.6     11.9     18.0        6.17
4 56-65            13.0      13.0     12.2     14.4        2.19
5 66+              13.7      13.7      9.94    18.8        8.85

Saving data tables...
  ✓ action_space_metrics_TRIPWEIGHTED.csv
  ✓ action_space_changes_TRIPWEIGHTED_REVISED.csv

======================================================================
KEY DIFFERENCES FROM ORIGINAL VERSION:
======================================================================

ORIGINAL APPROACH:
  • Baseline = pooled KDE on all 2007-2024 data
  • Dashed lines ≠ arithmetic mean of visible points
  • Heatmap values relative to pooled baseline

REVISED APPROACH:
  • Baseline = arithmetic mean of six period values
  • Dashed lines = arithmetic mean of visible points
  • Heatmap values relative to arithmetic mean
  • Changes now sum to ≈0 for each age group

VISUAL CONSISTENCY:
  • Line plot and heatmap now use SAME baseline definition
  • Dashed lines directly interpretable from data
  • Percentage changes balanced around zero

======================================================================
STEP 4 REVISED COMPLETE - ARITHMETIC MEAN BASELINE
======================================================================

NEW plots created (with _REVISED suffix):
  1. mean_distance_trend_TRIPWEIGHTED_REVISED.png
  2. action_space_trajectory_TRIPWEIGHTED_REVISED.png
  3. mobility_decomposition_TRIPWEIGHTED_REVISED.png
  4. distance_change_heatmap_TRIPWEIGHTED_REVISED.png

NEW data tables (with _REVISED suffix):
  • action_space_metrics_TRIPWEIGHTED.csv
  • action_space_changes_TRIPWEIGHTED.csv

NEXT STEPS:
  1. Compare _REVISED.png files with originals
  2. Verify that heatmap values now make sense
  3. Check that dashed lines in trend plot equal arithmetic mean
  4. Update manuscript captions accordingly

All outputs saved to:  results/sex1 

======================================================================

=== Creating drift vector visualization with COMBINED BASELINE ===

Kernel inputs from:  data/kernels/sex1 
Step outputs to:      results/sex1 


=== LOADING STEP 4 RESULTS ===
âœ“ Loaded Step 4 results
Available periods:  Baseline (2007-2009), 2010-2012, 2013-2015, 2016-2018, 2019-2021, 2022-2024 

     Period end_year
1 2010-2012     2012
2 2013-2015     2015
3 2016-2018     2018
4 2019-2021     2021
5 2022-2024     2024
Baseline period: Baseline (2007-2009)
Year-bin periods (ordered):  2010-2012, 2013-2015, 2016-2018, 2019-2021, 2022-2024 


=== DRIFT VECTOR CALCULATIONS ===
# A tibble: 5 × 11
  AgeGroup x_start y_start x_end y_end       dx    dy magnitude angle
  <chr>      <dbl>   <dbl> <dbl> <dbl>    <dbl> <dbl>     <dbl> <dbl>
1 10-17     0.272     5.94 0.267  6.21 -0.00504 0.272     0.272  91.1
2 18-30     0.307    10.2  0.278 11.0  -0.0291  0.842     0.843  92.0
3 31-55     0.311    12.8  0.297 18.1  -0.0145  5.29      5.29   90.2
4 56-65     0.239    12.6  0.262 14.4   0.0225  1.78      1.78   89.3
5 66+       0.0964   11.8  0.103 14.5   0.00667 2.66      2.66   89.9
# ℹ 2 more variables: pct_change_distance <dbl>, pct_change_time <dbl>

=== CALCULATING TRAJECTORY-AVERAGED DRIFT VECTORS ===

All periods (ordered): Baseline (2007-2009) -> 2010-2012 -> 2013-2015 -> 2016-2018 -> 2019-2021 -> 2022-2024 

Computing vector: Baseline (2007-2009) -> 2010-2012
Computing vector: 2010-2012 -> 2013-2015
Computing vector: 2013-2015 -> 2016-2018
Computing vector: 2016-2018 -> 2019-2021
Computing vector: 2019-2021 -> 2022-2024

Trajectory-averaged drift vectors:
# A tibble: 5 × 6
  AgeGroup   dx_avg dy_avg magnitude angle n_transitions
  <chr>       <dbl>  <dbl>     <dbl> <dbl>         <int>
1 10-17    -0.00101 0.0544    0.0545  91.1             5
2 18-30    -0.00582 0.168     0.169   92.0             5
3 31-55    -0.00289 1.06      1.06    90.2             5
4 56-65     0.00450 0.357     0.357   89.3             5
5 66+       0.00133 0.533     0.533   89.9             5

Creating trajectory-averaged drift visualization...
✓ Trajectory-averaged drift plot saved

=== COMPARISON: Endpoint vs Trajectory-Averaged Drift ===

# A tibble: 5 × 15
  AgeGroup dx_endpoint dy_endpoint mag_endpoint angle_endpoint dx_trajectory
  <chr>          <dbl>       <dbl>        <dbl>          <dbl>         <dbl>
1 10-17       -0.00504       0.272        0.272           91.1      -0.00101
2 18-30       -0.0291        0.842        0.843           92.0      -0.00582
3 31-55       -0.0145        5.29         5.29            90.2      -0.00289
4 56-65        0.0225        1.78         1.78            89.3       0.00450
5 66+          0.00667       2.66         2.66            89.9       0.00133
# ℹ 9 more variables: dy_trajectory <dbl>, mag_trajectory <dbl>,
#   angle_trajectory <dbl>, dx_diff <dbl>, dy_diff <dbl>, mag_diff <dbl>,
#   angle_diff <dbl>, dx_pct_diff <dbl>, dy_pct_diff <dbl>

Key differences:
  10-17:
    - Time direction: +80.0% difference
    - Distance direction: -80.0% difference
    - Magnitude: 0.272 (endpoint) vs 0.054 (trajectory-avg), diff = -0.218
  18-30:
    - Time direction: +80.0% difference
    - Distance direction: -80.0% difference
    - Magnitude: 0.843 (endpoint) vs 0.169 (trajectory-avg), diff = -0.674
  31-55:
    - Time direction: +80.0% difference
    - Distance direction: -80.0% difference
    - Magnitude: 5.291 (endpoint) vs 1.058 (trajectory-avg), diff = -4.233
  56-65:
    - Time direction: -80.0% difference
    - Distance direction: -80.0% difference
    - Magnitude: 1.784 (endpoint) vs 0.357 (trajectory-avg), diff = -1.427
  66+:
    - Time direction: -80.0% difference
    - Distance direction: -80.0% difference
    - Magnitude: 2.665 (endpoint) vs 0.533 (trajectory-avg), diff = -2.132

✓ Comparison data saved

=== DRIFT INTERPRETATIONS ===

# A tibble: 5 × 5
  AgeGroup distance_interpretation   time_interpretation overall_trend magnitude
  <chr>    <chr>                     <chr>               <chr>             <dbl>
1 10-17    STABLE: 0.27 km (+4.6%)   -1.9% less time aw… Relatively s…     0.272
2 18-30    STABLE: 0.84 km (+8.3%)   -9.5% less time aw… Relatively s…     0.843
3 31-55    EXPANDING: +5.29 km (+41… -4.6% less time aw… Traveling fu…     5.29 
4 56-65    EXPANDING: +1.78 km (+14… +9.4% more time aw… Expanding bo…     1.78 
5 66+      EXPANDING: +2.66 km (+22… +6.9% more time aw… Expanding bo…     2.66 

=== SUMMARY STATISTICS ===

Overall trends from baseline (2007-2009) to 2022-2024 :
- Average distance change: 2.17 km
- Average % distance change: 18.2 %
- Average time away change: 0.1 %
- Groups expanding (>10%): 3 
- Groups contracting (<-10%): 0 
- Groups stable (Â±10%): 2 


=== SAVING OUTPUTS ===

âœ“ All drift analysis outputs saved!
  Files created:
  - drift_vectors_COMBINED_BASELINE.png (main visualization)
  - drift_vectors_MINIMAL_COMBINED.png (minimal version)
  - drift_vectors_TRAJECTORY_AVERAGED.png (trajectory-averaged)
  - mobility_trajectories_FULL.png (full time series)
  - drift_interpretation_COMBINED_BASELINE.csv (interpretation)
  - drift_vectors_data_COMBINED_BASELINE.csv (raw data)
  - drift_comparison_endpoint_vs_trajectory.csv (comparison)

=============================================================
STEP 5 COMPLETE: Drift vector analysis with combined baseline
                 including trajectory-averaged drift option
=============================================================


=== STEP 6: COMPUTING PATH COMPLEXITY METRICS ===


=== STEP 6: LOADING STEP 5 OBJECTS ===
Computing tortuosity metrics...

=== TORTUOSITY RESULTS ===
# A tibble: 5 × 7
  AgeGroup path_length n_segments mean_segment_length endpoint_displacement
  <chr>          <dbl>      <int>               <dbl>                 <dbl>
1 10-17           4.18          5               0.836                 0.272
2 18-30          10.6           5               2.11                  0.843
3 31-55           6.93          5               1.39                  5.29 
4 56-65           3.75          5               0.750                 1.78 
5 66+            12.0           5               2.40                  2.66 
# ℹ 2 more variables: tortuosity <dbl>, path_type <chr>

Interpretation:
- Tortuosity = 1.0: Perfectly straight path
- Tortuosity = 1.5: Path is 50% longer than straight line
- Higher values indicate more meandering/fluctuations

Computing directional dispersion...

=== DIRECTIONAL DISPERSION RESULTS ===
# A tibble: 5 × 9
  AgeGroup mean_angle_rad mean_angle_deg     R circular_variance circular_sd
  <chr>             <dbl>          <dbl> <dbl>             <dbl>       <dbl>
1 10-17              1.79          103.  0.202             0.798       103. 
2 18-30              1.56           89.4 0.200             0.800       103. 
3 31-55              1.58           90.5 0.600             0.400        57.9
4 56-65              1.57           89.7 0.201             0.799       103. 
5 66+               -1.60          -91.5 0.200             0.800       103. 
# ℹ 3 more variables: angle_sd_approx <dbl>, n_transitions <int>,
#   consistency <chr>

Interpretation:
- R (Mean Resultant Length): 0-1 scale
  * R close to 1: All vectors point in nearly same direction (consistent)
  * R close to 0: Vectors point in many different directions (dispersed)
- Circular SD: Angular spread in degrees
  * Low values: Tight angular clustering
  * High values: Wide angular spread


=== COMBINED PATH COMPLEXITY METRICS ===
# A tibble: 5 × 8
  AgeGroup endpoint_displacement path_length tortuosity path_type              R
  <chr>                    <dbl>       <dbl>      <dbl> <chr>              <dbl>
1 10-17                    0.272        4.18      15.4  Highly tortuous    0.202
2 18-30                    0.843       10.6       12.5  Highly tortuous    0.200
3 31-55                    5.29         6.93       1.31 Moderately winding 0.600
4 56-65                    1.78         3.75       2.10 Highly tortuous    0.201
5 66+                      2.66        12.0        4.50 Highly tortuous    0.200
# ℹ 2 more variables: circular_sd <dbl>, consistency <chr>

Creating visualizations...

Generating LaTeX tables...
  ✓ table_path_complexity.tex
  ✓ table_path_complexity_simple.tex
  ✓ table_drift_comparison.tex

✓ Path complexity analysis complete!
  Files created:
  - path_tortuosity.png
  - directional_consistency.png
  - path_complexity_combined.png
  - path_complexity_metrics.csv
  - sequential_vectors_with_angles.csv
  - table_path_complexity.tex
  - table_path_complexity_simple.tex
  - table_drift_comparison.tex

=============================================================
STEP 6 COMPLETE: Path complexity metrics and LaTeX tables
=============================================================


--------------------------------------------------------------
>> steps 2b-6 - scenario: sex2 (Females) 
--------------------------------------------------------------
Scenario: sex2 
Input:    data/kernels/sex2 
Output:   results/sex2 

Reading inputs from:  data/kernels/sex2 
Writing outputs to:   results/sex2 
Indlæser krævet pakke: viridisLite

Vedhæfter pakke: 'scales'

Det følgende objekt er maskeret fra 'package:viridis':

    viridis_pal


Vedhæfter pakke: 'dplyr'

De følgende objekter er maskerede fra 'package:stats':

    filter, lag

De følgende objekter er maskerede fra 'package:base':

    intersect, setdiff, setequal, union


======================================================================
DIAGNOSTIC MODE - CHECKING YOUR DATA
======================================================================

1. BASELINE_KDE structure:
   Rows: 46080 
   Columns: AgeGroup, t, d, density 
# A tibble: 6 × 4
  AgeGroup     t     d   density
  <fct>    <dbl> <dbl>     <dbl>
1 10-17        0 0     6.65e-  2
2 10-17        0 0.632 2.06e-112
3 10-17        0 1.26  2.89e-112
4 10-17        0 1.89  3.63e-112
5 10-17        0 2.53  4.51e-112
6 10-17        0 3.16  5.81e-112

2. Density statistics:
   Min density: 2.296318e-229 
   Max density: 0.06663927 
   Median density: 2.33415e-05 

3. Distance distribution:
# A tibble: 10 × 3
       d     n mean_dens
   <dbl> <int>     <dbl>
 1 0       480  0.0519  
 2 0.632   480  0.00110 
 3 1.26    480  0.00122 
 4 1.89    480  0.00118 
 5 2.53    480  0.00105 
 6 3.16    480  0.000889
 7 3.79    480  0.000750
 8 4.42    480  0.000639
 9 5.05    480  0.000551
10 5.68    480  0.000479

4. Home vs Away split:
# A tibble: 2 × 4
  location n_cells total_density mean_density
  <chr>      <int>         <dbl>        <dbl>
1 away       45600          7.08     0.000155
2 home         480         24.9      0.0519  

   Added mass column: density * dt * dd

5. Total probability mass by age group:
# A tibble: 5 × 2
  AgeGroup total_mass
  <fct>         <dbl>
1 10-17             1
2 18-30             1
3 31-55             1
4 56-65             1
5 66+               1

6. Home probability calculation:
   Home probability range: [0.246, 1.000] 

   Sample home probabilities for Age 31-55:
# A tibble: 10 × 5
   AgeGroup     t home_mass total_mass prob_home
   <fct>    <dbl>     <dbl>      <dbl>     <dbl>
 1 31-55    0        0.0104     0.0104     1    
 2 31-55    0.253    0.0104     0.0104     1    
 3 31-55    0.505    0.0104     0.0104     1    
 4 31-55    0.758    0.0104     0.0104     1    
 5 31-55    1.01     0.0104     0.0104     1    
 6 31-55    1.26     0.0104     0.0104     1    
 7 31-55    1.52     0.0104     0.0104     1.000
 8 31-55    1.77     0.0104     0.0104     1.000
 9 31-55    2.02     0.0104     0.0104     1.000
10 31-55    2.27     0.0104     0.0104     1.000

7. DIFF_KDE structure:
   Rows: 276480 
   Columns: AgeGroup, year_bin, t, d, diff_density 
# A tibble: 6 × 5
  AgeGroup year_bin      t     d diff_density
  <fct>    <fct>     <dbl> <dbl>        <dbl>
1 10-17    2007–2009     0 0        2.25e-  5
2 10-17    2007–2009     0 0.632    1.20e-112
3 10-17    2007–2009     0 1.26     2.75e-112
4 10-17    2007–2009     0 1.89     3.91e-112
5 10-17    2007–2009     0 2.53     3.30e-112
6 10-17    2007–2009     0 3.16     4.66e-113

8. YEARBIN_KDE structure:
   Rows: 276480 
   Columns: AgeGroup, year_bin, t, d, density 
   Periods: 2007–2009, 2010–2012, 2013–2015, 2016–2018, 2019–2021, 2022–2024 

======================================================================
CREATING FIXED VISUALIZATIONS
======================================================================

1. Creating FIXED home probability plot...
   ✓ Saved: kde_home_ACTUALLY_FIXED.png

2. Creating away-time plot with AGGRESSIVE filtering...
   Density quantiles:
     10th: 2.70e-07
     90th: 4.51e-04
     95th: 8.70e-04
     99th: 2.16e-03
   Using color limits: [2.70e-07, 8.70e-04]
   ✓ Saved: kde_away_AGGRESSIVE_FILTER.png

3. Attempting to create difference maps...
   diff_kde columns: AgeGroup, year_bin, t, d, diff_density 
   Found 'diff_density' column
   Difference range: [-7.74e-04, 1.17e-03]
   Using symmetric limits: [-5.08e-05, 5.08e-05]
   ✓ Saved: kde_DIFFERENCE_maps_FIXED.png

4. Creating year-bin comparison...
   Available periods: 2007–2009, 2010–2012, 2013–2015, 2016–2018, 2019–2021, 2022–2024 
   Comparing: 1 vs 6 
   ✓ Saved: kde_YEARBIN_comparison_FIXED.png

======================================================================
COMPLETE!
======================================================================

📁 Check your output directory:
    results/sex2 

📊 Files created:
  1. kde_home_ACTUALLY_FIXED.png - Should show proper 60-100% curves
  2. kde_away_AGGRESSIVE_FILTER.png - 10th-95th percentile for contrast
  3. kde_DIFFERENCE_maps_FIXED.png - Red/blue difference maps
  4. kde_YEARBIN_comparison_FIXED.png - Early vs late periods

💡 If plots still look wrong, review the diagnostic output above!
======================================================================
Reading inputs from:  data/kernels/sex2 
Writing outputs to:   results/sex2 

=== CREATING TRANSPOSED DIFFERENCE MAPS ===
Layout: Age groups as ROWS, year periods as COLUMNS
Rows in diff_kde: 276480 
Rows after away-filter: 273600 
Color limits (5–95%): [-5.08e-05, 5.08e-05]

✓ Saved: kde_DIFFERENCE_by_cohort_SHARP.png
✓ Saved: kde_DIFFERENCE_by_cohort_aggressive_SHARP.png
✓ Saved: kde_DIFFERENCE_by_cohort_PUBLICATION.png

=== TRANSPOSITION COMPLETE ===
Layout now:
  Rows: Age Groups (10-17, 18-30, 31-55, etc.)
  Columns: Year Periods (2007-2009, 2010-2012, etc.)
Each horizontal strip shows one cohort's evolution across time

Advarselsbeskeder:
1: Using ragg device as default. Ignoring `type` and `antialias` arguments 
2: Using ragg device as default. Ignoring `type` and `antialias` arguments 
3: I plot_theme(plot) :
  The `base_size` theme element is not defined in the element hierarchy.
4: Using ragg device as default. Ignoring `type` and `antialias` arguments 
5: I plot_theme(plot) :
  The `base_size` theme element is not defined in the element hierarchy.

=== STEP 3: TEMPORAL ANALYSIS ===

Loading from:  data/kernels/sex2 
Saving to:     results/sex2 

  ✓ Loaded files
  Baseline: 480 rows
  Year-bin: 2880 rows

Computing temporal statistics...
  ✓ Baseline statistics ( 5  rows)
# A tibble: 5 × 10
  AgeGroup mean_hour median_hour peak_hour morning_6_12 midday_12_18
  <fct>        <dbl>       <dbl>     <dbl>        <dbl>        <dbl>
1 10-17         12.9        12.4      11.4        0.452        0.425
2 18-30         13.7        13.1      11.9        0.365        0.461
3 31-55         12.9        12.4      11.4        0.431        0.464
4 56-65         13.2        12.6      11.4        0.406        0.462
5 66+           14.3        13.9      11.4        0.297        0.518
# ℹ 4 more variables: evening_18_24 <dbl>, total_away <dbl>, sd_hour <dbl>,
#   Period <chr>

  ✓ Year-bin statistics ( 30  rows)
# A tibble: 10 × 10
   AgeGroup Period    mean_hour median_hour peak_hour morning_6_12 midday_12_18
   <fct>    <fct>         <dbl>       <dbl>     <dbl>        <dbl>        <dbl>
 1 10-17    2007–2009      13.1        12.4      10.9        0.446        0.417
 2 10-17    2010–2012      13.1        12.4      10.9        0.443        0.414
 3 10-17    2013–2015      12.9        12.1      11.6        0.455        0.420
 4 10-17    2016–2018      12.9        12.4      11.6        0.449        0.440
 5 10-17    2019–2021      12.7        12.1      12.1        0.469        0.435
 6 10-17    2022–2024      12.9        12.1      11.4        0.455        0.427
 7 18-30    2007–2009      13.9        13.4      12.1        0.355        0.448
 8 18-30    2010–2012      13.9        13.4      11.6        0.357        0.448
 9 18-30    2013–2015      13.7        13.1      11.6        0.363        0.465
10 18-30    2016–2018      13.7        13.1      12.4        0.364        0.476
# ℹ 3 more variables: evening_18_24 <dbl>, total_away <dbl>, sd_hour <dbl>

Computing shifts from baseline...
  ✓ Shifts computed ( 30  rows)
# A tibble: 10 × 10
   AgeGroup Period shift_mean shift_median shift_peak shift_morning shift_midday
   <fct>    <fct>       <dbl>        <dbl>      <dbl>         <dbl>        <dbl>
 1 10-17    2007–…     0.136         0         -0.505      -0.00581     -0.00819
 2 10-17    2010–…     0.166         0         -0.505      -0.00873     -0.0114 
 3 10-17    2013–…    -0.0260       -0.253      0.253       0.00310     -0.00503
 4 10-17    2016–…    -0.0448        0          0.253      -0.00350      0.0149 
 5 10-17    2019–…    -0.245        -0.253      0.758       0.0164       0.0103 
 6 10-17    2022–…    -0.0520       -0.253      0           0.00325      0.00171
 7 18-30    2007–…     0.161         0.253      0.253      -0.0101      -0.0128 
 8 18-30    2010–…     0.158         0.253     -0.253      -0.00810     -0.0135 
 9 18-30    2013–…     0.0168        0         -0.253      -0.00248      0.00418
10 18-30    2016–…    -0.0466        0          0.505      -0.00155      0.0146 
# ℹ 3 more variables: shift_evening <dbl>, shift_total_away <dbl>,
#   shift_sd <dbl>

Creating plots...
  ✓ temporal_profiles_all_ages.png
  ✓ mean_time_shift.png
  ✓ window_shifts.png
  ✓ heatmap_time_shift.png
  ✓ peak_time_shift.png

Saving data tables...
  ✓ temporal_shifts.csv
  ✓ temporal_statistics.csv

======================================================================
STEP 3 COMPLETE!
= = = = = = = = = = = = = = = = = = = = = = = = = = = = = = = = = = = = = = = = = = = = = = = = = = = = = = = = = = = = = = = = = = = = = = 

=== STEP 4 REVISED: ARITHMETIC MEAN BASELINE ===

Loading from:  data/kernels/sex2 
Saving to:     results/sex2 

Using HOME_CUTOFF =  0.02  km (must match Step 2)

Loading KDE densities from Step 2...
  ✓ Loaded year-bin KDE ( 276480 rows)

Computing trip-weighted action-space metrics...

Computing year-bin metrics for all periods...
  ✓ Year-bin metrics ( 30  rows)
# A tibble: 12 × 8
# Groups:   AgeGroup, Period [12]
   AgeGroup Period    fraction_away mean_distance mean_distance_active volume
   <fct>    <fct>             <dbl>         <dbl>                <dbl>  <dbl>
 1 10-17    2007–2009         0.283          1.46                 5.14   35.1
 2 10-17    2010–2012         0.280          1.52                 6.84   36.6
 3 10-17    2013–2015         0.285          1.63                 5.47   39.1
 4 10-17    2016–2018         0.298          1.62                11.3    39.0
 5 10-17    2019–2021         0.256          1.38                 6.01   33.2
 6 10-17    2022–2024         0.274          1.70                 7.96   40.8
 7 18-30    2007–2009         0.283          2.88                10.9    69.1
 8 18-30    2010–2012         0.273          2.87                 8.71   68.8
 9 18-30    2013–2015         0.277          2.99                 9.04   71.7
10 18-30    2016–2018         0.277          3.04                 9.13   72.9
11 18-30    2019–2021         0.248          2.69                10.3    64.5
12 18-30    2022–2024         0.258          2.86                 9.75   68.7
# ℹ 2 more variables: dist_p90 <dbl>, var_distance <dbl>

Computing baseline as arithmetic mean across periods...
  ✓ Baseline metrics computed from period averages:
# A tibble: 5 × 8
  AgeGroup fraction_away mean_distance mean_distance_active volume dist_p90
  <fct>            <dbl>         <dbl>                <dbl>  <dbl>    <dbl>
1 10-17           0.279          1.55                  7.12   37.3     12.6
2 18-30           0.269          2.89                  9.64   69.3     12.0
3 31-55           0.266          3.20                 11.3    76.7     14.0
4 56-65           0.208          2.49                 11.0    59.8     14.7
5 66+             0.0820         0.813                 8.75   19.5     13.1
# ℹ 2 more variables: var_distance <dbl>, Period <chr>

COMPARISON: This baseline is now the arithmetic mean of the six period values,
            NOT the pooled KDE baseline from Step 2.

Computing changes from arithmetic mean baseline...
  ✓ Changes computed ( 30  rows)

Sample of percentage changes:
# A tibble: 30 × 5
# Groups:   AgeGroup, Period [30]
   AgeGroup Period    mean_distance_active mean_distance_active_baseline
   <fct>    <fct>                    <dbl>                         <dbl>
 1 10-17    2007–2009                 5.14                          7.12
 2 10-17    2010–2012                 6.84                          7.12
 3 10-17    2013–2015                 5.47                          7.12
 4 10-17    2016–2018                11.3                           7.12
 5 10-17    2019–2021                 6.01                          7.12
 6 10-17    2022–2024                 7.96                          7.12
 7 18-30    2007–2009                10.9                           9.64
 8 18-30    2010–2012                 8.71                          9.64
 9 18-30    2013–2015                 9.04                          9.64
10 18-30    2016–2018                 9.13                          9.64
# ℹ 20 more rows
# ℹ 1 more variable: pct_change_distance <dbl>

VALIDATION: Sum of percentage changes by age group (should be ≈ 0):
# A tibble: 5 × 3
  AgeGroup sum_pct_change sum_absolute_change
  <fct>             <dbl>               <dbl>
1 10-17          1.02e-14            0       
2 18-30          6.66e-16            0       
3 31-55          1.95e-14            1.78e-15
4 56-65          4.80e-14            5.33e-15
5 66+            1.15e-14            8.88e-16

Creating updated plots...
  ✓ mean_distance_trend_TRIPWEIGHTED_REVISED.png
  ✓ action_space_trajectory_TRIPWEIGHTED.png
  ✓ mobility_decomposition_TRIPWEIGHTED_REVISED.png
  ✓ distance_change_heatmap_TRIPWEIGHTED_REVISED.png

Creating summary table...

=== Summary: Trip-weighted distance by age group ===
# A tibble: 5 × 6
  AgeGroup baseline_dist mean_dist min_dist max_dist range_dist
  <fct>            <dbl>     <dbl>    <dbl>    <dbl>      <dbl>
1 10-17             7.12      7.12     5.14    11.3        6.17
2 18-30             9.64      9.64     8.71    10.9        2.15
3 31-55            11.3      11.3      9.44    13.2        3.73
4 56-65            11.0      11.0      9.32    15.3        5.99
5 66+               8.75      8.75     7.06     9.58       2.52

Saving data tables...
  ✓ action_space_metrics_TRIPWEIGHTED.csv
  ✓ action_space_changes_TRIPWEIGHTED_REVISED.csv

======================================================================
KEY DIFFERENCES FROM ORIGINAL VERSION:
======================================================================

ORIGINAL APPROACH:
  • Baseline = pooled KDE on all 2007-2024 data
  • Dashed lines ≠ arithmetic mean of visible points
  • Heatmap values relative to pooled baseline

REVISED APPROACH:
  • Baseline = arithmetic mean of six period values
  • Dashed lines = arithmetic mean of visible points
  • Heatmap values relative to arithmetic mean
  • Changes now sum to ≈0 for each age group

VISUAL CONSISTENCY:
  • Line plot and heatmap now use SAME baseline definition
  • Dashed lines directly interpretable from data
  • Percentage changes balanced around zero

======================================================================
STEP 4 REVISED COMPLETE - ARITHMETIC MEAN BASELINE
======================================================================

NEW plots created (with _REVISED suffix):
  1. mean_distance_trend_TRIPWEIGHTED_REVISED.png
  2. action_space_trajectory_TRIPWEIGHTED_REVISED.png
  3. mobility_decomposition_TRIPWEIGHTED_REVISED.png
  4. distance_change_heatmap_TRIPWEIGHTED_REVISED.png

NEW data tables (with _REVISED suffix):
  • action_space_metrics_TRIPWEIGHTED.csv
  • action_space_changes_TRIPWEIGHTED.csv

NEXT STEPS:
  1. Compare _REVISED.png files with originals
  2. Verify that heatmap values now make sense
  3. Check that dashed lines in trend plot equal arithmetic mean
  4. Update manuscript captions accordingly

All outputs saved to:  results/sex2 

======================================================================

=== Creating drift vector visualization with COMBINED BASELINE ===

Kernel inputs from:  data/kernels/sex2 
Step outputs to:      results/sex2 


=== LOADING STEP 4 RESULTS ===
âœ“ Loaded Step 4 results
Available periods:  Baseline (2007-2009), 2010-2012, 2013-2015, 2016-2018, 2019-2021, 2022-2024 

     Period end_year
1 2010-2012     2012
2 2013-2015     2015
3 2016-2018     2018
4 2019-2021     2021
5 2022-2024     2024
Baseline period: Baseline (2007-2009)
Year-bin periods (ordered):  2010-2012, 2013-2015, 2016-2018, 2019-2021, 2022-2024 


=== DRIFT VECTOR CALCULATIONS ===
# A tibble: 5 × 11
  AgeGroup x_start y_start  x_end y_end       dx     dy magnitude angle
  <chr>      <dbl>   <dbl>  <dbl> <dbl>    <dbl>  <dbl>     <dbl> <dbl>
1 10-17     0.281     6.13 0.274   7.96 -0.00719  1.83      1.83   90.2
2 18-30     0.276    10.2  0.258   9.75 -0.0183  -0.501     0.501 -92.1
3 31-55     0.270    10.4  0.251  12.0  -0.0191   1.61      1.61   90.7
4 56-65     0.199    10.2  0.223  15.3   0.0247   5.06      5.06   89.7
5 66+       0.0814    7.90 0.0831  9.58  0.00167  1.68      1.68   89.9
# ℹ 2 more variables: pct_change_distance <dbl>, pct_change_time <dbl>

=== CALCULATING TRAJECTORY-AVERAGED DRIFT VECTORS ===

All periods (ordered): Baseline (2007-2009) -> 2010-2012 -> 2013-2015 -> 2016-2018 -> 2019-2021 -> 2022-2024 

Computing vector: Baseline (2007-2009) -> 2010-2012
Computing vector: 2010-2012 -> 2013-2015
Computing vector: 2013-2015 -> 2016-2018
Computing vector: 2016-2018 -> 2019-2021
Computing vector: 2019-2021 -> 2022-2024

Trajectory-averaged drift vectors:
# A tibble: 5 × 6
  AgeGroup    dx_avg dy_avg magnitude angle n_transitions
  <chr>        <dbl>  <dbl>     <dbl> <dbl>         <int>
1 10-17    -0.00144   0.365     0.365  90.2             5
2 18-30    -0.00367  -0.100     0.100 -92.1             5
3 31-55    -0.00383   0.322     0.322  90.7             5
4 56-65     0.00494   1.01      1.01   89.7             5
5 66+       0.000334  0.336     0.336  89.9             5

Creating trajectory-averaged drift visualization...
✓ Trajectory-averaged drift plot saved

=== COMPARISON: Endpoint vs Trajectory-Averaged Drift ===

# A tibble: 5 × 15
  AgeGroup dx_endpoint dy_endpoint mag_endpoint angle_endpoint dx_trajectory
  <chr>          <dbl>       <dbl>        <dbl>          <dbl>         <dbl>
1 10-17       -0.00719       1.83         1.83            90.2     -0.00144 
2 18-30       -0.0183       -0.501        0.501          -92.1     -0.00367 
3 31-55       -0.0191        1.61         1.61            90.7     -0.00383 
4 56-65        0.0247        5.06         5.06            89.7      0.00494 
5 66+          0.00167       1.68         1.68            89.9      0.000334
# ℹ 9 more variables: dy_trajectory <dbl>, mag_trajectory <dbl>,
#   angle_trajectory <dbl>, dx_diff <dbl>, dy_diff <dbl>, mag_diff <dbl>,
#   angle_diff <dbl>, dx_pct_diff <dbl>, dy_pct_diff <dbl>

Key differences:
  10-17:
    - Time direction: +80.0% difference
    - Distance direction: -80.0% difference
    - Magnitude: 1.826 (endpoint) vs 0.365 (trajectory-avg), diff = -1.461
  18-30:
    - Time direction: +80.0% difference
    - Distance direction: +80.0% difference
    - Magnitude: 0.501 (endpoint) vs 0.100 (trajectory-avg), diff = -0.401
  31-55:
    - Time direction: +80.0% difference
    - Distance direction: -80.0% difference
    - Magnitude: 1.609 (endpoint) vs 0.322 (trajectory-avg), diff = -1.287
  56-65:
    - Time direction: -80.0% difference
    - Distance direction: -80.0% difference
    - Magnitude: 5.060 (endpoint) vs 1.012 (trajectory-avg), diff = -4.048
  66+:
    - Time direction: -80.0% difference
    - Distance direction: -80.0% difference
    - Magnitude: 1.680 (endpoint) vs 0.336 (trajectory-avg), diff = -1.344

✓ Comparison data saved

=== DRIFT INTERPRETATIONS ===

# A tibble: 5 × 5
  AgeGroup distance_interpretation   time_interpretation overall_trend magnitude
  <chr>    <chr>                     <chr>               <chr>             <dbl>
1 10-17    EXPANDING: +1.83 km (+29… -2.6% less time aw… Traveling fu…     1.83 
2 18-30    STABLE: -0.5 km (-4.9%)   -6.6% less time aw… Relatively s…     0.501
3 31-55    EXPANDING: +1.61 km (+15… -7.1% less time aw… Traveling fu…     1.61 
4 56-65    EXPANDING: +5.06 km (+49… +12.4% more time a… Expanding bo…     5.06 
5 66+      EXPANDING: +1.68 km (+21… +2.1% more time aw… Expanding bo…     1.68 

=== SUMMARY STATISTICS ===

Overall trends from baseline (2007-2009) to 2022-2024 :
- Average distance change: 1.93 km
- Average % distance change: 22.2 %
- Average time away change: -0.4 %
- Groups expanding (>10%): 4 
- Groups contracting (<-10%): 0 
- Groups stable (Â±10%): 1 


=== SAVING OUTPUTS ===

âœ“ All drift analysis outputs saved!
  Files created:
  - drift_vectors_COMBINED_BASELINE.png (main visualization)
  - drift_vectors_MINIMAL_COMBINED.png (minimal version)
  - drift_vectors_TRAJECTORY_AVERAGED.png (trajectory-averaged)
  - mobility_trajectories_FULL.png (full time series)
  - drift_interpretation_COMBINED_BASELINE.csv (interpretation)
  - drift_vectors_data_COMBINED_BASELINE.csv (raw data)
  - drift_comparison_endpoint_vs_trajectory.csv (comparison)

=============================================================
STEP 5 COMPLETE: Drift vector analysis with combined baseline
                 including trajectory-averaged drift option
=============================================================


=== STEP 6: COMPUTING PATH COMPLEXITY METRICS ===


=== STEP 6: LOADING STEP 5 OBJECTS ===
Computing tortuosity metrics...

=== TORTUOSITY RESULTS ===
# A tibble: 5 × 7
  AgeGroup path_length n_segments mean_segment_length endpoint_displacement
  <chr>          <dbl>      <int>               <dbl>                 <dbl>
1 10-17          15.2           5               3.03                  1.83 
2 18-30           3.76          5               0.752                 0.501
3 31-55           7.26          5               1.45                  1.61 
4 56-65           9.10          5               1.82                  5.06 
5 66+             2.85          5               0.571                 1.68 
# ℹ 2 more variables: tortuosity <dbl>, path_type <chr>

Interpretation:
- Tortuosity = 1.0: Perfectly straight path
- Tortuosity = 1.5: Path is 50% longer than straight line
- Higher values indicate more meandering/fluctuations

Computing directional dispersion...

=== DIRECTIONAL DISPERSION RESULTS ===
# A tibble: 5 × 9
  AgeGroup mean_angle_rad mean_angle_deg     R circular_variance circular_sd
  <chr>             <dbl>          <dbl> <dbl>             <dbl>       <dbl>
1 10-17              1.57           89.7 0.200             0.800        103.
2 18-30              1.57           90.0 0.200             0.800        103.
3 31-55              1.30           74.4 0.200             0.800        103.
4 56-65             -1.60          -91.8 0.200             0.800        103.
5 66+                1.63           93.6 0.201             0.799        103.
# ℹ 3 more variables: angle_sd_approx <dbl>, n_transitions <int>,
#   consistency <chr>

Interpretation:
- R (Mean Resultant Length): 0-1 scale
  * R close to 1: All vectors point in nearly same direction (consistent)
  * R close to 0: Vectors point in many different directions (dispersed)
- Circular SD: Angular spread in degrees
  * Low values: Tight angular clustering
  * High values: Wide angular spread


=== COMBINED PATH COMPLEXITY METRICS ===
# A tibble: 5 × 8
  AgeGroup endpoint_displacement path_length tortuosity path_type           R
  <chr>                    <dbl>       <dbl>      <dbl> <chr>           <dbl>
1 10-17                    1.83        15.2        8.31 Highly tortuous 0.200
2 18-30                    0.501        3.76       7.50 Highly tortuous 0.200
3 31-55                    1.61         7.26       4.51 Highly tortuous 0.200
4 56-65                    5.06         9.10       1.80 Highly tortuous 0.200
5 66+                      1.68         2.85       1.70 Highly tortuous 0.201
# ℹ 2 more variables: circular_sd <dbl>, consistency <chr>

Creating visualizations...

Generating LaTeX tables...
  ✓ table_path_complexity.tex
  ✓ table_path_complexity_simple.tex
  ✓ table_drift_comparison.tex

✓ Path complexity analysis complete!
  Files created:
  - path_tortuosity.png
  - directional_consistency.png
  - path_complexity_combined.png
  - path_complexity_metrics.csv
  - sequential_vectors_with_angles.csv
  - table_path_complexity.tex
  - table_path_complexity_simple.tex
  - table_drift_comparison.tex

=============================================================
STEP 6 COMPLETE: Path complexity metrics and LaTeX tables
=============================================================


--------------------------------------------------------------
>> steps 2b-6 - scenario: city_10000 (Cities ≥ 10,000) 
--------------------------------------------------------------
Scenario: city_10000 
Input:    data/kernels/city_10000 
Output:   results/city_10000 

Reading inputs from:  data/kernels/city_10000 
Writing outputs to:   results/city_10000 
Indlæser krævet pakke: viridisLite

Vedhæfter pakke: 'scales'

Det følgende objekt er maskeret fra 'package:viridis':

    viridis_pal


Vedhæfter pakke: 'dplyr'

De følgende objekter er maskerede fra 'package:stats':

    filter, lag

De følgende objekter er maskerede fra 'package:base':

    intersect, setdiff, setequal, union


======================================================================
DIAGNOSTIC MODE - CHECKING YOUR DATA
======================================================================

1. BASELINE_KDE structure:
   Rows: 46080 
   Columns: AgeGroup, t, d, density 
# A tibble: 6 × 4
  AgeGroup     t     d   density
  <fct>    <dbl> <dbl>     <dbl>
1 10-17        0 0     6.65e-  2
2 10-17        0 0.632 1.43e-112
3 10-17        0 1.26  1.83e-112
4 10-17        0 1.89  2.22e-112
5 10-17        0 2.53  3.03e-112
6 10-17        0 3.16  4.53e-112

2. Density statistics:
   Min density: 1.238231e-167 
   Max density: 0.06664919 
   Median density: 2.055402e-05 

3. Distance distribution:
# A tibble: 10 × 3
       d     n mean_dens
   <dbl> <int>     <dbl>
 1 0       480  0.0512  
 2 0.632   480  0.00132 
 3 1.26    480  0.00148 
 4 1.89    480  0.00146 
 5 2.53    480  0.00131 
 6 3.16    480  0.00111 
 7 3.79    480  0.000916
 8 4.42    480  0.000756
 9 5.05    480  0.000626
10 5.68    480  0.000522

4. Home vs Away split:
# A tibble: 2 × 4
  location n_cells total_density mean_density
  <chr>      <int>         <dbl>        <dbl>
1 away       45600          7.45     0.000163
2 home         480         24.6      0.0512  

   Added mass column: density * dt * dd

5. Total probability mass by age group:
# A tibble: 5 × 2
  AgeGroup total_mass
  <fct>         <dbl>
1 10-17             1
2 18-30             1
3 31-55             1
4 56-65             1
5 66+               1

6. Home probability calculation:
   Home probability range: [0.271, 1.000] 

   Sample home probabilities for Age 31-55:
# A tibble: 10 × 5
   AgeGroup     t home_mass total_mass prob_home
   <fct>    <dbl>     <dbl>      <dbl>     <dbl>
 1 31-55    0        0.0104     0.0104     1    
 2 31-55    0.253    0.0104     0.0104     1    
 3 31-55    0.505    0.0104     0.0104     1    
 4 31-55    0.758    0.0104     0.0104     1    
 5 31-55    1.01     0.0104     0.0104     1    
 6 31-55    1.26     0.0104     0.0104     1    
 7 31-55    1.52     0.0104     0.0104     1.000
 8 31-55    1.77     0.0104     0.0104     1.000
 9 31-55    2.02     0.0104     0.0104     1.000
10 31-55    2.27     0.0104     0.0104     1.000

7. DIFF_KDE structure:
   Rows: 276480 
   Columns: AgeGroup, year_bin, t, d, diff_density 
# A tibble: 6 × 5
  AgeGroup year_bin      t     d diff_density
  <fct>    <fct>     <dbl> <dbl>        <dbl>
1 10-17    2007–2009     0 0        1.83e-  5
2 10-17    2007–2009     0 0.632   -1.43e-112
3 10-17    2007–2009     0 1.26    -1.83e-112
4 10-17    2007–2009     0 1.89    -2.22e-112
5 10-17    2007–2009     0 2.53    -3.03e-112
6 10-17    2007–2009     0 3.16    -4.53e-112

8. YEARBIN_KDE structure:
   Rows: 276480 
   Columns: AgeGroup, year_bin, t, d, density 
   Periods: 2007–2009, 2010–2012, 2013–2015, 2016–2018, 2019–2021, 2022–2024 

======================================================================
CREATING FIXED VISUALIZATIONS
======================================================================

1. Creating FIXED home probability plot...
   ✓ Saved: kde_home_ACTUALLY_FIXED.png

2. Creating away-time plot with AGGRESSIVE filtering...
   Density quantiles:
     10th: 1.82e-07
     90th: 4.06e-04
     95th: 9.25e-04
     99th: 2.68e-03
   Using color limits: [1.82e-07, 9.25e-04]
   ✓ Saved: kde_away_AGGRESSIVE_FILTER.png

3. Attempting to create difference maps...
   diff_kde columns: AgeGroup, year_bin, t, d, diff_density 
   Found 'diff_density' column
   Difference range: [-8.69e-04, 1.15e-03]
   Using symmetric limits: [-4.59e-05, 4.59e-05]
   ✓ Saved: kde_DIFFERENCE_maps_FIXED.png

4. Creating year-bin comparison...
   Available periods: 2007–2009, 2010–2012, 2013–2015, 2016–2018, 2019–2021, 2022–2024 
   Comparing: 1 vs 6 
   ✓ Saved: kde_YEARBIN_comparison_FIXED.png

======================================================================
COMPLETE!
======================================================================

📁 Check your output directory:
    results/city_10000 

📊 Files created:
  1. kde_home_ACTUALLY_FIXED.png - Should show proper 60-100% curves
  2. kde_away_AGGRESSIVE_FILTER.png - 10th-95th percentile for contrast
  3. kde_DIFFERENCE_maps_FIXED.png - Red/blue difference maps
  4. kde_YEARBIN_comparison_FIXED.png - Early vs late periods

💡 If plots still look wrong, review the diagnostic output above!
======================================================================
Reading inputs from:  data/kernels/city_10000 
Writing outputs to:   results/city_10000 

=== CREATING TRANSPOSED DIFFERENCE MAPS ===
Layout: Age groups as ROWS, year periods as COLUMNS
Rows in diff_kde: 276480 
Rows after away-filter: 273600 
Color limits (5–95%): [-4.59e-05, 4.59e-05]

✓ Saved: kde_DIFFERENCE_by_cohort_SHARP.png
✓ Saved: kde_DIFFERENCE_by_cohort_aggressive_SHARP.png
✓ Saved: kde_DIFFERENCE_by_cohort_PUBLICATION.png

=== TRANSPOSITION COMPLETE ===
Layout now:
  Rows: Age Groups (10-17, 18-30, 31-55, etc.)
  Columns: Year Periods (2007-2009, 2010-2012, etc.)
Each horizontal strip shows one cohort's evolution across time

Advarselsbeskeder:
1: Using ragg device as default. Ignoring `type` and `antialias` arguments 
2: Using ragg device as default. Ignoring `type` and `antialias` arguments 
3: I plot_theme(plot) :
  The `base_size` theme element is not defined in the element hierarchy.
4: Using ragg device as default. Ignoring `type` and `antialias` arguments 
5: I plot_theme(plot) :
  The `base_size` theme element is not defined in the element hierarchy.

=== STEP 3: TEMPORAL ANALYSIS ===

Loading from:  data/kernels/city_10000 
Saving to:     results/city_10000 

  ✓ Loaded files
  Baseline: 480 rows
  Year-bin: 2880 rows

Computing temporal statistics...
  ✓ Baseline statistics ( 5  rows)
# A tibble: 5 × 10
  AgeGroup mean_hour median_hour peak_hour morning_6_12 midday_12_18
  <fct>        <dbl>       <dbl>     <dbl>        <dbl>        <dbl>
1 10-17         13.0        12.4      11.1        0.448        0.427
2 18-30         13.7        13.1      12.1        0.363        0.462
3 31-55         13.0        12.6      11.6        0.422        0.471
4 56-65         13.0        12.6      11.4        0.420        0.466
5 66+           14.1        13.6      11.4        0.318        0.502
# ℹ 4 more variables: evening_18_24 <dbl>, total_away <dbl>, sd_hour <dbl>,
#   Period <chr>

  ✓ Year-bin statistics ( 30  rows)
# A tibble: 10 × 10
   AgeGroup Period    mean_hour median_hour peak_hour morning_6_12 midday_12_18
   <fct>    <fct>         <dbl>       <dbl>     <dbl>        <dbl>        <dbl>
 1 10-17    2007–2009      13.2        12.4      10.9        0.438        0.423
 2 10-17    2010–2012      13.1        12.4      10.9        0.444        0.411
 3 10-17    2013–2015      13.0        12.4      11.4        0.451        0.430
 4 10-17    2016–2018      12.9        12.4      11.6        0.445        0.443
 5 10-17    2019–2021      12.9        12.1      11.6        0.455        0.425
 6 10-17    2022–2024      12.9        12.1      11.9        0.454        0.432
 7 18-30    2007–2009      13.9        13.4      12.1        0.348        0.457
 8 18-30    2010–2012      13.8        13.4      11.9        0.356        0.450
 9 18-30    2013–2015      13.7        13.1      11.9        0.361        0.467
10 18-30    2016–2018      13.7        13.1      12.4        0.359        0.469
# ℹ 3 more variables: evening_18_24 <dbl>, total_away <dbl>, sd_hour <dbl>

Computing shifts from baseline...
  ✓ Shifts computed ( 30  rows)
# A tibble: 10 × 10
   AgeGroup Period shift_mean shift_median shift_peak shift_morning shift_midday
   <fct>    <fct>       <dbl>        <dbl>      <dbl>         <dbl>        <dbl>
 1 10-17    2007–…    0.162          0         -0.253      -0.00934     -0.00445
 2 10-17    2010–…    0.146          0         -0.253      -0.00377     -0.0168 
 3 10-17    2013–…   -0.0492         0          0.253       0.00307      0.00247
 4 10-17    2016–…   -0.0542         0          0.505      -0.00293      0.0155 
 5 10-17    2019–…   -0.0958        -0.253      0.505       0.00782     -0.00267
 6 10-17    2022–…   -0.123         -0.253      0.758       0.00672      0.00487
 7 18-30    2007–…    0.190          0.253      0          -0.0145      -0.00535
 8 18-30    2010–…    0.130          0.253     -0.253      -0.00648     -0.0118 
 9 18-30    2013–…    0.00942        0         -0.253      -0.00241      0.00497
10 18-30    2016–…    0.00428        0          0.253      -0.00380      0.00681
# ℹ 3 more variables: shift_evening <dbl>, shift_total_away <dbl>,
#   shift_sd <dbl>

Creating plots...
  ✓ temporal_profiles_all_ages.png
  ✓ mean_time_shift.png
  ✓ window_shifts.png
  ✓ heatmap_time_shift.png
  ✓ peak_time_shift.png

Saving data tables...
  ✓ temporal_shifts.csv
  ✓ temporal_statistics.csv

======================================================================
STEP 3 COMPLETE!
= = = = = = = = = = = = = = = = = = = = = = = = = = = = = = = = = = = = = = = = = = = = = = = = = = = = = = = = = = = = = = = = = = = = = = 

=== STEP 4 REVISED: ARITHMETIC MEAN BASELINE ===

Loading from:  data/kernels/city_10000 
Saving to:     results/city_10000 

Using HOME_CUTOFF =  0.02  km (must match Step 2)

Loading KDE densities from Step 2...
  ✓ Loaded year-bin KDE ( 276480 rows)

Computing trip-weighted action-space metrics...

Computing year-bin metrics for all periods...
  ✓ Year-bin metrics ( 30  rows)
# A tibble: 12 × 8
# Groups:   AgeGroup, Period [12]
   AgeGroup Period    fraction_away mean_distance mean_distance_active volume
   <fct>    <fct>             <dbl>         <dbl>                <dbl>  <dbl>
 1 10-17    2007–2009         0.277         1.04                  3.97   24.9
 2 10-17    2010–2012         0.267         1.09                  6.99   26.0
 3 10-17    2013–2015         0.273         0.972                 3.61   23.3
 4 10-17    2016–2018         0.288         1.21                  4.25   29.0
 5 10-17    2019–2021         0.249         1.00                  4.95   24.0
 6 10-17    2022–2024         0.264         1.17                  5.86   28.1
 7 18-30    2007–2009         0.301         2.67                  7.40   64.1
 8 18-30    2010–2012         0.285         2.46                  7.07   59.1
 9 18-30    2013–2015         0.287         2.64                  7.91   63.3
10 18-30    2016–2018         0.290         2.68                  8.41   64.3
11 18-30    2019–2021         0.259         2.63                  9.04   63.1
12 18-30    2022–2024         0.265         2.60                  8.42   62.5
# ℹ 2 more variables: dist_p90 <dbl>, var_distance <dbl>

Computing baseline as arithmetic mean across periods...
  ✓ Baseline metrics computed from period averages:
# A tibble: 5 × 8
  AgeGroup fraction_away mean_distance mean_distance_active volume dist_p90
  <fct>            <dbl>         <dbl>                <dbl>  <dbl>    <dbl>
1 10-17           0.270          1.08                  4.94   25.9     8.71
2 18-30           0.281          2.61                  8.04   62.7    10.4 
3 31-55           0.287          3.12                 10.0    74.8    12.5 
4 56-65           0.233          2.51                  9.93   60.2    12.4 
5 66+             0.0924         0.827                 9.54   19.9    14.0 
# ℹ 2 more variables: var_distance <dbl>, Period <chr>

COMPARISON: This baseline is now the arithmetic mean of the six period values,
            NOT the pooled KDE baseline from Step 2.

Computing changes from arithmetic mean baseline...
  ✓ Changes computed ( 30  rows)

Sample of percentage changes:
# A tibble: 30 × 5
# Groups:   AgeGroup, Period [30]
   AgeGroup Period    mean_distance_active mean_distance_active_baseline
   <fct>    <fct>                    <dbl>                         <dbl>
 1 10-17    2007–2009                 3.97                          4.94
 2 10-17    2010–2012                 6.99                          4.94
 3 10-17    2013–2015                 3.61                          4.94
 4 10-17    2016–2018                 4.25                          4.94
 5 10-17    2019–2021                 4.95                          4.94
 6 10-17    2022–2024                 5.86                          4.94
 7 18-30    2007–2009                 7.40                          8.04
 8 18-30    2010–2012                 7.07                          8.04
 9 18-30    2013–2015                 7.91                          8.04
10 18-30    2016–2018                 8.41                          8.04
# ℹ 20 more rows
# ℹ 1 more variable: pct_change_distance <dbl>

VALIDATION: Sum of percentage changes by age group (should be ≈ 0):
# A tibble: 5 × 3
  AgeGroup sum_pct_change sum_absolute_change
  <fct>             <dbl>               <dbl>
1 10-17          2.68e-14            1.33e-15
2 18-30         -5.33e-14           -4.44e-15
3 31-55         -3.29e-14           -3.55e-15
4 56-65          1.91e-14            1.78e-15
5 66+            6.31e-14            5.33e-15

Creating updated plots...
  ✓ mean_distance_trend_TRIPWEIGHTED_REVISED.png
  ✓ action_space_trajectory_TRIPWEIGHTED.png
  ✓ mobility_decomposition_TRIPWEIGHTED_REVISED.png
  ✓ distance_change_heatmap_TRIPWEIGHTED_REVISED.png

Creating summary table...

=== Summary: Trip-weighted distance by age group ===
# A tibble: 5 × 6
  AgeGroup baseline_dist mean_dist min_dist max_dist range_dist
  <fct>            <dbl>     <dbl>    <dbl>    <dbl>      <dbl>
1 10-17             4.94      4.94     3.61     6.99       3.38
2 18-30             8.04      8.04     7.07     9.04       1.97
3 31-55            10.0      10.0      9.25    12.1        2.83
4 56-65             9.93      9.93     9.32    10.7        1.37
5 66+               9.54      9.54     7.4     14.6        7.22

Saving data tables...
  ✓ action_space_metrics_TRIPWEIGHTED.csv
  ✓ action_space_changes_TRIPWEIGHTED_REVISED.csv

======================================================================
KEY DIFFERENCES FROM ORIGINAL VERSION:
======================================================================

ORIGINAL APPROACH:
  • Baseline = pooled KDE on all 2007-2024 data
  • Dashed lines ≠ arithmetic mean of visible points
  • Heatmap values relative to pooled baseline

REVISED APPROACH:
  • Baseline = arithmetic mean of six period values
  • Dashed lines = arithmetic mean of visible points
  • Heatmap values relative to arithmetic mean
  • Changes now sum to ≈0 for each age group

VISUAL CONSISTENCY:
  • Line plot and heatmap now use SAME baseline definition
  • Dashed lines directly interpretable from data
  • Percentage changes balanced around zero

======================================================================
STEP 4 REVISED COMPLETE - ARITHMETIC MEAN BASELINE
======================================================================

NEW plots created (with _REVISED suffix):
  1. mean_distance_trend_TRIPWEIGHTED_REVISED.png
  2. action_space_trajectory_TRIPWEIGHTED_REVISED.png
  3. mobility_decomposition_TRIPWEIGHTED_REVISED.png
  4. distance_change_heatmap_TRIPWEIGHTED_REVISED.png

NEW data tables (with _REVISED suffix):
  • action_space_metrics_TRIPWEIGHTED.csv
  • action_space_changes_TRIPWEIGHTED.csv

NEXT STEPS:
  1. Compare _REVISED.png files with originals
  2. Verify that heatmap values now make sense
  3. Check that dashed lines in trend plot equal arithmetic mean
  4. Update manuscript captions accordingly

All outputs saved to:  results/city_10000 

======================================================================

=== Creating drift vector visualization with COMBINED BASELINE ===

Kernel inputs from:  data/kernels/city_10000 
Step outputs to:      results/city_10000 


=== LOADING STEP 4 RESULTS ===
âœ“ Loaded Step 4 results
Available periods:  Baseline (2007-2009), 2010-2012, 2013-2015, 2016-2018, 2019-2021, 2022-2024 

     Period end_year
1 2010-2012     2012
2 2013-2015     2015
3 2016-2018     2018
4 2019-2021     2021
5 2022-2024     2024
Baseline period: Baseline (2007-2009)
Year-bin periods (ordered):  2010-2012, 2013-2015, 2016-2018, 2019-2021, 2022-2024 


=== DRIFT VECTOR CALCULATIONS ===
# A tibble: 5 × 11
  AgeGroup x_start y_start  x_end y_end       dx     dy magnitude angle
  <chr>      <dbl>   <dbl>  <dbl> <dbl>    <dbl>  <dbl>     <dbl> <dbl>
1 10-17     0.273     4.45 0.264   5.86 -0.00910  1.41      1.41   90.4
2 18-30     0.291     7.72 0.265   8.42 -0.0262   0.699     0.700  92.1
3 31-55     0.291     9.65 0.271  12.1  -0.0198   2.43      2.43   90.5
4 56-65     0.227    10.2  0.245   9.77  0.0180  -0.455     0.455 -87.7
5 66+       0.0932    8.47 0.0977 10.1   0.00457  1.62      1.62   89.8
# ℹ 2 more variables: pct_change_distance <dbl>, pct_change_time <dbl>

=== CALCULATING TRAJECTORY-AVERAGED DRIFT VECTORS ===

All periods (ordered): Baseline (2007-2009) -> 2010-2012 -> 2013-2015 -> 2016-2018 -> 2019-2021 -> 2022-2024 

Computing vector: Baseline (2007-2009) -> 2010-2012
Computing vector: 2010-2012 -> 2013-2015
Computing vector: 2013-2015 -> 2016-2018
Computing vector: 2016-2018 -> 2019-2021
Computing vector: 2019-2021 -> 2022-2024

Trajectory-averaged drift vectors:
# A tibble: 5 × 6
  AgeGroup    dx_avg  dy_avg magnitude angle n_transitions
  <chr>        <dbl>   <dbl>     <dbl> <dbl>         <int>
1 10-17    -0.00182   0.282     0.282   90.4             5
2 18-30    -0.00524   0.140     0.140   92.1             5
3 31-55    -0.00395   0.486     0.486   90.5             5
4 56-65     0.00361  -0.0910    0.0910 -87.7             5
5 66+       0.000914  0.324     0.324   89.8             5

Creating trajectory-averaged drift visualization...
✓ Trajectory-averaged drift plot saved

=== COMPARISON: Endpoint vs Trajectory-Averaged Drift ===

# A tibble: 5 × 15
  AgeGroup dx_endpoint dy_endpoint mag_endpoint angle_endpoint dx_trajectory
  <chr>          <dbl>       <dbl>        <dbl>          <dbl>         <dbl>
1 10-17       -0.00910       1.41         1.41            90.4     -0.00182 
2 18-30       -0.0262        0.699        0.700           92.1     -0.00524 
3 31-55       -0.0198        2.43         2.43            90.5     -0.00395 
4 56-65        0.0180       -0.455        0.455          -87.7      0.00361 
5 66+          0.00457       1.62         1.62            89.8      0.000914
# ℹ 9 more variables: dy_trajectory <dbl>, mag_trajectory <dbl>,
#   angle_trajectory <dbl>, dx_diff <dbl>, dy_diff <dbl>, mag_diff <dbl>,
#   angle_diff <dbl>, dx_pct_diff <dbl>, dy_pct_diff <dbl>

Key differences:
  10-17:
    - Time direction: +80.0% difference
    - Distance direction: -80.0% difference
    - Magnitude: 1.408 (endpoint) vs 0.282 (trajectory-avg), diff = -1.127
  18-30:
    - Time direction: +80.0% difference
    - Distance direction: -80.0% difference
    - Magnitude: 0.700 (endpoint) vs 0.140 (trajectory-avg), diff = -0.560
  31-55:
    - Time direction: +80.0% difference
    - Distance direction: -80.0% difference
    - Magnitude: 2.431 (endpoint) vs 0.486 (trajectory-avg), diff = -1.945
  56-65:
    - Time direction: -80.0% difference
    - Distance direction: +80.0% difference
    - Magnitude: 0.455 (endpoint) vs 0.091 (trajectory-avg), diff = -0.364
  66+:
    - Time direction: -80.0% difference
    - Distance direction: -80.0% difference
    - Magnitude: 1.620 (endpoint) vs 0.324 (trajectory-avg), diff = -1.296

✓ Comparison data saved

=== DRIFT INTERPRETATIONS ===

# A tibble: 5 × 5
  AgeGroup distance_interpretation   time_interpretation overall_trend magnitude
  <chr>    <chr>                     <chr>               <chr>             <dbl>
1 10-17    EXPANDING: +1.41 km (+31… -3.3% less time aw… Traveling fu…     1.41 
2 18-30    STABLE: 0.7 km (+9.1%)    -9% less time away  Relatively s…     0.700
3 31-55    EXPANDING: +2.43 km (+25… -6.8% less time aw… Traveling fu…     2.43 
4 56-65    STABLE: -0.45 km (-4.4%)  +8% more time away  Relatively s…     0.455
5 66+      EXPANDING: +1.62 km (+19… +4.9% more time aw… Expanding bo…     1.62 

=== SUMMARY STATISTICS ===

Overall trends from baseline (2007-2009) to 2022-2024 :
- Average distance change: 1.14 km
- Average % distance change: 16.1 %
- Average time away change: -1.3 %
- Groups expanding (>10%): 3 
- Groups contracting (<-10%): 0 
- Groups stable (Â±10%): 2 


=== SAVING OUTPUTS ===

âœ“ All drift analysis outputs saved!
  Files created:
  - drift_vectors_COMBINED_BASELINE.png (main visualization)
  - drift_vectors_MINIMAL_COMBINED.png (minimal version)
  - drift_vectors_TRAJECTORY_AVERAGED.png (trajectory-averaged)
  - mobility_trajectories_FULL.png (full time series)
  - drift_interpretation_COMBINED_BASELINE.csv (interpretation)
  - drift_vectors_data_COMBINED_BASELINE.csv (raw data)
  - drift_comparison_endpoint_vs_trajectory.csv (comparison)

=============================================================
STEP 5 COMPLETE: Drift vector analysis with combined baseline
                 including trajectory-averaged drift option
=============================================================


=== STEP 6: COMPUTING PATH COMPLEXITY METRICS ===


=== STEP 6: LOADING STEP 5 OBJECTS ===
Computing tortuosity metrics...

=== TORTUOSITY RESULTS ===
# A tibble: 5 × 7
  AgeGroup path_length n_segments mean_segment_length endpoint_displacement
  <chr>          <dbl>      <int>               <dbl>                 <dbl>
1 10-17           8.16          5               1.63                  1.41 
2 18-30           3.24          5               0.647                 0.700
3 31-55           5.36          5               1.07                  2.43 
4 56-65           4.54          5               0.908                 0.455
5 66+            12.8           5               2.56                  1.62 
# ℹ 2 more variables: tortuosity <dbl>, path_type <chr>

Interpretation:
- Tortuosity = 1.0: Perfectly straight path
- Tortuosity = 1.5: Path is 50% longer than straight line
- Higher values indicate more meandering/fluctuations

Computing directional dispersion...

=== DIRECTIONAL DISPERSION RESULTS ===
# A tibble: 5 × 9
  AgeGroup mean_angle_rad mean_angle_deg     R circular_variance circular_sd
  <chr>             <dbl>          <dbl> <dbl>             <dbl>       <dbl>
1 10-17             1.58            90.3 0.600             0.400        58.0
2 18-30             1.61            92.3 0.200             0.800       103. 
3 31-55            -1.59           -90.8 0.200             0.800       103. 
4 56-65            -1.57           -89.7 0.200             0.800       103. 
5 66+               0.557           31.9 0.198             0.802       103. 
# ℹ 3 more variables: angle_sd_approx <dbl>, n_transitions <int>,
#   consistency <chr>

Interpretation:
- R (Mean Resultant Length): 0-1 scale
  * R close to 1: All vectors point in nearly same direction (consistent)
  * R close to 0: Vectors point in many different directions (dispersed)
- Circular SD: Angular spread in degrees
  * Low values: Tight angular clustering
  * High values: Wide angular spread


=== COMBINED PATH COMPLEXITY METRICS ===
# A tibble: 5 × 8
  AgeGroup endpoint_displacement path_length tortuosity path_type           R
  <chr>                    <dbl>       <dbl>      <dbl> <chr>           <dbl>
1 10-17                    1.41         8.16       5.80 Highly tortuous 0.600
2 18-30                    0.700        3.24       4.62 Highly tortuous 0.200
3 31-55                    2.43         5.36       2.21 Highly tortuous 0.200
4 56-65                    0.455        4.54       9.97 Highly tortuous 0.200
5 66+                      1.62        12.8        7.91 Highly tortuous 0.198
# ℹ 2 more variables: circular_sd <dbl>, consistency <chr>

Creating visualizations...

Generating LaTeX tables...
  ✓ table_path_complexity.tex
  ✓ table_path_complexity_simple.tex
  ✓ table_drift_comparison.tex

✓ Path complexity analysis complete!
  Files created:
  - path_tortuosity.png
  - directional_consistency.png
  - path_complexity_combined.png
  - path_complexity_metrics.csv
  - sequential_vectors_with_angles.csv
  - table_path_complexity.tex
  - table_path_complexity_simple.tex
  - table_drift_comparison.tex

=============================================================
STEP 6 COMPLETE: Path complexity metrics and LaTeX tables
=============================================================


--------------------------------------------------------------
>> steps 2b-6 - scenario: city_25000 (Cities ≥ 25,000) 
--------------------------------------------------------------
Scenario: city_25000 
Input:    data/kernels/city_25000 
Output:   results/city_25000 

Reading inputs from:  data/kernels/city_25000 
Writing outputs to:   results/city_25000 
Indlæser krævet pakke: viridisLite

Vedhæfter pakke: 'scales'

Det følgende objekt er maskeret fra 'package:viridis':

    viridis_pal


Vedhæfter pakke: 'dplyr'

De følgende objekter er maskerede fra 'package:stats':

    filter, lag

De følgende objekter er maskerede fra 'package:base':

    intersect, setdiff, setequal, union


======================================================================
DIAGNOSTIC MODE - CHECKING YOUR DATA
======================================================================

1. BASELINE_KDE structure:
   Rows: 46080 
   Columns: AgeGroup, t, d, density 
# A tibble: 6 × 4
  AgeGroup     t     d   density
  <fct>    <dbl> <dbl>     <dbl>
1 10-17        0 0     6.65e-  2
2 10-17        0 0.632 1.81e-112
3 10-17        0 1.26  2.31e-112
4 10-17        0 1.89  2.81e-112
5 10-17        0 2.53  3.83e-112
6 10-17        0 3.16  5.73e-112

2. Density statistics:
   Min density: 1.201725e-209 
   Max density: 0.06665082 
   Median density: 1.839978e-05 

3. Distance distribution:
# A tibble: 10 × 3
       d     n mean_dens
   <dbl> <int>     <dbl>
 1 0       480  0.0511  
 2 0.632   480  0.00130 
 3 1.26    480  0.00147 
 4 1.89    480  0.00147 
 5 2.53    480  0.00134 
 6 3.16    480  0.00116 
 7 3.79    480  0.000982
 8 4.42    480  0.000824
 9 5.05    480  0.000688
10 5.68    480  0.000574

4. Home vs Away split:
# A tibble: 2 × 4
  location n_cells total_density mean_density
  <chr>      <int>         <dbl>        <dbl>
1 away       45600          7.46     0.000164
2 home         480         24.5      0.0511  

   Added mass column: density * dt * dd

5. Total probability mass by age group:
# A tibble: 5 × 2
  AgeGroup total_mass
  <fct>         <dbl>
1 10-17             1
2 18-30             1
3 31-55             1
4 56-65             1
5 66+               1

6. Home probability calculation:
   Home probability range: [0.272, 1.000] 

   Sample home probabilities for Age 31-55:
# A tibble: 10 × 5
   AgeGroup     t home_mass total_mass prob_home
   <fct>    <dbl>     <dbl>      <dbl>     <dbl>
 1 31-55    0        0.0104     0.0104     1    
 2 31-55    0.253    0.0104     0.0104     1    
 3 31-55    0.505    0.0104     0.0104     1    
 4 31-55    0.758    0.0104     0.0104     1    
 5 31-55    1.01     0.0104     0.0104     1    
 6 31-55    1.26     0.0104     0.0104     1    
 7 31-55    1.52     0.0104     0.0104     1.000
 8 31-55    1.77     0.0104     0.0104     1.000
 9 31-55    2.02     0.0104     0.0104     1.000
10 31-55    2.27     0.0104     0.0104     1.000

7. DIFF_KDE structure:
   Rows: 276480 
   Columns: AgeGroup, year_bin, t, d, diff_density 
# A tibble: 6 × 5
  AgeGroup year_bin      t     d diff_density
  <fct>    <fct>     <dbl> <dbl>        <dbl>
1 10-17    2007–2009     0 0        1.63e-  5
2 10-17    2007–2009     0 0.632   -1.81e-112
3 10-17    2007–2009     0 1.26    -2.31e-112
4 10-17    2007–2009     0 1.89    -2.81e-112
5 10-17    2007–2009     0 2.53    -3.83e-112
6 10-17    2007–2009     0 3.16    -5.73e-112

8. YEARBIN_KDE structure:
   Rows: 276480 
   Columns: AgeGroup, year_bin, t, d, density 
   Periods: 2007–2009, 2010–2012, 2013–2015, 2016–2018, 2019–2021, 2022–2024 

======================================================================
CREATING FIXED VISUALIZATIONS
======================================================================

1. Creating FIXED home probability plot...
   ✓ Saved: kde_home_ACTUALLY_FIXED.png

2. Creating away-time plot with AGGRESSIVE filtering...
   Density quantiles:
     10th: 2.10e-07
     90th: 4.10e-04
     95th: 9.88e-04
     99th: 2.76e-03
   Using color limits: [2.10e-07, 9.88e-04]
   ✓ Saved: kde_away_AGGRESSIVE_FILTER.png

3. Attempting to create difference maps...
   diff_kde columns: AgeGroup, year_bin, t, d, diff_density 
   Found 'diff_density' column
   Difference range: [-8.01e-04, 1.07e-03]
   Using symmetric limits: [-4.78e-05, 4.78e-05]
   ✓ Saved: kde_DIFFERENCE_maps_FIXED.png

4. Creating year-bin comparison...
   Available periods: 2007–2009, 2010–2012, 2013–2015, 2016–2018, 2019–2021, 2022–2024 
   Comparing: 1 vs 6 
   ✓ Saved: kde_YEARBIN_comparison_FIXED.png

======================================================================
COMPLETE!
======================================================================

📁 Check your output directory:
    results/city_25000 

📊 Files created:
  1. kde_home_ACTUALLY_FIXED.png - Should show proper 60-100% curves
  2. kde_away_AGGRESSIVE_FILTER.png - 10th-95th percentile for contrast
  3. kde_DIFFERENCE_maps_FIXED.png - Red/blue difference maps
  4. kde_YEARBIN_comparison_FIXED.png - Early vs late periods

💡 If plots still look wrong, review the diagnostic output above!
======================================================================
Reading inputs from:  data/kernels/city_25000 
Writing outputs to:   results/city_25000 

=== CREATING TRANSPOSED DIFFERENCE MAPS ===
Layout: Age groups as ROWS, year periods as COLUMNS
Rows in diff_kde: 276480 
Rows after away-filter: 273600 
Color limits (5–95%): [-4.78e-05, 4.78e-05]

✓ Saved: kde_DIFFERENCE_by_cohort_SHARP.png
✓ Saved: kde_DIFFERENCE_by_cohort_aggressive_SHARP.png
✓ Saved: kde_DIFFERENCE_by_cohort_PUBLICATION.png

=== TRANSPOSITION COMPLETE ===
Layout now:
  Rows: Age Groups (10-17, 18-30, 31-55, etc.)
  Columns: Year Periods (2007-2009, 2010-2012, etc.)
Each horizontal strip shows one cohort's evolution across time

Advarselsbeskeder:
1: Using ragg device as default. Ignoring `type` and `antialias` arguments 
2: Using ragg device as default. Ignoring `type` and `antialias` arguments 
3: I plot_theme(plot) :
  The `base_size` theme element is not defined in the element hierarchy.
4: Using ragg device as default. Ignoring `type` and `antialias` arguments 
5: I plot_theme(plot) :
  The `base_size` theme element is not defined in the element hierarchy.

=== STEP 3: TEMPORAL ANALYSIS ===

Loading from:  data/kernels/city_25000 
Saving to:     results/city_25000 

  ✓ Loaded files
  Baseline: 480 rows
  Year-bin: 2880 rows

Computing temporal statistics...
  ✓ Baseline statistics ( 5  rows)
# A tibble: 5 × 10
  AgeGroup mean_hour median_hour peak_hour morning_6_12 midday_12_18
  <fct>        <dbl>       <dbl>     <dbl>        <dbl>        <dbl>
1 10-17         13.0        12.4      11.1        0.445        0.431
2 18-30         13.7        13.1      12.1        0.359        0.465
3 31-55         13.0        12.6      11.6        0.417        0.474
4 56-65         13.1        12.6      11.4        0.416        0.469
5 66+           14.1        13.6      11.4        0.316        0.503
# ℹ 4 more variables: evening_18_24 <dbl>, total_away <dbl>, sd_hour <dbl>,
#   Period <chr>

  ✓ Year-bin statistics ( 30  rows)
# A tibble: 10 × 10
   AgeGroup Period    mean_hour median_hour peak_hour morning_6_12 midday_12_18
   <fct>    <fct>         <dbl>       <dbl>     <dbl>        <dbl>        <dbl>
 1 10-17    2007–2009      13.2        12.4      10.9        0.431        0.428
 2 10-17    2010–2012      13.2        12.4      10.9        0.441        0.413
 3 10-17    2013–2015      13.0        12.4      11.4        0.445        0.431
 4 10-17    2016–2018      12.9        12.4      11.6        0.447        0.446
 5 10-17    2019–2021      12.9        12.1      11.6        0.459        0.426
 6 10-17    2022–2024      12.9        12.4      12.1        0.449        0.439
 7 18-30    2007–2009      13.9        13.4      12.1        0.344        0.460
 8 18-30    2010–2012      13.9        13.4      11.9        0.349        0.453
 9 18-30    2013–2015      13.7        13.1      11.9        0.358        0.471
10 18-30    2016–2018      13.7        13.1      12.6        0.356        0.473
# ℹ 3 more variables: evening_18_24 <dbl>, total_away <dbl>, sd_hour <dbl>

Computing shifts from baseline...
  ✓ Shifts computed ( 30  rows)
# A tibble: 10 × 10
   AgeGroup Period shift_mean shift_median shift_peak shift_morning shift_midday
   <fct>    <fct>       <dbl>        <dbl>      <dbl>         <dbl>        <dbl>
 1 10-17    2007–…    0.209          0         -0.253     -0.0141      -0.00266 
 2 10-17    2010–…    0.154          0         -0.253     -0.00387     -0.0175  
 3 10-17    2013–…   -0.0154         0          0.253      0.000611    -0.000108
 4 10-17    2016–…   -0.100          0          0.505      0.00184      0.0151  
 5 10-17    2019–…   -0.159         -0.253      0.505      0.0140      -0.00463 
 6 10-17    2022–…   -0.111          0          1.01       0.00397      0.00806 
 7 18-30    2007–…    0.197          0.253      0         -0.0153      -0.00573 
 8 18-30    2010–…    0.179          0.253     -0.253     -0.0102      -0.0122  
 9 18-30    2013–…   -0.0141         0         -0.253     -0.000786     0.00544 
10 18-30    2016–…   -0.00746        0          0.505     -0.00312      0.00722 
# ℹ 3 more variables: shift_evening <dbl>, shift_total_away <dbl>,
#   shift_sd <dbl>

Creating plots...
  ✓ temporal_profiles_all_ages.png
  ✓ mean_time_shift.png
  ✓ window_shifts.png
  ✓ heatmap_time_shift.png
  ✓ peak_time_shift.png

Saving data tables...
  ✓ temporal_shifts.csv
  ✓ temporal_statistics.csv

======================================================================
STEP 3 COMPLETE!
= = = = = = = = = = = = = = = = = = = = = = = = = = = = = = = = = = = = = = = = = = = = = = = = = = = = = = = = = = = = = = = = = = = = = = 

=== STEP 4 REVISED: ARITHMETIC MEAN BASELINE ===

Loading from:  data/kernels/city_25000 
Saving to:     results/city_25000 

Using HOME_CUTOFF =  0.02  km (must match Step 2)

Loading KDE densities from Step 2...
  ✓ Loaded year-bin KDE ( 276480 rows)

Computing trip-weighted action-space metrics...

Computing year-bin metrics for all periods...
  ✓ Year-bin metrics ( 30  rows)
# A tibble: 12 × 8
# Groups:   AgeGroup, Period [12]
   AgeGroup Period    fraction_away mean_distance mean_distance_active volume
   <fct>    <fct>             <dbl>         <dbl>                <dbl>  <dbl>
 1 10-17    2007–2009         0.282         1.03                  3.79   24.6
 2 10-17    2010–2012         0.269         0.992                 5.89   23.8
 3 10-17    2013–2015         0.273         0.979                 3.57   23.5
 4 10-17    2016–2018         0.289         1.09                  4.66   26.2
 5 10-17    2019–2021         0.247         0.901                 4.56   21.6
 6 10-17    2022–2024         0.265         1.11                  8.66   26.6
 7 18-30    2007–2009         0.303         2.50                  6.96   60.1
 8 18-30    2010–2012         0.287         2.34                  6.96   56.2
 9 18-30    2013–2015         0.289         2.47                  7.52   59.2
10 18-30    2016–2018         0.291         2.56                  8.11   61.3
11 18-30    2019–2021         0.257         2.42                  8.13   58.2
12 18-30    2022–2024         0.264         2.36                  7.83   56.7
# ℹ 2 more variables: dist_p90 <dbl>, var_distance <dbl>

Computing baseline as arithmetic mean across periods...
  ✓ Baseline metrics computed from period averages:
# A tibble: 5 × 8
  AgeGroup fraction_away mean_distance mean_distance_active volume dist_p90
  <fct>            <dbl>         <dbl>                <dbl>  <dbl>    <dbl>
1 10-17           0.271          1.02                  5.19   24.4     8.05
2 18-30           0.282          2.44                  7.58   58.6    10.0 
3 31-55           0.286          2.88                  9.52   69.2    11.6 
4 56-65           0.233          2.42                  9.79   58.1    12.4 
5 66+             0.0936         0.809                 8.17   19.4    12.0 
# ℹ 2 more variables: var_distance <dbl>, Period <chr>

COMPARISON: This baseline is now the arithmetic mean of the six period values,
            NOT the pooled KDE baseline from Step 2.

Computing changes from arithmetic mean baseline...
  ✓ Changes computed ( 30  rows)

Sample of percentage changes:
# A tibble: 30 × 5
# Groups:   AgeGroup, Period [30]
   AgeGroup Period    mean_distance_active mean_distance_active_baseline
   <fct>    <fct>                    <dbl>                         <dbl>
 1 10-17    2007–2009                 3.79                          5.19
 2 10-17    2010–2012                 5.89                          5.19
 3 10-17    2013–2015                 3.57                          5.19
 4 10-17    2016–2018                 4.66                          5.19
 5 10-17    2019–2021                 4.56                          5.19
 6 10-17    2022–2024                 8.66                          5.19
 7 18-30    2007–2009                 6.96                          7.58
 8 18-30    2010–2012                 6.96                          7.58
 9 18-30    2013–2015                 7.52                          7.58
10 18-30    2016–2018                 8.11                          7.58
# ℹ 20 more rows
# ℹ 1 more variable: pct_change_distance <dbl>

VALIDATION: Sum of percentage changes by age group (should be ≈ 0):
# A tibble: 5 × 3
  AgeGroup sum_pct_change sum_absolute_change
  <fct>             <dbl>               <dbl>
1 10-17          3.55e-14            2.22e-15
2 18-30          2.33e-14            1.78e-15
3 31-55         -1.78e-14           -1.78e-15
4 56-65          1.75e-14            1.78e-15
5 66+           -4.09e-14           -3.55e-15

Creating updated plots...
  ✓ mean_distance_trend_TRIPWEIGHTED_REVISED.png
  ✓ action_space_trajectory_TRIPWEIGHTED.png
  ✓ mobility_decomposition_TRIPWEIGHTED_REVISED.png
  ✓ distance_change_heatmap_TRIPWEIGHTED_REVISED.png

Creating summary table...

=== Summary: Trip-weighted distance by age group ===
# A tibble: 5 × 6
  AgeGroup baseline_dist mean_dist min_dist max_dist range_dist
  <fct>            <dbl>     <dbl>    <dbl>    <dbl>      <dbl>
1 10-17             5.19      5.19     3.57     8.66       5.09
2 18-30             7.58      7.58     6.96     8.13       1.18
3 31-55             9.52      9.52     8.68    11.3        2.63
4 56-65             9.79      9.79     8.92    11.0        2.05
5 66+               8.17      8.17     7.26     9.56       2.3 

Saving data tables...
  ✓ action_space_metrics_TRIPWEIGHTED.csv
  ✓ action_space_changes_TRIPWEIGHTED_REVISED.csv

======================================================================
KEY DIFFERENCES FROM ORIGINAL VERSION:
======================================================================

ORIGINAL APPROACH:
  • Baseline = pooled KDE on all 2007-2024 data
  • Dashed lines ≠ arithmetic mean of visible points
  • Heatmap values relative to pooled baseline

REVISED APPROACH:
  • Baseline = arithmetic mean of six period values
  • Dashed lines = arithmetic mean of visible points
  • Heatmap values relative to arithmetic mean
  • Changes now sum to ≈0 for each age group

VISUAL CONSISTENCY:
  • Line plot and heatmap now use SAME baseline definition
  • Dashed lines directly interpretable from data
  • Percentage changes balanced around zero

======================================================================
STEP 4 REVISED COMPLETE - ARITHMETIC MEAN BASELINE
======================================================================

NEW plots created (with _REVISED suffix):
  1. mean_distance_trend_TRIPWEIGHTED_REVISED.png
  2. action_space_trajectory_TRIPWEIGHTED_REVISED.png
  3. mobility_decomposition_TRIPWEIGHTED_REVISED.png
  4. distance_change_heatmap_TRIPWEIGHTED_REVISED.png

NEW data tables (with _REVISED suffix):
  • action_space_metrics_TRIPWEIGHTED.csv
  • action_space_changes_TRIPWEIGHTED.csv

NEXT STEPS:
  1. Compare _REVISED.png files with originals
  2. Verify that heatmap values now make sense
  3. Check that dashed lines in trend plot equal arithmetic mean
  4. Update manuscript captions accordingly

All outputs saved to:  results/city_25000 

======================================================================

=== Creating drift vector visualization with COMBINED BASELINE ===

Kernel inputs from:  data/kernels/city_25000 
Step outputs to:      results/city_25000 


=== LOADING STEP 4 RESULTS ===
âœ“ Loaded Step 4 results
Available periods:  Baseline (2007-2009), 2010-2012, 2013-2015, 2016-2018, 2019-2021, 2022-2024 

     Period end_year
1 2010-2012     2012
2 2013-2015     2015
3 2016-2018     2018
4 2019-2021     2021
5 2022-2024     2024
Baseline period: Baseline (2007-2009)
Year-bin periods (ordered):  2010-2012, 2013-2015, 2016-2018, 2019-2021, 2022-2024 


=== DRIFT VECTOR CALCULATIONS ===
# A tibble: 5 × 11
  AgeGroup x_start y_start x_end y_end       dx     dy magnitude angle
  <chr>      <dbl>   <dbl> <dbl> <dbl>    <dbl>  <dbl>     <dbl> <dbl>
1 10-17     0.276     4.49 0.265  8.66 -0.0115   4.18      4.18   90.2
2 18-30     0.292     7.27 0.264  7.83 -0.0284   0.557     0.558  92.9
3 31-55     0.291     9.27 0.271 11.3  -0.0199   2.04      2.04   90.6
4 56-65     0.227     9.81 0.244  9.67  0.0174  -0.143     0.144 -83.1
5 66+       0.0940    7.72 0.101  9.56  0.00707  1.85      1.85   89.8
# ℹ 2 more variables: pct_change_distance <dbl>, pct_change_time <dbl>

=== CALCULATING TRAJECTORY-AVERAGED DRIFT VECTORS ===

All periods (ordered): Baseline (2007-2009) -> 2010-2012 -> 2013-2015 -> 2016-2018 -> 2019-2021 -> 2022-2024 

Computing vector: Baseline (2007-2009) -> 2010-2012
Computing vector: 2010-2012 -> 2013-2015
Computing vector: 2013-2015 -> 2016-2018
Computing vector: 2016-2018 -> 2019-2021
Computing vector: 2019-2021 -> 2022-2024

Trajectory-averaged drift vectors:
# A tibble: 5 × 6
  AgeGroup   dx_avg  dy_avg magnitude angle n_transitions
  <chr>       <dbl>   <dbl>     <dbl> <dbl>         <int>
1 10-17    -0.00229  0.835     0.835   90.2             5
2 18-30    -0.00567  0.111     0.112   92.9             5
3 31-55    -0.00399  0.407     0.407   90.6             5
4 56-65     0.00348 -0.0286    0.0288 -83.1             5
5 66+       0.00141  0.369     0.369   89.8             5

Creating trajectory-averaged drift visualization...
✓ Trajectory-averaged drift plot saved

=== COMPARISON: Endpoint vs Trajectory-Averaged Drift ===

# A tibble: 5 × 15
  AgeGroup dx_endpoint dy_endpoint mag_endpoint angle_endpoint dx_trajectory
  <chr>          <dbl>       <dbl>        <dbl>          <dbl>         <dbl>
1 10-17       -0.0115        4.18         4.18            90.2      -0.00229
2 18-30       -0.0284        0.557        0.558           92.9      -0.00567
3 31-55       -0.0199        2.04         2.04            90.6      -0.00399
4 56-65        0.0174       -0.143        0.144          -83.1       0.00348
5 66+          0.00707       1.85         1.85            89.8       0.00141
# ℹ 9 more variables: dy_trajectory <dbl>, mag_trajectory <dbl>,
#   angle_trajectory <dbl>, dx_diff <dbl>, dy_diff <dbl>, mag_diff <dbl>,
#   angle_diff <dbl>, dx_pct_diff <dbl>, dy_pct_diff <dbl>

Key differences:
  10-17:
    - Time direction: +80.0% difference
    - Distance direction: -80.0% difference
    - Magnitude: 4.176 (endpoint) vs 0.835 (trajectory-avg), diff = -3.340
  18-30:
    - Time direction: +80.0% difference
    - Distance direction: -80.0% difference
    - Magnitude: 0.558 (endpoint) vs 0.112 (trajectory-avg), diff = -0.446
  31-55:
    - Time direction: +80.0% difference
    - Distance direction: -80.0% difference
    - Magnitude: 2.037 (endpoint) vs 0.407 (trajectory-avg), diff = -1.629
  56-65:
    - Time direction: -80.0% difference
    - Distance direction: +80.0% difference
    - Magnitude: 0.144 (endpoint) vs 0.029 (trajectory-avg), diff = -0.115
  66+:
    - Time direction: -80.0% difference
    - Distance direction: -80.0% difference
    - Magnitude: 1.846 (endpoint) vs 0.369 (trajectory-avg), diff = -1.477

✓ Comparison data saved

=== DRIFT INTERPRETATIONS ===

# A tibble: 5 × 5
  AgeGroup distance_interpretation   time_interpretation overall_trend magnitude
  <chr>    <chr>                     <chr>               <chr>             <dbl>
1 10-17    EXPANDING: +4.18 km (+93… -4.1% less time aw… Traveling fu…     4.18 
2 18-30    STABLE: 0.56 km (+7.7%)   -9.7% less time aw… Relatively s…     0.558
3 31-55    EXPANDING: +2.04 km (+22… -6.8% less time aw… Traveling fu…     2.04 
4 56-65    STABLE: -0.14 km (-1.5%)  +7.7% more time aw… Relatively s…     0.144
5 66+      EXPANDING: +1.85 km (+23… +7.5% more time aw… Expanding bo…     1.85 

=== SUMMARY STATISTICS ===

Overall trends from baseline (2007-2009) to 2022-2024 :
- Average distance change: 1.69 km
- Average % distance change: 29 %
- Average time away change: -1.1 %
- Groups expanding (>10%): 3 
- Groups contracting (<-10%): 0 
- Groups stable (Â±10%): 2 


=== SAVING OUTPUTS ===

âœ“ All drift analysis outputs saved!
  Files created:
  - drift_vectors_COMBINED_BASELINE.png (main visualization)
  - drift_vectors_MINIMAL_COMBINED.png (minimal version)
  - drift_vectors_TRAJECTORY_AVERAGED.png (trajectory-averaged)
  - mobility_trajectories_FULL.png (full time series)
  - drift_interpretation_COMBINED_BASELINE.csv (interpretation)
  - drift_vectors_data_COMBINED_BASELINE.csv (raw data)
  - drift_comparison_endpoint_vs_trajectory.csv (comparison)

=============================================================
STEP 5 COMPLETE: Drift vector analysis with combined baseline
                 including trajectory-averaged drift option
=============================================================


=== STEP 6: COMPUTING PATH COMPLEXITY METRICS ===


=== STEP 6: LOADING STEP 5 OBJECTS ===
Computing tortuosity metrics...

=== TORTUOSITY RESULTS ===
# A tibble: 5 × 7
  AgeGroup path_length n_segments mean_segment_length endpoint_displacement
  <chr>          <dbl>      <int>               <dbl>                 <dbl>
1 10-17           9.01          5               1.80                  4.18 
2 18-30           1.80          5               0.359                 0.558
3 31-55           5.30          5               1.06                  2.04 
4 56-65           5.32          5               1.06                  0.144
5 66+             2.70          5               0.540                 1.85 
# ℹ 2 more variables: tortuosity <dbl>, path_type <chr>

Interpretation:
- Tortuosity = 1.0: Perfectly straight path
- Tortuosity = 1.5: Path is 50% longer than straight line
- Higher values indicate more meandering/fluctuations

Computing directional dispersion...

=== DIRECTIONAL DISPERSION RESULTS ===
# A tibble: 5 × 9
  AgeGroup mean_angle_rad mean_angle_deg     R circular_variance circular_sd
  <chr>             <dbl>          <dbl> <dbl>             <dbl>       <dbl>
1 10-17              1.91          110.  0.230             0.770        98.2
2 18-30              2.50          143.  0.198             0.802       103. 
3 31-55             -1.61          -92.1 0.200             0.800       103. 
4 56-65             -1.56          -89.5 0.200             0.800       103. 
5 66+                1.31           75.3 0.559             0.441        61.8
# ℹ 3 more variables: angle_sd_approx <dbl>, n_transitions <int>,
#   consistency <chr>

Interpretation:
- R (Mean Resultant Length): 0-1 scale
  * R close to 1: All vectors point in nearly same direction (consistent)
  * R close to 0: Vectors point in many different directions (dispersed)
- Circular SD: Angular spread in degrees
  * Low values: Tight angular clustering
  * High values: Wide angular spread


=== COMBINED PATH COMPLEXITY METRICS ===
# A tibble: 5 × 8
  AgeGroup endpoint_displacement path_length tortuosity path_type              R
  <chr>                    <dbl>       <dbl>      <dbl> <chr>              <dbl>
1 10-17                    4.18         9.01       2.16 Highly tortuous    0.230
2 18-30                    0.558        1.80       3.22 Highly tortuous    0.198
3 31-55                    2.04         5.30       2.60 Highly tortuous    0.200
4 56-65                    0.144        5.32      36.9  Highly tortuous    0.200
5 66+                      1.85         2.70       1.46 Moderately winding 0.559
# ℹ 2 more variables: circular_sd <dbl>, consistency <chr>

Creating visualizations...

Generating LaTeX tables...
  ✓ table_path_complexity.tex
  ✓ table_path_complexity_simple.tex
  ✓ table_drift_comparison.tex

✓ Path complexity analysis complete!
  Files created:
  - path_tortuosity.png
  - directional_consistency.png
  - path_complexity_combined.png
  - path_complexity_metrics.csv
  - sequential_vectors_with_angles.csv
  - table_path_complexity.tex
  - table_path_complexity_simple.tex
  - table_drift_comparison.tex

=============================================================
STEP 6 COMPLETE: Path complexity metrics and LaTeX tables
=============================================================


--------------------------------------------------------------
>> steps 2b-6 - scenario: city_50000 (Cities ≥ 50,000) 
--------------------------------------------------------------
Scenario: city_50000 
Input:    data/kernels/city_50000 
Output:   results/city_50000 

Reading inputs from:  data/kernels/city_50000 
Writing outputs to:   results/city_50000 
Indlæser krævet pakke: viridisLite

Vedhæfter pakke: 'scales'

Det følgende objekt er maskeret fra 'package:viridis':

    viridis_pal


Vedhæfter pakke: 'dplyr'

De følgende objekter er maskerede fra 'package:stats':

    filter, lag

De følgende objekter er maskerede fra 'package:base':

    intersect, setdiff, setequal, union


======================================================================
DIAGNOSTIC MODE - CHECKING YOUR DATA
======================================================================

1. BASELINE_KDE structure:
   Rows: 46080 
   Columns: AgeGroup, t, d, density 
# A tibble: 6 × 4
  AgeGroup     t     d   density
  <fct>    <dbl> <dbl>     <dbl>
1 10-17        0 0     6.65e-  2
2 10-17        0 0.632 2.37e-112
3 10-17        0 1.26  3.04e-112
4 10-17        0 1.89  3.69e-112
5 10-17        0 2.53  5.03e-112
6 10-17        0 3.16  7.53e-112

2. Density statistics:
   Min density: 1.579666e-209 
   Max density: 0.06665676 
   Median density: 1.595498e-05 

3. Distance distribution:
# A tibble: 10 × 3
       d     n mean_dens
   <dbl> <int>     <dbl>
 1 0       480  0.0510  
 2 0.632   480  0.00128 
 3 1.26    480  0.00145 
 4 1.89    480  0.00145 
 5 2.53    480  0.00133 
 6 3.16    480  0.00118 
 7 3.79    480  0.00103 
 8 4.42    480  0.000883
 9 5.05    480  0.000754
10 5.68    480  0.000640

4. Home vs Away split:
# A tibble: 2 × 4
  location n_cells total_density mean_density
  <chr>      <int>         <dbl>        <dbl>
1 away       45600          7.50     0.000164
2 home         480         24.5      0.0510  

   Added mass column: density * dt * dd

5. Total probability mass by age group:
# A tibble: 5 × 2
  AgeGroup total_mass
  <fct>         <dbl>
1 10-17             1
2 18-30             1
3 31-55             1
4 56-65             1
5 66+               1

6. Home probability calculation:
   Home probability range: [0.272, 1.000] 

   Sample home probabilities for Age 31-55:
# A tibble: 10 × 5
   AgeGroup     t home_mass total_mass prob_home
   <fct>    <dbl>     <dbl>      <dbl>     <dbl>
 1 31-55    0        0.0104     0.0104     1    
 2 31-55    0.253    0.0104     0.0104     1    
 3 31-55    0.505    0.0104     0.0104     1    
 4 31-55    0.758    0.0104     0.0104     1    
 5 31-55    1.01     0.0104     0.0104     1    
 6 31-55    1.26     0.0104     0.0104     1    
 7 31-55    1.52     0.0104     0.0104     1.000
 8 31-55    1.77     0.0104     0.0104     1.000
 9 31-55    2.02     0.0104     0.0104     1.000
10 31-55    2.27     0.0104     0.0104     1.000

7. DIFF_KDE structure:
   Rows: 276480 
   Columns: AgeGroup, year_bin, t, d, diff_density 
# A tibble: 6 × 5
  AgeGroup year_bin      t     d diff_density
  <fct>    <fct>     <dbl> <dbl>        <dbl>
1 10-17    2007–2009     0 0        2.52e-  5
2 10-17    2007–2009     0 0.632   -2.37e-112
3 10-17    2007–2009     0 1.26    -3.04e-112
4 10-17    2007–2009     0 1.89    -3.69e-112
5 10-17    2007–2009     0 2.53    -5.03e-112
6 10-17    2007–2009     0 3.16    -7.53e-112

8. YEARBIN_KDE structure:
   Rows: 276480 
   Columns: AgeGroup, year_bin, t, d, density 
   Periods: 2007–2009, 2010–2012, 2013–2015, 2016–2018, 2019–2021, 2022–2024 

======================================================================
CREATING FIXED VISUALIZATIONS
======================================================================

1. Creating FIXED home probability plot...
   ✓ Saved: kde_home_ACTUALLY_FIXED.png

2. Creating away-time plot with AGGRESSIVE filtering...
   Density quantiles:
     10th: 1.27e-07
     90th: 4.41e-04
     95th: 1.07e-03
     99th: 2.83e-03
   Using color limits: [1.27e-07, 1.07e-03]
   ✓ Saved: kde_away_AGGRESSIVE_FILTER.png

3. Attempting to create difference maps...
   diff_kde columns: AgeGroup, year_bin, t, d, diff_density 
   Found 'diff_density' column
   Difference range: [-8.01e-04, 1.25e-03]
   Using symmetric limits: [-5.36e-05, 5.36e-05]
   ✓ Saved: kde_DIFFERENCE_maps_FIXED.png

4. Creating year-bin comparison...
   Available periods: 2007–2009, 2010–2012, 2013–2015, 2016–2018, 2019–2021, 2022–2024 
   Comparing: 1 vs 6 
   ✓ Saved: kde_YEARBIN_comparison_FIXED.png

======================================================================
COMPLETE!
======================================================================

📁 Check your output directory:
    results/city_50000 

📊 Files created:
  1. kde_home_ACTUALLY_FIXED.png - Should show proper 60-100% curves
  2. kde_away_AGGRESSIVE_FILTER.png - 10th-95th percentile for contrast
  3. kde_DIFFERENCE_maps_FIXED.png - Red/blue difference maps
  4. kde_YEARBIN_comparison_FIXED.png - Early vs late periods

💡 If plots still look wrong, review the diagnostic output above!
======================================================================
Reading inputs from:  data/kernels/city_50000 
Writing outputs to:   results/city_50000 

=== CREATING TRANSPOSED DIFFERENCE MAPS ===
Layout: Age groups as ROWS, year periods as COLUMNS
Rows in diff_kde: 276480 
Rows after away-filter: 273600 
Color limits (5–95%): [-5.36e-05, 5.36e-05]

✓ Saved: kde_DIFFERENCE_by_cohort_SHARP.png
✓ Saved: kde_DIFFERENCE_by_cohort_aggressive_SHARP.png
✓ Saved: kde_DIFFERENCE_by_cohort_PUBLICATION.png

=== TRANSPOSITION COMPLETE ===
Layout now:
  Rows: Age Groups (10-17, 18-30, 31-55, etc.)
  Columns: Year Periods (2007-2009, 2010-2012, etc.)
Each horizontal strip shows one cohort's evolution across time

Advarselsbeskeder:
1: Using ragg device as default. Ignoring `type` and `antialias` arguments 
2: Using ragg device as default. Ignoring `type` and `antialias` arguments 
3: I plot_theme(plot) :
  The `base_size` theme element is not defined in the element hierarchy.
4: Using ragg device as default. Ignoring `type` and `antialias` arguments 
5: I plot_theme(plot) :
  The `base_size` theme element is not defined in the element hierarchy.

=== STEP 3: TEMPORAL ANALYSIS ===

Loading from:  data/kernels/city_50000 
Saving to:     results/city_50000 

  ✓ Loaded files
  Baseline: 480 rows
  Year-bin: 2880 rows

Computing temporal statistics...
  ✓ Baseline statistics ( 5  rows)
# A tibble: 5 × 10
  AgeGroup mean_hour median_hour peak_hour morning_6_12 midday_12_18
  <fct>        <dbl>       <dbl>     <dbl>        <dbl>        <dbl>
1 10-17         13.0        12.4      11.4        0.443        0.435
2 18-30         13.8        13.4      12.4        0.355        0.469
3 31-55         13.1        12.6      11.6        0.413        0.477
4 56-65         13.1        12.6      11.6        0.413        0.471
5 66+           14.2        13.6      11.6        0.308        0.507
# ℹ 4 more variables: evening_18_24 <dbl>, total_away <dbl>, sd_hour <dbl>,
#   Period <chr>

  ✓ Year-bin statistics ( 30  rows)
# A tibble: 10 × 10
   AgeGroup Period    mean_hour median_hour peak_hour morning_6_12 midday_12_18
   <fct>    <fct>         <dbl>       <dbl>     <dbl>        <dbl>        <dbl>
 1 10-17    2007–2009      13.2        12.4      10.9        0.428        0.431
 2 10-17    2010–2012      13.2        12.4      10.9        0.440        0.415
 3 10-17    2013–2015      13.0        12.4      11.6        0.442        0.436
 4 10-17    2016–2018      12.9        12.4      11.9        0.442        0.453
 5 10-17    2019–2021      12.9        12.1      11.4        0.456        0.429
 6 10-17    2022–2024      12.9        12.4      11.9        0.450        0.441
 7 18-30    2007–2009      14.0        13.4      12.4        0.341        0.463
 8 18-30    2010–2012      14.0        13.4      12.1        0.344        0.458
 9 18-30    2013–2015      13.8        13.4      11.9        0.351        0.476
10 18-30    2016–2018      13.8        13.4      12.6        0.348        0.476
# ℹ 3 more variables: evening_18_24 <dbl>, total_away <dbl>, sd_hour <dbl>

Computing shifts from baseline...
  ✓ Shifts computed ( 30  rows)
# A tibble: 10 × 10
   AgeGroup Period shift_mean shift_median shift_peak shift_morning shift_midday
   <fct>    <fct>       <dbl>        <dbl>      <dbl>         <dbl>        <dbl>
 1 10-17    2007–…    0.216          0         -0.505     -0.0147       -0.00332
 2 10-17    2010–…    0.146          0         -0.505     -0.00239      -0.0200 
 3 10-17    2013–…   -0.00415        0          0.253     -0.000845      0.00129
 4 10-17    2016–…   -0.0960         0          0.505     -0.000291      0.0180 
 5 10-17    2019–…   -0.140         -0.253      0          0.0134       -0.00533
 6 10-17    2022–…   -0.131          0          0.505      0.00685       0.00679
 7 18-30    2007–…    0.171          0          0         -0.0135       -0.00554
 8 18-30    2010–…    0.179          0         -0.253     -0.0106       -0.0113 
 9 18-30    2013–…    0.0227         0         -0.505     -0.00392       0.00670
10 18-30    2016–…    0.0271         0          0.253     -0.00649       0.00688
# ℹ 3 more variables: shift_evening <dbl>, shift_total_away <dbl>,
#   shift_sd <dbl>

Creating plots...
  ✓ temporal_profiles_all_ages.png
  ✓ mean_time_shift.png
  ✓ window_shifts.png
  ✓ heatmap_time_shift.png
  ✓ peak_time_shift.png

Saving data tables...
  ✓ temporal_shifts.csv
  ✓ temporal_statistics.csv

======================================================================
STEP 3 COMPLETE!
= = = = = = = = = = = = = = = = = = = = = = = = = = = = = = = = = = = = = = = = = = = = = = = = = = = = = = = = = = = = = = = = = = = = = = 

=== STEP 4 REVISED: ARITHMETIC MEAN BASELINE ===

Loading from:  data/kernels/city_50000 
Saving to:     results/city_50000 

Using HOME_CUTOFF =  0.02  km (must match Step 2)

Loading KDE densities from Step 2...
  ✓ Loaded year-bin KDE ( 276480 rows)

Computing trip-weighted action-space metrics...

Computing year-bin metrics for all periods...
  ✓ Year-bin metrics ( 30  rows)
# A tibble: 12 × 8
# Groups:   AgeGroup, Period [12]
   AgeGroup Period    fraction_away mean_distance mean_distance_active volume
   <fct>    <fct>             <dbl>         <dbl>                <dbl>  <dbl>
 1 10-17    2007–2009         0.285         1.03                  3.71   24.6
 2 10-17    2010–2012         0.271         0.974                 5.79   23.4
 3 10-17    2013–2015         0.276         1.02                  3.76   24.6
 4 10-17    2016–2018         0.291         1.04                  6.65   24.9
 5 10-17    2019–2021         0.245         0.799                 4.21   19.2
 6 10-17    2022–2024         0.261         1.06                  8.75   25.5
 7 18-30    2007–2009         0.304         2.28                  6.42   54.8
 8 18-30    2010–2012         0.288         2.20                  6.88   52.9
 9 18-30    2013–2015         0.291         2.15                  8.54   51.6
10 18-30    2016–2018         0.291         2.35                  6.94   56.5
11 18-30    2019–2021         0.257         2.31                  7.78   55.4
12 18-30    2022–2024         0.268         2.22                  7.34   53.4
# ℹ 2 more variables: dist_p90 <dbl>, var_distance <dbl>

Computing baseline as arithmetic mean across periods...
  ✓ Baseline metrics computed from period averages:
# A tibble: 5 × 8
  AgeGroup fraction_away mean_distance mean_distance_active volume dist_p90
  <fct>            <dbl>         <dbl>                <dbl>  <dbl>    <dbl>
1 10-17           0.271          0.987                 5.48   23.7     8.65
2 18-30           0.283          2.25                  7.32   54.1     9.62
3 31-55           0.287          2.58                  8.29   61.9    10.1 
4 56-65           0.236          2.20                  9.02   52.7    11.7 
5 66+             0.0945         0.754                 7.55   18.1    10.7 
# ℹ 2 more variables: var_distance <dbl>, Period <chr>

COMPARISON: This baseline is now the arithmetic mean of the six period values,
            NOT the pooled KDE baseline from Step 2.

Computing changes from arithmetic mean baseline...
  ✓ Changes computed ( 30  rows)

Sample of percentage changes:
# A tibble: 30 × 5
# Groups:   AgeGroup, Period [30]
   AgeGroup Period    mean_distance_active mean_distance_active_baseline
   <fct>    <fct>                    <dbl>                         <dbl>
 1 10-17    2007–2009                 3.71                          5.48
 2 10-17    2010–2012                 5.79                          5.48
 3 10-17    2013–2015                 3.76                          5.48
 4 10-17    2016–2018                 6.65                          5.48
 5 10-17    2019–2021                 4.21                          5.48
 6 10-17    2022–2024                 8.75                          5.48
 7 18-30    2007–2009                 6.42                          7.32
 8 18-30    2010–2012                 6.88                          7.32
 9 18-30    2013–2015                 8.54                          7.32
10 18-30    2016–2018                 6.94                          7.32
# ℹ 20 more rows
# ℹ 1 more variable: pct_change_distance <dbl>

VALIDATION: Sum of percentage changes by age group (should be ≈ 0):
# A tibble: 5 × 3
  AgeGroup sum_pct_change sum_absolute_change
  <fct>             <dbl>               <dbl>
1 10-17          3.29e-14            1.78e-15
2 18-30         -2.39e-14           -1.78e-15
3 31-55         -4.26e-14           -3.55e-15
4 56-65          8.60e-15            8.88e-16
5 66+            2.27e-14            1.78e-15

Creating updated plots...
  ✓ mean_distance_trend_TRIPWEIGHTED_REVISED.png
  ✓ action_space_trajectory_TRIPWEIGHTED.png
  ✓ mobility_decomposition_TRIPWEIGHTED_REVISED.png
  ✓ distance_change_heatmap_TRIPWEIGHTED_REVISED.png

Creating summary table...

=== Summary: Trip-weighted distance by age group ===
# A tibble: 5 × 6
  AgeGroup baseline_dist mean_dist min_dist max_dist range_dist
  <fct>            <dbl>     <dbl>    <dbl>    <dbl>      <dbl>
1 10-17             5.48      5.48     3.71     8.75       5.04
2 18-30             7.32      7.32     6.42     8.54       2.12
3 31-55             8.29      8.29     7.8      9.08       1.29
4 56-65             9.02      9.02     7.96    10.3        2.31
5 66+               7.55      7.55     6.49     8.07       1.58

Saving data tables...
  ✓ action_space_metrics_TRIPWEIGHTED.csv
  ✓ action_space_changes_TRIPWEIGHTED_REVISED.csv

======================================================================
KEY DIFFERENCES FROM ORIGINAL VERSION:
======================================================================

ORIGINAL APPROACH:
  • Baseline = pooled KDE on all 2007-2024 data
  • Dashed lines ≠ arithmetic mean of visible points
  • Heatmap values relative to pooled baseline

REVISED APPROACH:
  • Baseline = arithmetic mean of six period values
  • Dashed lines = arithmetic mean of visible points
  • Heatmap values relative to arithmetic mean
  • Changes now sum to ≈0 for each age group

VISUAL CONSISTENCY:
  • Line plot and heatmap now use SAME baseline definition
  • Dashed lines directly interpretable from data
  • Percentage changes balanced around zero

======================================================================
STEP 4 REVISED COMPLETE - ARITHMETIC MEAN BASELINE
======================================================================

NEW plots created (with _REVISED suffix):
  1. mean_distance_trend_TRIPWEIGHTED_REVISED.png
  2. action_space_trajectory_TRIPWEIGHTED_REVISED.png
  3. mobility_decomposition_TRIPWEIGHTED_REVISED.png
  4. distance_change_heatmap_TRIPWEIGHTED_REVISED.png

NEW data tables (with _REVISED suffix):
  • action_space_metrics_TRIPWEIGHTED.csv
  • action_space_changes_TRIPWEIGHTED.csv

NEXT STEPS:
  1. Compare _REVISED.png files with originals
  2. Verify that heatmap values now make sense
  3. Check that dashed lines in trend plot equal arithmetic mean
  4. Update manuscript captions accordingly

All outputs saved to:  results/city_50000 

======================================================================

=== Creating drift vector visualization with COMBINED BASELINE ===

Kernel inputs from:  data/kernels/city_50000 
Step outputs to:      results/city_50000 


=== LOADING STEP 4 RESULTS ===
âœ“ Loaded Step 4 results
Available periods:  Baseline (2007-2009), 2010-2012, 2013-2015, 2016-2018, 2019-2021, 2022-2024 

     Period end_year
1 2010-2012     2012
2 2013-2015     2015
3 2016-2018     2018
4 2019-2021     2021
5 2022-2024     2024
Baseline period: Baseline (2007-2009)
Year-bin periods (ordered):  2010-2012, 2013-2015, 2016-2018, 2019-2021, 2022-2024 


=== DRIFT VECTOR CALCULATIONS ===
# A tibble: 5 × 11
  AgeGroup x_start y_start x_end y_end       dx     dy magnitude angle
  <chr>      <dbl>   <dbl> <dbl> <dbl>    <dbl>  <dbl>     <dbl> <dbl>
1 10-17     0.278     4.59 0.261  8.75 -0.0172   4.16      4.16   90.2
2 18-30     0.293     6.87 0.268  7.34 -0.0256   0.477     0.478  93.1
3 31-55     0.291     8.28 0.269  9.08 -0.0219   0.803     0.803  91.6
4 56-65     0.229     9.14 0.242  8.63  0.0132  -0.509     0.509 -88.5
5 66+       0.0936    7.02 0.103  8.07  0.00929  1.05      1.05   89.5
# ℹ 2 more variables: pct_change_distance <dbl>, pct_change_time <dbl>

=== CALCULATING TRAJECTORY-AVERAGED DRIFT VECTORS ===

All periods (ordered): Baseline (2007-2009) -> 2010-2012 -> 2013-2015 -> 2016-2018 -> 2019-2021 -> 2022-2024 

Computing vector: Baseline (2007-2009) -> 2010-2012
Computing vector: 2010-2012 -> 2013-2015
Computing vector: 2013-2015 -> 2016-2018
Computing vector: 2016-2018 -> 2019-2021
Computing vector: 2019-2021 -> 2022-2024

Trajectory-averaged drift vectors:
# A tibble: 5 × 6
  AgeGroup   dx_avg  dy_avg magnitude angle n_transitions
  <chr>       <dbl>   <dbl>     <dbl> <dbl>         <int>
1 10-17    -0.00345  0.832     0.832   90.2             5
2 18-30    -0.00511  0.0955    0.0956  93.1             5
3 31-55    -0.00439  0.161     0.161   91.6             5
4 56-65     0.00263 -0.102     0.102  -88.5             5
5 66+       0.00186  0.210     0.210   89.5             5

Creating trajectory-averaged drift visualization...
✓ Trajectory-averaged drift plot saved

=== COMPARISON: Endpoint vs Trajectory-Averaged Drift ===

# A tibble: 5 × 15
  AgeGroup dx_endpoint dy_endpoint mag_endpoint angle_endpoint dx_trajectory
  <chr>          <dbl>       <dbl>        <dbl>          <dbl>         <dbl>
1 10-17       -0.0172        4.16         4.16            90.2      -0.00345
2 18-30       -0.0256        0.477        0.478           93.1      -0.00511
3 31-55       -0.0219        0.803        0.803           91.6      -0.00439
4 56-65        0.0132       -0.509        0.509          -88.5       0.00263
5 66+          0.00929       1.05         1.05            89.5       0.00186
# ℹ 9 more variables: dy_trajectory <dbl>, mag_trajectory <dbl>,
#   angle_trajectory <dbl>, dx_diff <dbl>, dy_diff <dbl>, mag_diff <dbl>,
#   angle_diff <dbl>, dx_pct_diff <dbl>, dy_pct_diff <dbl>

Key differences:
  10-17:
    - Time direction: +80.0% difference
    - Distance direction: -80.0% difference
    - Magnitude: 4.159 (endpoint) vs 0.832 (trajectory-avg), diff = -3.327
  18-30:
    - Time direction: +80.0% difference
    - Distance direction: -80.0% difference
    - Magnitude: 0.478 (endpoint) vs 0.096 (trajectory-avg), diff = -0.382
  31-55:
    - Time direction: +80.0% difference
    - Distance direction: -80.0% difference
    - Magnitude: 0.803 (endpoint) vs 0.161 (trajectory-avg), diff = -0.643
  56-65:
    - Time direction: -80.0% difference
    - Distance direction: +80.0% difference
    - Magnitude: 0.509 (endpoint) vs 0.102 (trajectory-avg), diff = -0.407
  66+:
    - Time direction: -80.0% difference
    - Distance direction: -80.0% difference
    - Magnitude: 1.052 (endpoint) vs 0.210 (trajectory-avg), diff = -0.842

✓ Comparison data saved

=== DRIFT INTERPRETATIONS ===

# A tibble: 5 × 5
  AgeGroup distance_interpretation   time_interpretation overall_trend magnitude
  <chr>    <chr>                     <chr>               <chr>             <dbl>
1 10-17    EXPANDING: +4.16 km (+90… -6.2% less time aw… Traveling fu…     4.16 
2 18-30    STABLE: 0.48 km (+7%)     -8.7% less time aw… Relatively s…     0.478
3 31-55    STABLE: 0.8 km (+9.7%)    -7.5% less time aw… Relatively s…     0.803
4 56-65    STABLE: -0.51 km (-5.6%)  +5.7% more time aw… Relatively s…     0.509
5 66+      EXPANDING: +1.05 km (+15… +9.9% more time aw… Expanding bo…     1.05 

=== SUMMARY STATISTICS ===

Overall trends from baseline (2007-2009) to 2022-2024 :
- Average distance change: 1.2 km
- Average % distance change: 23.3 %
- Average time away change: -1.4 %
- Groups expanding (>10%): 2 
- Groups contracting (<-10%): 0 
- Groups stable (Â±10%): 3 


=== SAVING OUTPUTS ===

âœ“ All drift analysis outputs saved!
  Files created:
  - drift_vectors_COMBINED_BASELINE.png (main visualization)
  - drift_vectors_MINIMAL_COMBINED.png (minimal version)
  - drift_vectors_TRAJECTORY_AVERAGED.png (trajectory-averaged)
  - mobility_trajectories_FULL.png (full time series)
  - drift_interpretation_COMBINED_BASELINE.csv (interpretation)
  - drift_vectors_data_COMBINED_BASELINE.csv (raw data)
  - drift_comparison_endpoint_vs_trajectory.csv (comparison)

=============================================================
STEP 5 COMPLETE: Drift vector analysis with combined baseline
                 including trajectory-averaged drift option
=============================================================


=== STEP 6: COMPUTING PATH COMPLEXITY METRICS ===


=== STEP 6: LOADING STEP 5 OBJECTS ===
Computing tortuosity metrics...

=== TORTUOSITY RESULTS ===
# A tibble: 5 × 7
  AgeGroup path_length n_segments mean_segment_length endpoint_displacement
  <chr>          <dbl>      <int>               <dbl>                 <dbl>
1 10-17          13.1           5               2.62                  4.16 
2 18-30           4.55          5               0.910                 0.478
3 31-55           1.77          5               0.354                 0.803
4 56-65           5.13          5               1.03                  0.509
5 66+             1.62          5               0.323                 1.05 
# ℹ 2 more variables: tortuosity <dbl>, path_type <chr>

Interpretation:
- Tortuosity = 1.0: Perfectly straight path
- Tortuosity = 1.5: Path is 50% longer than straight line
- Higher values indicate more meandering/fluctuations

Computing directional dispersion...

=== DIRECTIONAL DISPERSION RESULTS ===
# A tibble: 5 × 9
  AgeGroup mean_angle_rad mean_angle_deg     R circular_variance circular_sd
  <chr>             <dbl>          <dbl> <dbl>             <dbl>       <dbl>
1 10-17              1.58           90.8 0.200             0.800       103. 
2 18-30              1.99          114.  0.201             0.799       103. 
3 31-55              1.62           92.8 0.199             0.801       103. 
4 56-65             -1.62          -92.5 0.598             0.402        58.1
5 66+                1.11           63.6 0.198             0.802       103. 
# ℹ 3 more variables: angle_sd_approx <dbl>, n_transitions <int>,
#   consistency <chr>

Interpretation:
- R (Mean Resultant Length): 0-1 scale
  * R close to 1: All vectors point in nearly same direction (consistent)
  * R close to 0: Vectors point in many different directions (dispersed)
- Circular SD: Angular spread in degrees
  * Low values: Tight angular clustering
  * High values: Wide angular spread


=== COMBINED PATH COMPLEXITY METRICS ===
# A tibble: 5 × 8
  AgeGroup endpoint_displacement path_length tortuosity path_type           R
  <chr>                    <dbl>       <dbl>      <dbl> <chr>           <dbl>
1 10-17                    4.16        13.1        3.15 Highly tortuous 0.200
2 18-30                    0.478        4.55       9.52 Highly tortuous 0.201
3 31-55                    0.803        1.77       2.21 Highly tortuous 0.199
4 56-65                    0.509        5.13      10.1  Highly tortuous 0.598
5 66+                      1.05         1.62       1.54 Highly tortuous 0.198
# ℹ 2 more variables: circular_sd <dbl>, consistency <chr>

Creating visualizations...

Generating LaTeX tables...
  ✓ table_path_complexity.tex
  ✓ table_path_complexity_simple.tex
  ✓ table_drift_comparison.tex

✓ Path complexity analysis complete!
  Files created:
  - path_tortuosity.png
  - directional_consistency.png
  - path_complexity_combined.png
  - path_complexity_metrics.csv
  - sequential_vectors_with_angles.csv
  - table_path_complexity.tex
  - table_path_complexity_simple.tex
  - table_drift_comparison.tex

=============================================================
STEP 6 COMPLETE: Path complexity metrics and LaTeX tables
=============================================================


--------------------------------------------------------------
>> steps 2b-6 - scenario: city_100000 (Cities ≥ 100,000) 
--------------------------------------------------------------
Scenario: city_100000 
Input:    data/kernels/city_100000 
Output:   results/city_100000 

Reading inputs from:  data/kernels/city_100000 
Writing outputs to:   results/city_100000 
Indlæser krævet pakke: viridisLite

Vedhæfter pakke: 'scales'

Det følgende objekt er maskeret fra 'package:viridis':

    viridis_pal


Vedhæfter pakke: 'dplyr'

De følgende objekter er maskerede fra 'package:stats':

    filter, lag

De følgende objekter er maskerede fra 'package:base':

    intersect, setdiff, setequal, union


======================================================================
DIAGNOSTIC MODE - CHECKING YOUR DATA
======================================================================

1. BASELINE_KDE structure:
   Rows: 46080 
   Columns: AgeGroup, t, d, density 
# A tibble: 6 × 4
  AgeGroup     t     d   density
  <fct>    <dbl> <dbl>     <dbl>
1 10-17        0 0     6.65e-  2
2 10-17        0 0.632 2.72e-112
3 10-17        0 1.26  3.14e-112
4 10-17        0 1.89  2.80e-112
5 10-17        0 2.53  1.94e-112
6 10-17        0 3.16  1.04e-112

2. Density statistics:
   Min density: 1.88846e-209 
   Max density: 0.06666913 
   Median density: 1.373536e-05 

3. Distance distribution:
# A tibble: 10 × 3
       d     n mean_dens
   <dbl> <int>     <dbl>
 1 0       480  0.0510  
 2 0.632   480  0.00127 
 3 1.26    480  0.00143 
 4 1.89    480  0.00143 
 5 2.53    480  0.00132 
 6 3.16    480  0.00117 
 7 3.79    480  0.00103 
 8 4.42    480  0.000897
 9 5.05    480  0.000777
10 5.68    480  0.000670

4. Home vs Away split:
# A tibble: 2 × 4
  location n_cells total_density mean_density
  <chr>      <int>         <dbl>        <dbl>
1 away       45600          7.52     0.000165
2 home         480         24.5      0.0510  

   Added mass column: density * dt * dd

5. Total probability mass by age group:
# A tibble: 5 × 2
  AgeGroup total_mass
  <fct>         <dbl>
1 10-17             1
2 18-30             1
3 31-55             1
4 56-65             1
5 66+               1

6. Home probability calculation:
   Home probability range: [0.275, 1.000] 

   Sample home probabilities for Age 31-55:
# A tibble: 10 × 5
   AgeGroup     t home_mass total_mass prob_home
   <fct>    <dbl>     <dbl>      <dbl>     <dbl>
 1 31-55    0        0.0104     0.0104     1    
 2 31-55    0.253    0.0104     0.0104     1    
 3 31-55    0.505    0.0104     0.0104     1    
 4 31-55    0.758    0.0104     0.0104     1    
 5 31-55    1.01     0.0104     0.0104     1    
 6 31-55    1.26     0.0104     0.0104     1    
 7 31-55    1.52     0.0104     0.0104     1.000
 8 31-55    1.77     0.0104     0.0104     1.000
 9 31-55    2.02     0.0104     0.0104     1.000
10 31-55    2.27     0.0104     0.0104     1.000

7. DIFF_KDE structure:
   Rows: 276480 
   Columns: AgeGroup, year_bin, t, d, diff_density 
# A tibble: 6 × 5
  AgeGroup year_bin      t     d diff_density
  <fct>    <fct>     <dbl> <dbl>        <dbl>
1 10-17    2007–2009     0 0        2.46e-  5
2 10-17    2007–2009     0 0.632   -2.72e-112
3 10-17    2007–2009     0 1.26    -3.14e-112
4 10-17    2007–2009     0 1.89    -2.80e-112
5 10-17    2007–2009     0 2.53    -1.94e-112
6 10-17    2007–2009     0 3.16    -1.04e-112

8. YEARBIN_KDE structure:
   Rows: 276480 
   Columns: AgeGroup, year_bin, t, d, density 
   Periods: 2007–2009, 2010–2012, 2013–2015, 2016–2018, 2019–2021, 2022–2024 

======================================================================
CREATING FIXED VISUALIZATIONS
======================================================================

1. Creating FIXED home probability plot...
   ✓ Saved: kde_home_ACTUALLY_FIXED.png

2. Creating away-time plot with AGGRESSIVE filtering...
   Density quantiles:
     10th: 8.97e-08
     90th: 4.64e-04
     95th: 1.13e-03
     99th: 2.85e-03
   Using color limits: [8.97e-08, 1.13e-03]
   ✓ Saved: kde_away_AGGRESSIVE_FILTER.png

3. Attempting to create difference maps...
   diff_kde columns: AgeGroup, year_bin, t, d, diff_density 
   Found 'diff_density' column
   Difference range: [-9.01e-04, 1.14e-03]
   Using symmetric limits: [-5.65e-05, 5.65e-05]
   ✓ Saved: kde_DIFFERENCE_maps_FIXED.png

4. Creating year-bin comparison...
   Available periods: 2007–2009, 2010–2012, 2013–2015, 2016–2018, 2019–2021, 2022–2024 
   Comparing: 1 vs 6 
   ✓ Saved: kde_YEARBIN_comparison_FIXED.png

======================================================================
COMPLETE!
======================================================================

📁 Check your output directory:
    results/city_100000 

📊 Files created:
  1. kde_home_ACTUALLY_FIXED.png - Should show proper 60-100% curves
  2. kde_away_AGGRESSIVE_FILTER.png - 10th-95th percentile for contrast
  3. kde_DIFFERENCE_maps_FIXED.png - Red/blue difference maps
  4. kde_YEARBIN_comparison_FIXED.png - Early vs late periods

💡 If plots still look wrong, review the diagnostic output above!
======================================================================
Reading inputs from:  data/kernels/city_100000 
Writing outputs to:   results/city_100000 

=== CREATING TRANSPOSED DIFFERENCE MAPS ===
Layout: Age groups as ROWS, year periods as COLUMNS
Rows in diff_kde: 276480 
Rows after away-filter: 273600 
Color limits (5–95%): [-5.65e-05, 5.65e-05]

✓ Saved: kde_DIFFERENCE_by_cohort_SHARP.png
✓ Saved: kde_DIFFERENCE_by_cohort_aggressive_SHARP.png
✓ Saved: kde_DIFFERENCE_by_cohort_PUBLICATION.png

=== TRANSPOSITION COMPLETE ===
Layout now:
  Rows: Age Groups (10-17, 18-30, 31-55, etc.)
  Columns: Year Periods (2007-2009, 2010-2012, etc.)
Each horizontal strip shows one cohort's evolution across time

Advarselsbeskeder:
1: Using ragg device as default. Ignoring `type` and `antialias` arguments 
2: Using ragg device as default. Ignoring `type` and `antialias` arguments 
3: I plot_theme(plot) :
  The `base_size` theme element is not defined in the element hierarchy.
4: Using ragg device as default. Ignoring `type` and `antialias` arguments 
5: I plot_theme(plot) :
  The `base_size` theme element is not defined in the element hierarchy.

=== STEP 3: TEMPORAL ANALYSIS ===

Loading from:  data/kernels/city_100000 
Saving to:     results/city_100000 

  ✓ Loaded files
  Baseline: 480 rows
  Year-bin: 2880 rows

Computing temporal statistics...
  ✓ Baseline statistics ( 5  rows)
# A tibble: 5 × 10
  AgeGroup mean_hour median_hour peak_hour morning_6_12 midday_12_18
  <fct>        <dbl>       <dbl>     <dbl>        <dbl>        <dbl>
1 10-17         13.1        12.4      11.4        0.438        0.439
2 18-30         13.9        13.4      12.4        0.348        0.472
3 31-55         13.1        12.6      11.9        0.408        0.480
4 56-65         13.1        12.6      11.6        0.407        0.475
5 66+           14.2        13.6      11.6        0.298        0.517
# ℹ 4 more variables: evening_18_24 <dbl>, total_away <dbl>, sd_hour <dbl>,
#   Period <chr>

  ✓ Year-bin statistics ( 30  rows)
# A tibble: 10 × 10
   AgeGroup Period    mean_hour median_hour peak_hour morning_6_12 midday_12_18
   <fct>    <fct>         <dbl>       <dbl>     <dbl>        <dbl>        <dbl>
 1 10-17    2007–2009      13.2        12.4      10.9        0.429        0.436
 2 10-17    2010–2012      13.2        12.4      10.9        0.437        0.420
 3 10-17    2013–2015      13.0        12.4      11.9        0.440        0.437
 4 10-17    2016–2018      13.0        12.4      12.1        0.433        0.459
 5 10-17    2019–2021      12.9        12.4      11.6        0.450        0.434
 6 10-17    2022–2024      12.9        12.4      11.9        0.443        0.447
 7 18-30    2007–2009      14.0        13.6      12.4        0.335        0.466
 8 18-30    2010–2012      14.0        13.4      12.1        0.337        0.462
 9 18-30    2013–2015      13.9        13.4      12.1        0.344        0.479
10 18-30    2016–2018      13.9        13.4      12.6        0.341        0.477
# ℹ 3 more variables: evening_18_24 <dbl>, total_away <dbl>, sd_hour <dbl>

Computing shifts from baseline...
  ✓ Shifts computed ( 30  rows)
# A tibble: 10 × 10
   AgeGroup Period shift_mean shift_median shift_peak shift_morning shift_midday
   <fct>    <fct>       <dbl>        <dbl>      <dbl>         <dbl>        <dbl>
 1 10-17    2007–…     0.151         0         -0.505      -0.00917     -0.00364
 2 10-17    2010–…     0.141         0         -0.505      -0.00173     -0.0189 
 3 10-17    2013–…    -0.0182        0          0.505       0.00133     -0.00192
 4 10-17    2016–…    -0.0472        0          0.758      -0.00534      0.0195 
 5 10-17    2019–…    -0.124         0          0.253       0.0121      -0.00574
 6 10-17    2022–…    -0.115         0          0.505       0.00512      0.00786
 7 18-30    2007–…     0.168         0.253      0          -0.0132      -0.00532
 8 18-30    2010–…     0.176         0         -0.253      -0.0108      -0.00989
 9 18-30    2013–…     0.0158        0         -0.253      -0.00396      0.00718
10 18-30    2016–…     0.0370        0          0.253      -0.00656      0.00542
# ℹ 3 more variables: shift_evening <dbl>, shift_total_away <dbl>,
#   shift_sd <dbl>

Creating plots...
  ✓ temporal_profiles_all_ages.png
  ✓ mean_time_shift.png
  ✓ window_shifts.png
  ✓ heatmap_time_shift.png
  ✓ peak_time_shift.png

Saving data tables...
  ✓ temporal_shifts.csv
  ✓ temporal_statistics.csv

======================================================================
STEP 3 COMPLETE!
= = = = = = = = = = = = = = = = = = = = = = = = = = = = = = = = = = = = = = = = = = = = = = = = = = = = = = = = = = = = = = = = = = = = = = 

=== STEP 4 REVISED: ARITHMETIC MEAN BASELINE ===

Loading from:  data/kernels/city_100000 
Saving to:     results/city_100000 

Using HOME_CUTOFF =  0.02  km (must match Step 2)

Loading KDE densities from Step 2...
  ✓ Loaded year-bin KDE ( 276480 rows)

Computing trip-weighted action-space metrics...

Computing year-bin metrics for all periods...
  ✓ Year-bin metrics ( 30  rows)
# A tibble: 12 × 8
# Groups:   AgeGroup, Period [12]
   AgeGroup Period    fraction_away mean_distance mean_distance_active volume
   <fct>    <fct>             <dbl>         <dbl>                <dbl>  <dbl>
 1 10-17    2007–2009         0.283         0.998                 3.54   24.0
 2 10-17    2010–2012         0.268         0.919                 5.23   22.1
 3 10-17    2013–2015         0.275         1.04                  3.81   24.9
 4 10-17    2016–2018         0.294         1.09                  8.50   26.1
 5 10-17    2019–2021         0.246         0.820                 4.61   19.7
 6 10-17    2022–2024         0.261         1.09                  6.91   26.1
 7 18-30    2007–2009         0.303         2.22                  6.29   53.4
 8 18-30    2010–2012         0.289         2.11                  6.75   50.6
 9 18-30    2013–2015         0.295         2.11                  8.46   50.6
10 18-30    2016–2018         0.295         2.18                  6.38   52.4
11 18-30    2019–2021         0.255         2.03                  6.94   48.7
12 18-30    2022–2024         0.267         2.12                  7.03   50.9
# ℹ 2 more variables: dist_p90 <dbl>, var_distance <dbl>

Computing baseline as arithmetic mean across periods...
  ✓ Baseline metrics computed from period averages:
# A tibble: 5 × 8
  AgeGroup fraction_away mean_distance mean_distance_active volume dist_p90
  <fct>            <dbl>         <dbl>                <dbl>  <dbl>    <dbl>
1 10-17           0.271          0.991                 5.43   23.8     9.62
2 18-30           0.284          2.13                  6.97   51.1     9.10
3 31-55           0.287          2.40                  8.35   57.6    11.3 
4 56-65           0.239          2.11                  9.04   50.6    11.7 
5 66+             0.0940         0.754                 7.63   18.1    10.9 
# ℹ 2 more variables: var_distance <dbl>, Period <chr>

COMPARISON: This baseline is now the arithmetic mean of the six period values,
            NOT the pooled KDE baseline from Step 2.

Computing changes from arithmetic mean baseline...
  ✓ Changes computed ( 30  rows)

Sample of percentage changes:
# A tibble: 30 × 5
# Groups:   AgeGroup, Period [30]
   AgeGroup Period    mean_distance_active mean_distance_active_baseline
   <fct>    <fct>                    <dbl>                         <dbl>
 1 10-17    2007–2009                 3.54                          5.43
 2 10-17    2010–2012                 5.23                          5.43
 3 10-17    2013–2015                 3.81                          5.43
 4 10-17    2016–2018                 8.50                          5.43
 5 10-17    2019–2021                 4.61                          5.43
 6 10-17    2022–2024                 6.91                          5.43
 7 18-30    2007–2009                 6.29                          6.97
 8 18-30    2010–2012                 6.75                          6.97
 9 18-30    2013–2015                 8.46                          6.97
10 18-30    2016–2018                 6.38                          6.97
# ℹ 20 more rows
# ℹ 1 more variable: pct_change_distance <dbl>

VALIDATION: Sum of percentage changes by age group (should be ≈ 0):
# A tibble: 5 × 3
  AgeGroup sum_pct_change sum_absolute_change
  <fct>             <dbl>               <dbl>
1 10-17          0                   0       
2 18-30         -1.32e-14           -8.88e-16
3 31-55          2.09e-14            1.78e-15
4 56-65         -5.77e-14           -5.33e-15
5 66+           -3.45e-14           -2.66e-15

Creating updated plots...
  ✓ mean_distance_trend_TRIPWEIGHTED_REVISED.png
  ✓ action_space_trajectory_TRIPWEIGHTED.png
  ✓ mobility_decomposition_TRIPWEIGHTED_REVISED.png
  ✓ distance_change_heatmap_TRIPWEIGHTED_REVISED.png

Creating summary table...

=== Summary: Trip-weighted distance by age group ===
# A tibble: 5 × 6
  AgeGroup baseline_dist mean_dist min_dist max_dist range_dist
  <fct>            <dbl>     <dbl>    <dbl>    <dbl>      <dbl>
1 10-17             5.43      5.43     3.54     8.5        4.96
2 18-30             6.97      6.97     6.29     8.46       2.17
3 31-55             8.35      8.35     7.67    10.0        2.36
4 56-65             9.04      9.04     7.98    10.8        2.87
5 66+               7.63      7.63     6.51     8.3        1.79

Saving data tables...
  ✓ action_space_metrics_TRIPWEIGHTED.csv
  ✓ action_space_changes_TRIPWEIGHTED_REVISED.csv

======================================================================
KEY DIFFERENCES FROM ORIGINAL VERSION:
======================================================================

ORIGINAL APPROACH:
  • Baseline = pooled KDE on all 2007-2024 data
  • Dashed lines ≠ arithmetic mean of visible points
  • Heatmap values relative to pooled baseline

REVISED APPROACH:
  • Baseline = arithmetic mean of six period values
  • Dashed lines = arithmetic mean of visible points
  • Heatmap values relative to arithmetic mean
  • Changes now sum to ≈0 for each age group

VISUAL CONSISTENCY:
  • Line plot and heatmap now use SAME baseline definition
  • Dashed lines directly interpretable from data
  • Percentage changes balanced around zero

======================================================================
STEP 4 REVISED COMPLETE - ARITHMETIC MEAN BASELINE
======================================================================

NEW plots created (with _REVISED suffix):
  1. mean_distance_trend_TRIPWEIGHTED_REVISED.png
  2. action_space_trajectory_TRIPWEIGHTED_REVISED.png
  3. mobility_decomposition_TRIPWEIGHTED_REVISED.png
  4. distance_change_heatmap_TRIPWEIGHTED_REVISED.png

NEW data tables (with _REVISED suffix):
  • action_space_metrics_TRIPWEIGHTED.csv
  • action_space_changes_TRIPWEIGHTED.csv

NEXT STEPS:
  1. Compare _REVISED.png files with originals
  2. Verify that heatmap values now make sense
  3. Check that dashed lines in trend plot equal arithmetic mean
  4. Update manuscript captions accordingly

All outputs saved to:  results/city_100000 

======================================================================

=== Creating drift vector visualization with COMBINED BASELINE ===

Kernel inputs from:  data/kernels/city_100000 
Step outputs to:      results/city_100000 


=== LOADING STEP 4 RESULTS ===
âœ“ Loaded Step 4 results
Available periods:  Baseline (2007-2009), 2010-2012, 2013-2015, 2016-2018, 2019-2021, 2022-2024 

     Period end_year
1 2010-2012     2012
2 2013-2015     2015
3 2016-2018     2018
4 2019-2021     2021
5 2022-2024     2024
Baseline period: Baseline (2007-2009)
Year-bin periods (ordered):  2010-2012, 2013-2015, 2016-2018, 2019-2021, 2022-2024 


=== DRIFT VECTOR CALCULATIONS ===
# A tibble: 5 × 11
  AgeGroup x_start y_start  x_end y_end       dx     dy magnitude angle
  <chr>      <dbl>   <dbl>  <dbl> <dbl>    <dbl>  <dbl>     <dbl> <dbl>
1 10-17     0.277     4.49 0.261   6.91 -0.0164   2.43      2.43   90.4
2 18-30     0.293     6.63 0.267   7.03 -0.0269   0.394     0.395  93.9
3 31-55     0.292     8.23 0.267   8.84 -0.0251   0.612     0.613  92.3
4 56-65     0.233     8.92 0.248   7.98  0.0142  -0.940     0.940 -89.1
5 66+       0.0936    7.07 0.0995  7.82  0.00591  0.747     0.747  89.5
# ℹ 2 more variables: pct_change_distance <dbl>, pct_change_time <dbl>

=== CALCULATING TRAJECTORY-AVERAGED DRIFT VECTORS ===

All periods (ordered): Baseline (2007-2009) -> 2010-2012 -> 2013-2015 -> 2016-2018 -> 2019-2021 -> 2022-2024 

Computing vector: Baseline (2007-2009) -> 2010-2012
Computing vector: 2010-2012 -> 2013-2015
Computing vector: 2013-2015 -> 2016-2018
Computing vector: 2016-2018 -> 2019-2021
Computing vector: 2019-2021 -> 2022-2024

Trajectory-averaged drift vectors:
# A tibble: 5 × 6
  AgeGroup   dx_avg  dy_avg magnitude angle n_transitions
  <chr>       <dbl>   <dbl>     <dbl> <dbl>         <int>
1 10-17    -0.00328  0.486     0.486   90.4             5
2 18-30    -0.00537  0.0788    0.0790  93.9             5
3 31-55    -0.00502  0.122     0.123   92.3             5
4 56-65     0.00284 -0.188     0.188  -89.1             5
5 66+       0.00118  0.149     0.149   89.5             5

Creating trajectory-averaged drift visualization...
✓ Trajectory-averaged drift plot saved

=== COMPARISON: Endpoint vs Trajectory-Averaged Drift ===

# A tibble: 5 × 15
  AgeGroup dx_endpoint dy_endpoint mag_endpoint angle_endpoint dx_trajectory
  <chr>          <dbl>       <dbl>        <dbl>          <dbl>         <dbl>
1 10-17       -0.0164        2.43         2.43            90.4      -0.00328
2 18-30       -0.0269        0.394        0.395           93.9      -0.00537
3 31-55       -0.0251        0.612        0.613           92.3      -0.00502
4 56-65        0.0142       -0.940        0.940          -89.1       0.00284
5 66+          0.00591       0.747        0.747           89.5       0.00118
# ℹ 9 more variables: dy_trajectory <dbl>, mag_trajectory <dbl>,
#   angle_trajectory <dbl>, dx_diff <dbl>, dy_diff <dbl>, mag_diff <dbl>,
#   angle_diff <dbl>, dx_pct_diff <dbl>, dy_pct_diff <dbl>

Key differences:
  10-17:
    - Time direction: +80.0% difference
    - Distance direction: -80.0% difference
    - Magnitude: 2.429 (endpoint) vs 0.486 (trajectory-avg), diff = -1.943
  18-30:
    - Time direction: +80.0% difference
    - Distance direction: -80.0% difference
    - Magnitude: 0.395 (endpoint) vs 0.079 (trajectory-avg), diff = -0.316
  31-55:
    - Time direction: +80.0% difference
    - Distance direction: -80.0% difference
    - Magnitude: 0.613 (endpoint) vs 0.123 (trajectory-avg), diff = -0.490
  56-65:
    - Time direction: -80.0% difference
    - Distance direction: +80.0% difference
    - Magnitude: 0.940 (endpoint) vs 0.188 (trajectory-avg), diff = -0.752
  66+:
    - Time direction: -80.0% difference
    - Distance direction: -80.0% difference
    - Magnitude: 0.747 (endpoint) vs 0.149 (trajectory-avg), diff = -0.598

✓ Comparison data saved

=== DRIFT INTERPRETATIONS ===

# A tibble: 5 × 5
  AgeGroup distance_interpretation   time_interpretation overall_trend magnitude
  <chr>    <chr>                     <chr>               <chr>             <dbl>
1 10-17    EXPANDING: +2.43 km (+54… -5.9% less time aw… Traveling fu…     2.43 
2 18-30    STABLE: 0.39 km (+5.9%)   -9.2% less time aw… Relatively s…     0.395
3 31-55    STABLE: 0.61 km (+7.4%)   -8.6% less time aw… Relatively s…     0.613
4 56-65    CONTRACTING: -0.94 km (-… +6.1% more time aw… Traveling le…     0.940
5 66+      EXPANDING: +0.75 km (+10… +6.3% more time aw… Expanding bo…     0.747

=== SUMMARY STATISTICS ===

Overall trends from baseline (2007-2009) to 2022-2024 :
- Average distance change: 0.65 km
- Average % distance change: 13.5 %
- Average time away change: -2.3 %
- Groups expanding (>10%): 2 
- Groups contracting (<-10%): 1 
- Groups stable (Â±10%): 2 


=== SAVING OUTPUTS ===

âœ“ All drift analysis outputs saved!
  Files created:
  - drift_vectors_COMBINED_BASELINE.png (main visualization)
  - drift_vectors_MINIMAL_COMBINED.png (minimal version)
  - drift_vectors_TRAJECTORY_AVERAGED.png (trajectory-averaged)
  - mobility_trajectories_FULL.png (full time series)
  - drift_interpretation_COMBINED_BASELINE.csv (interpretation)
  - drift_vectors_data_COMBINED_BASELINE.csv (raw data)
  - drift_comparison_endpoint_vs_trajectory.csv (comparison)

=============================================================
STEP 5 COMPLETE: Drift vector analysis with combined baseline
                 including trajectory-averaged drift option
=============================================================


=== STEP 6: COMPUTING PATH COMPLEXITY METRICS ===


=== STEP 6: LOADING STEP 5 OBJECTS ===
Computing tortuosity metrics...

=== TORTUOSITY RESULTS ===
# A tibble: 5 × 7
  AgeGroup path_length n_segments mean_segment_length endpoint_displacement
  <chr>          <dbl>      <int>               <dbl>                 <dbl>
1 10-17          13.1           5               2.61                  2.43 
2 18-30           4.56          5               0.913                 0.395
3 31-55           6.28          5               1.26                  0.613
4 56-65           6.30          5               1.26                  0.940
5 66+             3.46          5               0.693                 0.747
# ℹ 2 more variables: tortuosity <dbl>, path_type <chr>

Interpretation:
- Tortuosity = 1.0: Perfectly straight path
- Tortuosity = 1.5: Path is 50% longer than straight line
- Higher values indicate more meandering/fluctuations

Computing directional dispersion...

=== DIRECTIONAL DISPERSION RESULTS ===
# A tibble: 5 × 9
  AgeGroup mean_angle_rad mean_angle_deg     R circular_variance circular_sd
  <chr>             <dbl>          <dbl> <dbl>             <dbl>       <dbl>
1 10-17              1.58           90.5 0.200             0.800       103. 
2 18-30              1.56           89.3 0.598             0.402        58.1
3 31-55             -2.44         -140.  0.197             0.803       103. 
4 56-65             -1.57          -89.7 0.200             0.800       103. 
5 66+                1.53           87.5 0.200             0.800       103. 
# ℹ 3 more variables: angle_sd_approx <dbl>, n_transitions <int>,
#   consistency <chr>

Interpretation:
- R (Mean Resultant Length): 0-1 scale
  * R close to 1: All vectors point in nearly same direction (consistent)
  * R close to 0: Vectors point in many different directions (dispersed)
- Circular SD: Angular spread in degrees
  * Low values: Tight angular clustering
  * High values: Wide angular spread


=== COMBINED PATH COMPLEXITY METRICS ===
# A tibble: 5 × 8
  AgeGroup endpoint_displacement path_length tortuosity path_type           R
  <chr>                    <dbl>       <dbl>      <dbl> <chr>           <dbl>
1 10-17                    2.43        13.1        5.38 Highly tortuous 0.200
2 18-30                    0.395        4.56      11.6  Highly tortuous 0.598
3 31-55                    0.613        6.28      10.2  Highly tortuous 0.197
4 56-65                    0.940        6.30       6.70 Highly tortuous 0.200
5 66+                      0.747        3.46       4.64 Highly tortuous 0.200
# ℹ 2 more variables: circular_sd <dbl>, consistency <chr>

Creating visualizations...

Generating LaTeX tables...
  ✓ table_path_complexity.tex
  ✓ table_path_complexity_simple.tex
  ✓ table_drift_comparison.tex

✓ Path complexity analysis complete!
  Files created:
  - path_tortuosity.png
  - directional_consistency.png
  - path_complexity_combined.png
  - path_complexity_metrics.csv
  - sequential_vectors_with_angles.csv
  - table_path_complexity.tex
  - table_path_complexity_simple.tex
  - table_drift_comparison.tex

=============================================================
STEP 6 COMPLETE: Path complexity metrics and LaTeX tables
=============================================================


--------------------------------------------------------------
>> fig1 - Figure 1, illustrative action-space trajectory 
--------------------------------------------------------------
Advarselsbesked:
pakke 'png' blev bygget under R version 4.5.3 
wrote C:/Users/rich/AppData/Local/Temp/claude/C--Users-rich-OneDrive---Danmarks-Tekniske-Universitet-JR-Publikationer-Pub-ActionSpace-NatComm/ed64a924-3aed-479a-84cd-1021e5f31e11/scratchpad/figs_trial/activity_graph_v2_small.png 
wrote results/baseline/activity_graph_v2_small.png 

--------------------------------------------------------------
>> step4 (R2) - Figure 5 
--------------------------------------------------------------

Vedhæfter pakke: 'dplyr'

De følgende objekter er maskerede fra 'package:stats':

    filter, lag

De følgende objekter er maskerede fra 'package:base':

    intersect, setdiff, setequal, union

Indlæser krævet pakke: viridisLite

Vedhæfter pakke: 'scales'

Det følgende objekt er maskeret fra 'package:viridis':

    viridis_pal


=== STEP 4 REVISED: ARITHMETIC MEAN BASELINE ===

Loading from:  data/kernels/baseline 
Saving to:     results/baseline 

Using HOME_CUTOFF =  0.02  km (must match Step 2)

Loading KDE densities from Step 2...
  ✓ Loaded year-bin KDE ( 276480 rows)

Computing trip-weighted action-space metrics...

Computing year-bin metrics for all periods...
  ✓ Year-bin metrics ( 30  rows)
# A tibble: 12 × 8
# Groups:   AgeGroup, Period [12]
   AgeGroup Period    fraction_away mean_distance mean_distance_active volume
   <fct>    <fct>             <dbl>         <dbl>                <dbl>  <dbl>
 1 10-17    2007–2009         0.278          1.42                 5.63   34.0
 2 10-17    2010–2012         0.273          1.50                 5.76   35.9
 3 10-17    2013–2015         0.279          1.52                 5.34   36.5
 4 10-17    2016–2018         0.296          1.65                 7.14   39.5
 5 10-17    2019–2021         0.255          1.42                 6.24   34.1
 6 10-17    2022–2024         0.270          1.55                 6.84   37.1
 7 18-30    2007–2009         0.301          3.25                 9.07   77.9
 8 18-30    2010–2012         0.286          3.12                 9.21   75.0
 9 18-30    2013–2015         0.287          3.26                10.4    78.2
10 18-30    2016–2018         0.290          3.27                10.4    78.5
11 18-30    2019–2021         0.264          3.25                14.3    78.0
12 18-30    2022–2024         0.268          3.20                10.6    76.8
# ℹ 2 more variables: dist_p90 <dbl>, var_distance <dbl>

Computing baseline as arithmetic mean across periods...
  ✓ Baseline metrics computed from period averages:
# A tibble: 5 × 8
  AgeGroup fraction_away mean_distance mean_distance_active volume dist_p90
  <fct>            <dbl>         <dbl>                <dbl>  <dbl>    <dbl>
1 10-17           0.275          1.51                  6.16   36.2     9.78
2 18-30           0.283          3.22                 10.6    77.4    14.6 
3 31-55           0.288          3.84                 12.3    92.2    14.5 
4 56-65           0.226          2.98                 12.2    71.5    14.7 
5 66+             0.0888         0.962                12.8    23.1    20.7 
# ℹ 2 more variables: var_distance <dbl>, Period <chr>

COMPARISON: This baseline is now the arithmetic mean of the six period values,
            NOT the pooled KDE baseline from Step 2.

Computing changes from arithmetic mean baseline...
  ✓ Changes computed ( 30  rows)

Sample of percentage changes:
# A tibble: 30 × 5
# Groups:   AgeGroup, Period [30]
   AgeGroup Period    mean_distance_active mean_distance_active_baseline
   <fct>    <fct>                    <dbl>                         <dbl>
 1 10-17    2007–2009                 5.63                          6.16
 2 10-17    2010–2012                 5.76                          6.16
 3 10-17    2013–2015                 5.34                          6.16
 4 10-17    2016–2018                 7.14                          6.16
 5 10-17    2019–2021                 6.24                          6.16
 6 10-17    2022–2024                 6.84                          6.16
 7 18-30    2007–2009                 9.07                         10.6 
 8 18-30    2010–2012                 9.21                         10.6 
 9 18-30    2013–2015                10.4                          10.6 
10 18-30    2016–2018                10.4                          10.6 
# ℹ 20 more rows
# ℹ 1 more variable: pct_change_distance <dbl>

VALIDATION: Sum of percentage changes by age group (should be ≈ 0):
# A tibble: 5 × 3
  AgeGroup sum_pct_change sum_absolute_change
  <fct>             <dbl>               <dbl>
1 10-17          4.13e-14            2.66e-15
2 18-30          4.74e-14            5.33e-15
3 31-55          2.75e-14            3.55e-15
4 56-65         -3.11e-14           -3.55e-15
5 66+           -1.95e-14           -1.78e-15

Creating updated plots...
  ✓ mean_distance_trend_TRIPWEIGHTED_REVISED.png
  ✓ action_space_trajectory_TRIPWEIGHTED.png
  ✓ mobility_decomposition_TRIPWEIGHTED_REVISED.png
  ✓ Figure_R2_5.png (2-panel heatmap)

Creating summary table...

=== Summary: Trip-weighted distance by age group ===
# A tibble: 5 × 6
  AgeGroup baseline_dist mean_dist min_dist max_dist range_dist
  <fct>            <dbl>     <dbl>    <dbl>    <dbl>      <dbl>
1 10-17             6.16      6.16     5.34     7.14       1.8 
2 18-30            10.6      10.6      9.07    14.3        5.19
3 31-55            12.3      12.3     11.0     13.9        2.88
4 56-65            12.2      12.2     11       13.8        2.75
5 66+              12.8      12.8      8.98    18.5        9.53

Saving data tables...
  ✓ action_space_metrics_TRIPWEIGHTED.csv
  ✓ action_space_changes_TRIPWEIGHTED_REVISED.csv

======================================================================
KEY DIFFERENCES FROM ORIGINAL VERSION:
======================================================================

ORIGINAL APPROACH:
  • Baseline = pooled KDE on all 2007-2024 data
  • Dashed lines ≠ arithmetic mean of visible points
  • Heatmap values relative to pooled baseline

REVISED APPROACH:
  • Baseline = arithmetic mean of six period values
  • Dashed lines = arithmetic mean of visible points
  • Heatmap values relative to arithmetic mean
  • Changes now sum to ≈0 for each age group

VISUAL CONSISTENCY:
  • Line plot and heatmap now use SAME baseline definition
  • Dashed lines directly interpretable from data
  • Percentage changes balanced around zero

======================================================================
STEP 4 REVISED COMPLETE - ARITHMETIC MEAN BASELINE
======================================================================

NEW plots created (with _REVISED suffix):
  1. mean_distance_trend_TRIPWEIGHTED_REVISED.png
  2. action_space_trajectory_TRIPWEIGHTED_REVISED.png
  3. mobility_decomposition_TRIPWEIGHTED_REVISED.png
  4. distance_change_heatmap_TRIPWEIGHTED_REVISED.png

NEW data tables (with _REVISED suffix):
  • action_space_metrics_TRIPWEIGHTED.csv
  • action_space_changes_TRIPWEIGHTED.csv

NEXT STEPS:
  1. Compare _REVISED.png files with originals
  2. Verify that heatmap values now make sense
  3. Check that dashed lines in trend plot equal arithmetic mean
  4. Update manuscript captions accordingly

All outputs saved to:  results/baseline 

======================================================================

--------------------------------------------------------------
>> step7 - Supplementary Figure S4 
--------------------------------------------------------------

=== STEP 7: URBAN ROBUSTNESS COMPARISON ===

Loading step 4 outputs...
  ✓ Loaded: baseline ( 35 rows)
  ✓ Loaded: city_10000 ( 35 rows)
  ✓ Loaded: city_25000 ( 35 rows)
  ✓ Loaded: city_50000 ( 35 rows)
  ✓ Loaded: city_100000 ( 35 rows)

Loaded 5 of 5 scenarios.

Computing drift vectors per scenario...
  ✓ Drift vectors computed for all scenarios

--- Drift summary (% change in mean distance, baseline → 2022-24) ---
# A tibble: 25 × 4
   scenario    AgeGroup pct_change_distance pct_change_time
   <fct>       <fct>                  <dbl>           <dbl>
 1 baseline    10-17                 11.4             -3.15
 2 baseline    18-30                  6.53            -6.35
 3 baseline    31-55                 14.8             -6.17
 4 baseline    56-65                 13.3              8.15
 5 baseline    66+                    7.07             4.16
 6 city_10000  10-17                 18.7             -3.51
 7 city_10000  18-30                  7.36            -7.22
 8 city_10000  31-55                 18.9             -6.90
 9 city_10000  56-65                 -1.54             6.15
10 city_10000  66+                   18.3              5.44
11 city_25000  10-17                 63.1             -3.87
12 city_25000  18-30                  4.72            -7.98
13 city_25000  31-55                 17.8             -6.85
14 city_25000  56-65                 -0.902            5.04
15 city_25000  66+                   19.7              7.16
16 city_50000  10-17                 52.7             -5.67
17 city_50000  18-30                  1.67            -7.16
18 city_50000  31-55                 10.0             -7.57
19 city_50000  56-65                 -4.41             3.67
20 city_50000  66+                    6.98             8.20
21 city_100000 10-17                 23.5             -5.64
22 city_100000 18-30                  0.636           -7.95
23 city_100000 31-55                  4.18            -8.55
24 city_100000 56-65                -11.4              3.97
25 city_100000 66+                    2.55             5.28

Creating 5-panel drift comparison figure...
Advarselsbesked:
I ggrepel::geom_text_repel(data = label_data, aes(x = x_end, y = y_end,  :
  Ignoring unknown parameters: `segment.linewidth`
Advarselsbesked:
Removed 5 rows containing missing values or values outside the scale range
(`geom_hline()`). 
  ✓ urban_drift_comparison.png
Creating drift summary dot plot...
  ✓ urban_drift_summary.png
  ✓ urban_drift_data.csv

--- Consistency check: age-group ordering preserved? ---
(Spatial expansion ranking should be: 18-30 > 10-17 ≈ 31-55 > 56-65 ≈ 66+)

# A tibble: 5 × 6
  AgeGroup baseline city_10000 city_100000 city_25000 city_50000
  <fct>       <dbl>      <dbl>       <dbl>      <dbl>      <dbl>
1 31-55        14.8       18.9         4.2       17.8       10  
2 56-65        13.3       -1.5       -11.4       -0.9       -4.4
3 10-17        11.4       18.7        23.5       63.1       52.7
4 66+           7.1       18.3         2.5       19.7        7  
5 18-30         6.5        7.4         0.6        4.7        1.7

=================================================================
STEP 7 COMPLETE: Urban robustness comparison
=================================================================

Outputs written to:  results/urban_robustness 
  urban_drift_comparison.png  — 5-panel drift figure (replaces SI4)
  urban_drift_summary.png     — % change summary across thresholds
  urban_drift_data.csv        — underlying data

Interpretation guidance:
  If drift direction and age-group ordering are consistent across
  panels, this confirms that the headline results are not driven by
  rural/urban composition.
  Larger absolute magnitudes in city-restricted panels are expected
  because rural individuals (who have less spatial expansion) are
  progressively excluded.

Note on non-nested strata:
  Truly non-nested strata (rural-only, small-urban-only, etc.) would
  require re-running step2_kernel_generation.R on raw microdata with
  stratum-specific filters. These results use the best evidence
  available from the shared kernel artifacts.


--------------------------------------------------------------
>> step8 (R2) - arrow fan: All individuals 
--------------------------------------------------------------

=== STEP 8: BOOTSTRAP ARROW-FAN UNCERTAINTY (R2 VERSION) ===

Scenario   : baseline 
Replicates : 500 

Loading step 4 KDE-based point estimates...
  ✓ KDE drift vectors (full) loaded
  ✓ KDE drift vectors (pre-pandemic) loaded

Loading grid_mv_step2.rds...
  ✓ Loaded: 11,072,448 rows, 115,338 sessions

Collapsing to session-level summaries...
  ✓ 115,338 session-level rows across 6 year-bins

Running 500 bootstrap replicates (Full Scenario)...
  ✓ Full Scenario Bootstrap complete

Running 500 bootstrap replicates (Pre-Pandemic)...
  ✓ Pre-Pandemic Bootstrap complete

  ✓ bootstrap_summary.csv saved
  ✓ prepandemic_drift_summary.csv saved
  ✓ prepandemic_drift_replicates.csv saved

--- Pre-pandemic drift (2007-2009 to 2016-2018) ---
 AgeGroup      dx   dx_lo  dx_hi dx_significant     dy   dy_lo   dy_hi
    10-17  0.0180  0.0097 0.0264           TRUE 1.5076  0.6661  2.6223
    18-30 -0.0110 -0.0214 0.0001          FALSE 1.3644  0.2444  2.6334
    31-55  0.0086  0.0023 0.0150           TRUE 1.0210  0.1958  1.9578
    56-65  0.0312  0.0214 0.0413           TRUE 0.6336 -0.7942  2.3166
      66+  0.0064 -0.0007 0.0124          FALSE 9.5270  8.4404 10.6545
 dy_significant
           TRUE
           TRUE
           TRUE
          FALSE
           TRUE

Creating Figure_R2_6a.png...
  exported as Figure_R2_6a.png 
  ✓ Figure_R2_6a.png saved to Overleaf and results
Creating Figure_R2_S8.png...
  ✓ Figure_R2_S8.png saved to Overleaf and results
Creating diagnostic % change distribution plot...
  ✓ bootstrap_pct_change.png saved

=== STEP 8 COMPLETE: Bootstrap Arrow-Fan Uncertainty (R2 Version) ===


--------------------------------------------------------------
>> step8 (R2) - arrow fan: Males 
--------------------------------------------------------------

=== STEP 8: BOOTSTRAP ARROW-FAN UNCERTAINTY (R2 VERSION) ===

Scenario   : sex1 
Replicates : 500 

Loading step 4 KDE-based point estimates...
  ✓ KDE drift vectors (full) loaded
  ✓ KDE drift vectors (pre-pandemic) loaded

Loading grid_mv_step2.rds...
  ✓ Loaded: 5,403,936 rows, 56,291 sessions

Collapsing to session-level summaries...
  ✓ 56,291 session-level rows across 6 year-bins

Running 500 bootstrap replicates (Full Scenario)...
  ✓ Full Scenario Bootstrap complete

Running 500 bootstrap replicates (Pre-Pandemic)...
  ✓ Pre-Pandemic Bootstrap complete

  ✓ bootstrap_summary.csv saved
  ✓ prepandemic_drift_summary.csv saved
  ✓ prepandemic_drift_replicates.csv saved

--- Pre-pandemic drift (2007-2009 to 2016-2018) ---
 AgeGroup      dx   dx_lo   dx_hi dx_significant     dy   dy_lo   dy_hi
    10-17  0.0217  0.0102  0.0338           TRUE 1.1740 -0.0563  2.5494
    18-30 -0.0173 -0.0320 -0.0012           TRUE 1.4596 -0.2573  3.0441
    31-55  0.0101 -0.0002  0.0195          FALSE 1.5905  0.2047  3.0024
    56-65  0.0284  0.0132  0.0418           TRUE 0.0975 -2.5937  3.0198
      66+  0.0041 -0.0054  0.0136          FALSE 8.8513  7.3412 10.4206
 dy_significant
          FALSE
          FALSE
           TRUE
          FALSE
           TRUE

Creating Figure_R2_6a.png...
  exported as drift_vectors_males.png 
  ✓ Figure_R2_6a.png saved to Overleaf and results
Creating Figure_R2_S8.png...
  ✓ Figure_R2_S8.png saved to Overleaf and results
Creating diagnostic % change distribution plot...
  ✓ bootstrap_pct_change.png saved

=== STEP 8 COMPLETE: Bootstrap Arrow-Fan Uncertainty (R2 Version) ===


--------------------------------------------------------------
>> step8 (R2) - arrow fan: Females 
--------------------------------------------------------------

=== STEP 8: BOOTSTRAP ARROW-FAN UNCERTAINTY (R2 VERSION) ===

Scenario   : sex2 
Replicates : 500 

Loading step 4 KDE-based point estimates...
  ✓ KDE drift vectors (full) loaded
  ✓ KDE drift vectors (pre-pandemic) loaded

Loading grid_mv_step2.rds...
  ✓ Loaded: 5,668,512 rows, 59,047 sessions

Collapsing to session-level summaries...
  ✓ 59,047 session-level rows across 6 year-bins

Running 500 bootstrap replicates (Full Scenario)...
  ✓ Full Scenario Bootstrap complete

Running 500 bootstrap replicates (Pre-Pandemic)...
  ✓ Pre-Pandemic Bootstrap complete

  ✓ bootstrap_summary.csv saved
  ✓ prepandemic_drift_summary.csv saved
  ✓ prepandemic_drift_replicates.csv saved

--- Pre-pandemic drift (2007-2009 to 2016-2018) ---
 AgeGroup      dx   dx_lo  dx_hi dx_significant      dy   dy_lo   dy_hi
    10-17  0.0144  0.0024 0.0258           TRUE  6.1729  5.0641  7.4377
    18-30 -0.0057 -0.0209 0.0103          FALSE -1.7272 -3.0953 -0.3527
    31-55  0.0061 -0.0029 0.0146          FALSE  0.9074 -0.0406  1.9230
    56-65  0.0359  0.0206 0.0515           TRUE  0.9149 -0.6064  2.5427
      66+  0.0075 -0.0009 0.0162          FALSE  2.4871  1.0165  3.8794
 dy_significant
           TRUE
           TRUE
          FALSE
          FALSE
           TRUE

Creating Figure_R2_6a.png...
  exported as drift_vectors_females.png 
  ✓ Figure_R2_6a.png saved to Overleaf and results
Creating Figure_R2_S8.png...
  ✓ Figure_R2_S8.png saved to Overleaf and results
Creating diagnostic % change distribution plot...
  ✓ bootstrap_pct_change.png saved

=== STEP 8 COMPLETE: Bootstrap Arrow-Fan Uncertainty (R2 Version) ===


--------------------------------------------------------------
>> step9 - Supplementary Figure S6, Table S3 
--------------------------------------------------------------

=== STEP 9: Bandwidth Sensitivity Analysis ===

Loading H_D = 3 km ...
  Rows: 276480 
Loading H_D = 5 km (baseline) ...
  Rows: 276480 
Loading H_D = 7 km ...
  Rows: 276480 

Metrics computed. Periods found: 2007-2009, 2010-2012, 2013-2015, 2016-2018, 2019-2021, 2022-2024 

Drift in final period (2022–2024):
# A tibble: 15 × 5
   AgeGroup bw_label              mean_distance_active baseline_mda   drift
   <fct>    <chr>                                <dbl>        <dbl>   <dbl>
 1 10-17    H_D = 5 km (baseline)                 6.84         6.16  0.684 
 2 10-17    H_D = 3 km                            6.56         5.86  0.693 
 3 10-17    H_D = 7 km                            7.13         6.45  0.685 
 4 18-30    H_D = 5 km (baseline)                10.6         10.6  -0.0730
 5 18-30    H_D = 3 km                           10.3         10.3  -0.0173
 6 18-30    H_D = 7 km                           10.8         11.0  -0.118 
 7 31-55    H_D = 5 km (baseline)                13.9         12.3   1.62  
 8 31-55    H_D = 3 km                           13.6         12.0   1.61  
 9 31-55    H_D = 7 km                           14.2         12.5   1.63  
10 56-65    H_D = 5 km (baseline)                13.8         12.2   1.56  
11 56-65    H_D = 3 km                           13.5         11.9   1.59  
12 56-65    H_D = 7 km                           14.0         12.4   1.53  
13 66+      H_D = 5 km (baseline)                13.3         12.8   0.479 
14 66+      H_D = 3 km                           13.1         12.6   0.515 
15 66+      H_D = 7 km                           13.6         13.1   0.461 

Saved: bw_trajectory.png
Saved: bw_drift_comparison.png
Saved: bw_drift_bars.png
Saved: bw_drift_summary.csv

=== DRIFT SUMMARY (final period) ===
# A tibble: 5 × 4
  AgeGroup baseline     bw3    bw7
  <fct>       <dbl>   <dbl>  <dbl>
1 10-17      0.684   0.693   0.685
2 18-30     -0.0730 -0.0173 -0.118
3 31-55      1.62    1.61    1.63 
4 56-65      1.56    1.59    1.53 
5 66+        0.479   0.515   0.461

=== STEP 9 COMPLETE ===
Outputs in:  ./results/bandwidth_sensitivity 

--------------------------------------------------------------
>> check - drift period comparison table 
--------------------------------------------------------------

=== DRIFT PERIOD COMPARISON (baseline) ===

 AgeGroup endpoint_pre_dx endpoint_pre_dy s8_window_dx s8_window_dy
    10-17           1.805           1.508        1.453        1.170
    18-30          -1.095           1.364       -0.118        0.666
    31-55           0.856           1.021        0.631        0.378
    56-65           3.123           0.634        2.355       -0.098
      66+           0.640           9.527        0.611        6.277
 fig6a_full_dx fig6a_full_dy
        -0.477         0.684
        -1.447        -0.073
        -1.412         1.618
         1.605         1.561
         0.364         0.479

dx = change in fraction of day away from home (percentage points) 
dy = change in mean distance when away (km)

Written: results/baseline/drift_periods_comparison.csv


--------------------------------------------------------------
>> step11 - Supplementary Table S4, pandemic departures 
--------------------------------------------------------------

=== STEP 11: DEPARTURE FROM PRE-PANDEMIC TREND ===

  Sessions: 115,338 

Running 500 bootstrap replicates...
  Bootstrap complete

  covid_departure.csv saved
 AgeGroup    metric dep_1921 dep_1921_lo dep_1921_hi sig_1921 dep_2224
    10-17 frac_away   -4.168      -5.294      -2.956     TRUE   -3.374
    18-30 frac_away   -2.014      -3.359      -0.682     TRUE   -1.166
    31-55 frac_away   -3.551      -4.345      -2.740     TRUE   -3.291
    56-65 frac_away   -0.792      -2.305       0.642    FALSE   -1.259
      66+ frac_away   -0.429      -1.195       0.269    FALSE   -0.235
    10-17 mean_dist    0.193      -0.906       1.240    FALSE    0.085
    18-30 mean_dist   -0.385      -1.973       0.984    FALSE    0.015
    31-55 mean_dist   -1.767      -2.790      -0.762     TRUE   -2.134
    56-65 mean_dist   -0.838      -2.592       1.104    FALSE   -0.548
      66+ mean_dist    0.518      -0.877       1.996    FALSE   -0.037
 dep_2224_lo dep_2224_hi sig_2224
      -4.772      -2.199     TRUE
      -2.852       0.464    FALSE
      -4.190      -2.290     TRUE
      -2.880       0.288    FALSE
      -1.224       0.719    FALSE
      -1.403       1.416    FALSE
      -1.687       1.740    FALSE
      -3.340      -0.870     TRUE
      -2.558       1.845    FALSE
      -1.672       1.766    FALSE
  table_s4_covid_departure.tex saved

=== STEP 11 COMPLETE ===


--------------------------------------------------------------
>> step10 - collect manuscript figures and tables 
--------------------------------------------------------------

=== STEP 10: COLLECT MANUSCRIPT FIGURES ===

  ✓ Figure 2 -> kde_YEARBIN_comparison_FIXED.png 
  ✓ Figure 3 -> kde_DIFFERENCE_by_cohort_SHARP.png 
  ✓ Figure 4 -> temporal_profiles_all_ages.png 
  ✓ Figure 6b -> action_space_trajectory_TRIPWEIGHTED.png 
  ✓ Figure S1 -> window_shifts.png 
  ✓ Figure S2 -> mean_time_shift.png 
  ✓ Figure S3 -> mean_distance_trend_TRIPWEIGHTED.png 
  ✓ Figure S4 -> urban_drift_comparison.png 
  ✓ Figure S6 -> bw_drift_bars.png 

Collected 9 of 9 figures into C:/Users/rich/AppData/Local/Temp/claude/C--Users-rich-OneDrive---Danmarks-Tekniske-Universitet-JR-Publikationer-Pub-ActionSpace-NatComm/ed64a924-3aed-479a-84cd-1021e5f31e11/scratchpad/figs_trial 
  ✓ Table S4 -> table_s4_covid_departure.tex 
=== STEP 10 COMPLETE ===



==============================================================
MANIFEST - manuscript figures and tables
==============================================================

  Figure 1    OK       IDENTICAL  activity_graph_v2_small.png        fig1_activity_graph.R
  Figure 2    OK       CONTENT    kde_YEARBIN_comparison_FIXED.png   step2b_visualization.R
  Figure 3    OK       CONTENT    kde_DIFFERENCE_by_cohort_SHARP.png step2c_visualization_transpose.R
  Figure 4    OK       CONTENT    temporal_profiles_all_ages.png     step3_daytime.R
  Figure 5    OK       CONTENT    Figure_R2_5.png                    step4_integral_R2.R
  Figure 6a   OK       CONTENT    Figure_R2_6a.png                   step8_uncertainty_R2.R
  Figure 6b   OK       CONTENT    action_space_trajectory_TRIPWEIGHTED.png step4_integral.R
  Figure S1   OK       CONTENT    window_shifts.png                  step3_daytime.R
  Figure S2   OK       CONTENT    mean_time_shift.png                step3_daytime.R
  Figure S3   OK       CONTENT    mean_distance_trend_TRIPWEIGHTED.png step4_integral.R
  Figure S4   OK       CONTENT    urban_drift_comparison.png         step7_urban_robustness.R
  Figure S5a  OK       CONTENT    drift_vectors_males.png            step8_uncertainty_R2.R
  Figure S5b  OK       CONTENT    drift_vectors_females.png          step8_uncertainty_R2.R
  Figure S6   OK       CONTENT    bw_drift_bars.png                  step9_bandwidth_sensitivity.R
  Figure S7   MISSING  NO-REF     Figure_R2_S7.png                   step1_discriptive_stat.R
  Table 1     RESTRICTED NO-REF     table_main1_descriptive.tex        RESTRICTED
  Table S1    RESTRICTED IDENTICAL  table_s1_descriptive.tex           RESTRICTED
  Table S2    OK       DIFFERS-?  table_path_complexity.tex          step6_final_plots.R
  Table S3    UNOWNED  NO-REF     table_bandwidth_drift.tex          (no script produces this)
  Table S4    OK       DIFFERS-?  table_s4_covid_departure.tex       step11_covid_departure.R

   16 reproducible / 20 assets

   1 UNOWNED - no script in this repository generates these:
      - Table S3 
   The tables are hand-formatted in the LaTeX source and are a real gap.

   1 MISSING - a script owns these but the file is absent:
      - Figure S7 
   Figure S7 and Table S1 are expected to be missing unless the
   restricted stage was run.

   2 of 17 present assets match the manuscript: 2 byte-identical, 0 identical in content

   13 CONTENT - the plot itself differs from the manuscript:
      - Figure 2 
      - Figure 3 
      - Figure 4 
      - Figure 5 
      - Figure 6a 
      - Figure 6b 
      - Figure S1 
      - Figure S2 
      - Figure S3 
      - Figure S4 
      - Figure S5a 
      - Figure S5b 
      - Figure S6 
   Either the manuscript figure is stale, or the pipeline changed.
   Resolve before submitting; do not re-record to hide it.

   2 DIFFERS-? - checksum differs, content not checked:
      - Table S2 
      - Table S4 
   install.packages("png") to classify these.

  Manifest written to results/manuscript_manifest.csv

