
############ RESTRICTED STAGE: SKIPPED ############
Steps 1 and 2 read the TU microdata Access database, which is not
redistributable. Pass --with-restricted to run them.
Supplementary Table S1 and Supplementary Figure S7 come from step 1;
all eleven kernel sets in data/kernels/ come from step 2 and are shipped.

############ PUBLIC STAGE (from data/kernels/) ############

--------------------------------------------------------------
>> steps 2b-6 - scenario: baseline (All individuals) 
--------------------------------------------------------------
Scenario: baseline 
Input:    data/kernels/baseline 
Output:   results/baseline 

Reading inputs from:  data/kernels/baseline 
Writing outputs to:   results/baseline 
Indlæser krævet pakke: viridisLite

Vedhæfter pakke: 'scales'

Det følgende objekt er maskeret fra 'package:viridis':

    viridis_pal


Vedhæfter pakke: 'dplyr'

De følgende objekter er maskerede fra 'package:stats':

    filter, lag

De følgende objekter er maskerede fra 'package:base':

    intersect, setdiff, setequal, union


======================================================================
DIAGNOSTIC MODE - CHECKING YOUR DATA
======================================================================

1. BASELINE_KDE structure:
   Rows: 46080 
   Columns: AgeGroup, t, d, density 
# A tibble: 6 × 4
  AgeGroup     t     d  density
  <fct>    <dbl> <dbl>    <dbl>
1 10-17        0 0     6.65e- 2
2 10-17        0 0.632 1.96e-86
3 10-17        0 1.26  5.07e-86
4 10-17        0 1.89  1.02e-85
5 10-17        0 2.53  1.58e-85
6 10-17        0 3.16  1.90e-85

2. Density statistics:
   Min density: 7.801701e-162 
   Max density: 0.06664141 
   Median density: 2.786259e-05 

3. Distance distribution:
# A tibble: 10 × 3
       d     n mean_dens
   <dbl> <int>     <dbl>
 1 0       480  0.0512  
 2 0.632   480  0.00107 
 3 1.26    480  0.00119 
 4 1.89    480  0.00116 
 5 2.53    480  0.00103 
 6 3.16    480  0.000884
 7 3.79    480  0.000751
 8 4.42    480  0.000644
 9 5.05    480  0.000560
10 5.68    480  0.000492

4. Home vs Away split:
# A tibble: 2 × 4
  location n_cells total_density mean_density
  <chr>      <int>         <dbl>        <dbl>
1 away       45600          7.43     0.000163
2 home         480         24.6      0.0512  

   Added mass column: density * dt * dd

5. Total probability mass by age group:
# A tibble: 5 × 2
  AgeGroup total_mass
  <fct>         <dbl>
1 10-17             1
2 18-30             1
3 31-55             1
4 56-65             1
5 66+               1

6. Home probability calculation:
   Home probability range: [0.246, 1.000] 

   Sample home probabilities for Age 31-55:
# A tibble: 10 × 5
   AgeGroup     t home_mass total_mass prob_home
   <fct>    <dbl>     <dbl>      <dbl>     <dbl>
 1 31-55    0        0.0104     0.0104     1    
 2 31-55    0.253    0.0104     0.0104     1    
 3 31-55    0.505    0.0104     0.0104     1    
 4 31-55    0.758    0.0104     0.0104     1    
 5 31-55    1.01     0.0104     0.0104     1    
 6 31-55    1.26     0.0104     0.0104     1    
 7 31-55    1.52     0.0104     0.0104     1.000
 8 31-55    1.77     0.0104     0.0104     1.000
 9 31-55    2.02     0.0104     0.0104     1.000
10 31-55    2.27     0.0104     0.0104     1.000

7. DIFF_KDE structure:
   Rows: 276480 
   Columns: AgeGroup, year_bin, t, d, diff_density 
# A tibble: 6 × 5
  AgeGroup year_bin      t     d diff_density
  <fct>    <fct>     <dbl> <dbl>        <dbl>
1 10-17    2007–2009     0 0         1.70e- 5
2 10-17    2007–2009     0 0.632     9.62e-86
3 10-17    2007–2009     0 1.26      2.49e-85
4 10-17    2007–2009     0 1.89      4.99e-85
5 10-17    2007–2009     0 2.53      7.75e-85
6 10-17    2007–2009     0 3.16      9.33e-85

8. YEARBIN_KDE structure:
   Rows: 276480 
   Columns: AgeGroup, year_bin, t, d, density 
   Periods: 2007–2009, 2010–2012, 2013–2015, 2016–2018, 2019–2021, 2022–2024 

======================================================================
CREATING FIXED VISUALIZATIONS
======================================================================

1. Creating FIXED home probability plot...
   ✓ Saved: kde_home_ACTUALLY_FIXED.png

2. Creating away-time plot with AGGRESSIVE filtering...
   Density quantiles:
     10th: 2.62e-07
     90th: 4.64e-04
     95th: 8.66e-04
     99th: 2.07e-03
   Using color limits: [2.62e-07, 8.66e-04]
   ✓ Saved: kde_away_AGGRESSIVE_FILTER.png

3. Attempting to create difference maps...
   diff_kde columns: AgeGroup, year_bin, t, d, diff_density 
   Found 'diff_density' column
   Difference range: [-7.29e-04, 1.03e-03]
   Using symmetric limits: [-4.20e-05, 4.20e-05]
   ✓ Saved: kde_DIFFERENCE_maps_FIXED.png

4. Creating year-bin comparison...
   Available periods: 2007–2009, 2010–2012, 2013–2015, 2016–2018, 2019–2021, 2022–2024 
   Comparing: 1 vs 6 
   ✓ Saved: kde_YEARBIN_comparison_FIXED.png

======================================================================
COMPLETE!
======================================================================

📁 Check your output directory:
    results/baseline 

📊 Files created:
  1. kde_home_ACTUALLY_FIXED.png - Should show proper 60-100% curves
  2. kde_away_AGGRESSIVE_FILTER.png - 10th-95th percentile for contrast
  3. kde_DIFFERENCE_maps_FIXED.png - Red/blue difference maps
  4. kde_YEARBIN_comparison_FIXED.png - Early vs late periods

💡 If plots still look wrong, review the diagnostic output above!
======================================================================
Reading inputs from:  data/kernels/baseline 
Writing outputs to:   results/baseline 

=== CREATING TRANSPOSED DIFFERENCE MAPS ===
Layout: Age groups as ROWS, year periods as COLUMNS
Rows in diff_kde: 276480 
Rows after away-filter: 273600 
Color limits (5–95%): [-4.20e-05, 4.20e-05]

✓ Saved: kde_DIFFERENCE_by_cohort_SHARP.png
✓ Saved: kde_DIFFERENCE_by_cohort_aggressive_SHARP.png
✓ Saved: kde_DIFFERENCE_by_cohort_PUBLICATION.png

=== TRANSPOSITION COMPLETE ===
Layout now:
  Rows: Age Groups (10-17, 18-30, 31-55, etc.)
  Columns: Year Periods (2007-2009, 2010-2012, etc.)
Each horizontal strip shows one cohort's evolution across time

Advarselsbeskeder:
1: Using ragg device as default. Ignoring `type` and `antialias` arguments 
2: Using ragg device as default. Ignoring `type` and `antialias` arguments 
3: I plot_theme(plot) :
  The `base_size` theme element is not defined in the element hierarchy.
4: Using ragg device as default. Ignoring `type` and `antialias` arguments 
5: I plot_theme(plot) :
  The `base_size` theme element is not defined in the element hierarchy.

=== STEP 3: TEMPORAL ANALYSIS ===

Loading from:  data/kernels/baseline 
Saving to:     results/baseline 

  ✓ Loaded files
  Baseline: 480 rows
  Year-bin: 2880 rows

Computing temporal statistics...
  ✓ Baseline statistics ( 5  rows)
# A tibble: 5 × 10
  AgeGroup mean_hour median_hour peak_hour morning_6_12 midday_12_18
  <fct>        <dbl>       <dbl>     <dbl>        <dbl>        <dbl>
1 10-17         12.9        12.1      11.1        0.462        0.420
2 18-30         13.5        13.1      11.9        0.379        0.454
3 31-55         12.8        12.4      11.4        0.436        0.457
4 56-65         12.9        12.4      11.4        0.429        0.453
5 66+           14.1        13.6      11.4        0.325        0.493
# ℹ 4 more variables: evening_18_24 <dbl>, total_away <dbl>, sd_hour <dbl>,
#   Period <chr>

  ✓ Year-bin statistics ( 30  rows)
# A tibble: 10 × 10
   AgeGroup Period    mean_hour median_hour peak_hour morning_6_12 midday_12_18
   <fct>    <fct>         <dbl>       <dbl>     <dbl>        <dbl>        <dbl>
 1 10-17    2007–2009      13.0        12.1      10.9        0.454        0.413
 2 10-17    2010–2012      13.0        12.1      10.9        0.461        0.404
 3 10-17    2013–2015      12.8        12.1      11.4        0.466        0.418
 4 10-17    2016–2018      12.8        12.1      11.9        0.457        0.437
 5 10-17    2019–2021      12.7        12.1      11.6        0.472        0.425
 6 10-17    2022–2024      12.8        12.1      11.6        0.464        0.424
 7 18-30    2007–2009      13.7        13.1      12.1        0.366        0.449
 8 18-30    2010–2012      13.6        13.1      11.9        0.375        0.442
 9 18-30    2013–2015      13.6        13.1      11.9        0.376        0.458
10 18-30    2016–2018      13.5        13.1      12.4        0.376        0.461
# ℹ 3 more variables: evening_18_24 <dbl>, total_away <dbl>, sd_hour <dbl>

Computing shifts from baseline...
  ✓ Shifts computed ( 30  rows)
# A tibble: 10 × 10
   AgeGroup Period shift_mean shift_median shift_peak shift_morning shift_midday
   <fct>    <fct>       <dbl>        <dbl>      <dbl>         <dbl>        <dbl>
 1 10-17    2007–…    0.158              0     -0.253     -0.00750      -0.00759
 2 10-17    2010–…    0.103              0     -0.253     -0.000913     -0.0162 
 3 10-17    2013–…   -0.0372             0      0.253      0.00355      -0.00184
 4 10-17    2016–…   -0.0445             0      0.758     -0.00467       0.0170 
 5 10-17    2019–…   -0.145              0      0.505      0.00955       0.00525
 6 10-17    2022–…   -0.0633             0      0.505      0.00241       0.00355
 7 18-30    2007–…    0.179              0      0.253     -0.0132       -0.00423
 8 18-30    2010–…    0.110              0      0         -0.00423      -0.0114 
 9 18-30    2013–…    0.0234             0      0         -0.00335       0.00442
10 18-30    2016–…    0.00168            0      0.505     -0.00343       0.00711
# ℹ 3 more variables: shift_evening <dbl>, shift_total_away <dbl>,
#   shift_sd <dbl>

Creating plots...
  ✓ temporal_profiles_all_ages.png
  ✓ mean_time_shift.png
  ✓ window_shifts.png
  ✓ heatmap_time_shift.png
  ✓ peak_time_shift.png

Saving data tables...
  ✓ temporal_shifts.csv
  ✓ temporal_statistics.csv

======================================================================
STEP 3 COMPLETE!
= = = = = = = = = = = = = = = = = = = = = = = = = = = = = = = = = = = = = = = = = = = = = = = = = = = = = = = = = = = = = = = = = = = = = = 

=== STEP 4 REVISED: ARITHMETIC MEAN BASELINE ===

Loading from:  data/kernels/baseline 
Saving to:     results/baseline 

Using HOME_CUTOFF =  0.02  km (must match Step 2)

Loading KDE densities from Step 2...
  ✓ Loaded year-bin KDE ( 276480 rows)

Computing action-space metrics (Eq. 6 and Eq. 7)...

Computing year-bin metrics for all periods...
  Eq. (7) reference: 'base5' over 5 periods, per age group
  ✓ Year-bin metrics ( 30  rows)
# A tibble: 12 × 8
   AgeGroup Period    fraction_away mean_distance mean_distance_active volume
   <fct>    <fct>             <dbl>         <dbl>                <dbl>  <dbl>
 1 10-17    2007–2009         0.278          1.42                 5.14   34.0
 2 10-17    2010–2012         0.273          1.50                 5.52   35.9
 3 10-17    2013–2015         0.279          1.52                 5.55   36.5
 4 10-17    2016–2018         0.296          1.65                 5.68   39.5
 5 10-17    2019–2021         0.255          1.42                 5.73   34.1
 6 10-17    2022–2024         0.270          1.55                 5.87   37.1
 7 18-30    2007–2009         0.301          3.25                10.9    77.9
 8 18-30    2010–2012         0.286          3.12                11.0    75.0
 9 18-30    2013–2015         0.287          3.26                11.4    78.2
10 18-30    2016–2018         0.290          3.27                11.4    78.5
11 18-30    2019–2021         0.264          3.25                12.4    78.0
12 18-30    2022–2024         0.268          3.20                12.0    76.8
# ℹ 2 more variables: dist_p90 <dbl>, var_distance <dbl>

Computing baseline as arithmetic mean across periods...
  ✓ Baseline metrics computed from period averages:
# A tibble: 5 × 8
  AgeGroup fraction_away mean_distance mean_distance_active volume dist_p90
  <fct>            <dbl>         <dbl>                <dbl>  <dbl>    <dbl>
1 10-17           0.275          1.51                  5.58   36.2     9.78
2 18-30           0.283          3.22                 11.5    77.4    14.6 
3 31-55           0.288          3.84                 13.5    92.2    14.5 
4 56-65           0.226          2.98                 13.2    71.5    14.7 
5 66+             0.0888         0.962                10.9    23.1    20.7 
# ℹ 2 more variables: var_distance <dbl>, Period <chr>

COMPARISON: This baseline is now the arithmetic mean of the six period values,
            NOT the pooled KDE baseline from Step 2.

Computing changes from arithmetic mean baseline...
  ✓ Changes computed ( 30  rows)

Sample of percentage changes:
# A tibble: 30 × 5
   AgeGroup Period    mean_distance_active mean_distance_active_baseline
   <fct>    <fct>                    <dbl>                         <dbl>
 1 10-17    2007–2009                 5.14                          5.58
 2 10-17    2010–2012                 5.52                          5.58
 3 10-17    2013–2015                 5.55                          5.58
 4 10-17    2016–2018                 5.68                          5.58
 5 10-17    2019–2021                 5.73                          5.58
 6 10-17    2022–2024                 5.87                          5.58
 7 18-30    2007–2009                10.9                          11.5 
 8 18-30    2010–2012                11.0                          11.5 
 9 18-30    2013–2015                11.4                          11.5 
10 18-30    2016–2018                11.4                          11.5 
# ℹ 20 more rows
# ℹ 1 more variable: pct_change_distance <dbl>

VALIDATION: Sum of percentage changes by age group (should be ≈ 0):
# A tibble: 5 × 3
  AgeGroup sum_pct_change sum_absolute_change
  <fct>             <dbl>               <dbl>
1 10-17         -4.85e-14           -2.66e-15
2 18-30          4.63e-14            5.33e-15
3 31-55          2.70e-14            3.55e-15
4 56-65          4.09e-14            5.33e-15
5 66+            1.61e-14            1.78e-15

Creating updated plots...
  ✓ mean_distance_trend_TRIPWEIGHTED_REVISED.png
  ✓ action_space_trajectory_TRIPWEIGHTED.png
  ✓ mobility_decomposition_TRIPWEIGHTED_REVISED.png
  ✓ distance_change_heatmap_TRIPWEIGHTED_REVISED.png

Creating summary table...

=== Summary: mean distance when away by age group (Eq. 7) ===
# A tibble: 5 × 6
  AgeGroup baseline_dist mean_dist min_dist max_dist range_dist
  <fct>            <dbl>     <dbl>    <dbl>    <dbl>      <dbl>
1 10-17             5.58      5.58     5.14     5.87       0.73
2 18-30            11.5      11.5     10.9     12.4        1.46
3 31-55            13.5      13.5     12.4     14.3        1.85
4 56-65            13.2      13.2     11.9     14.8        2.89
5 66+              10.9      10.9      9.65    12.0        2.33

Saving data tables...
  ✓ action_space_metrics_TRIPWEIGHTED.csv
  ✓ action_space_changes_TRIPWEIGHTED_REVISED.csv

======================================================================
KEY DIFFERENCES FROM ORIGINAL VERSION:
======================================================================

ORIGINAL APPROACH:
  • Baseline = pooled KDE on all 2007-2024 data
  • Dashed lines ≠ arithmetic mean of visible points
  • Heatmap values relative to pooled baseline

REVISED APPROACH:
  • Baseline = arithmetic mean of six period values
  • Dashed lines = arithmetic mean of visible points
  • Heatmap values relative to arithmetic mean
  • Changes now sum to ≈0 for each age group

VISUAL CONSISTENCY:
  • Line plot and heatmap now use SAME baseline definition
  • Dashed lines directly interpretable from data
  • Percentage changes balanced around zero

======================================================================
STEP 4 REVISED COMPLETE - ARITHMETIC MEAN BASELINE
======================================================================

NEW plots created (with _REVISED suffix):
  1. mean_distance_trend_TRIPWEIGHTED_REVISED.png
  2. action_space_trajectory_TRIPWEIGHTED_REVISED.png
  3. mobility_decomposition_TRIPWEIGHTED_REVISED.png
  4. distance_change_heatmap_TRIPWEIGHTED_REVISED.png

NEW data tables (with _REVISED suffix):
  • action_space_metrics_TRIPWEIGHTED.csv
  • action_space_changes_TRIPWEIGHTED.csv

NEXT STEPS:
  1. Compare _REVISED.png files with originals
  2. Verify that heatmap values now make sense
  3. Check that dashed lines in trend plot equal arithmetic mean
  4. Update manuscript captions accordingly

All outputs saved to:  results/baseline 

======================================================================

=== Creating drift vector visualization with COMBINED BASELINE ===

Kernel inputs from:  data/kernels/baseline 
Step outputs to:      results/baseline 


=== LOADING STEP 4 RESULTS ===
âœ“ Loaded Step 4 results
Available periods:  Baseline (2007-2009), 2007-2009, 2010-2012, 2013-2015, 2016-2018, 2019-2021, 2022-2024 

     Period end_year
1 2007-2009     2009
2 2010-2012     2012
3 2013-2015     2015
4 2016-2018     2018
5 2019-2021     2021
6 2022-2024     2024
Baseline period: Baseline (2007-2009)
Year-bin periods (ordered):  2007-2009, 2010-2012, 2013-2015, 2016-2018, 2019-2021, 2022-2024 


=== DRIFT VECTOR CALCULATIONS ===
# A tibble: 5 × 11
  AgeGroup x_start y_start  x_end y_end       dx     dy magnitude angle
  <chr>      <dbl>   <dbl>  <dbl> <dbl>    <dbl>  <dbl>     <dbl> <dbl>
1 10-17     0.275     5.58 0.270   5.87 -0.00477 0.290     0.290   90.9
2 18-30     0.283    11.5  0.268  12.0  -0.0145  0.483     0.483   91.7
3 31-55     0.288    13.5  0.274  14.3  -0.0141  0.777     0.777   91.0
4 56-65     0.226    13.2  0.242  14.8   0.0161  1.57      1.57    89.4
5 66+       0.0888   10.9  0.0925 10.9   0.00364 0.0866    0.0867  87.6
# ℹ 2 more variables: pct_change_distance <dbl>, pct_change_time <dbl>

=== CALCULATING TRAJECTORY-AVERAGED DRIFT VECTORS ===

All periods (ordered): 2007-2009 -> 2010-2012 -> 2013-2015 -> 2016-2018 -> 2019-2021 -> 2022-2024 

Computing vector: 2007-2009 -> 2010-2012
Computing vector: 2010-2012 -> 2013-2015
Computing vector: 2013-2015 -> 2016-2018
Computing vector: 2016-2018 -> 2019-2021
Computing vector: 2019-2021 -> 2022-2024

Trajectory-averaged drift vectors:
# A tibble: 5 × 6
  AgeGroup    dx_avg dy_avg magnitude angle n_transitions
  <chr>        <dbl>  <dbl>     <dbl> <dbl>         <int>
1 10-17    -0.00150   0.147     0.147  90.6             5
2 18-30    -0.00651   0.218     0.218  91.7             5
3 31-55    -0.00405   0.370     0.370  90.6             5
4 56-65     0.00610   0.577     0.577  89.4             5
5 66+       0.000982  0.260     0.260  89.8             5

Creating trajectory-averaged drift visualization...
✓ Trajectory-averaged drift plot saved

=== COMPARISON: Endpoint vs Trajectory-Averaged Drift ===

# A tibble: 5 × 15
  AgeGroup dx_endpoint dy_endpoint mag_endpoint angle_endpoint dx_trajectory
  <chr>          <dbl>       <dbl>        <dbl>          <dbl>         <dbl>
1 10-17       -0.00477      0.290        0.290            90.9     -0.00150 
2 18-30       -0.0145       0.483        0.483            91.7     -0.00651 
3 31-55       -0.0141       0.777        0.777            91.0     -0.00405 
4 56-65        0.0161       1.57         1.57             89.4      0.00610 
5 66+          0.00364      0.0866       0.0867           87.6      0.000982
# ℹ 9 more variables: dy_trajectory <dbl>, mag_trajectory <dbl>,
#   angle_trajectory <dbl>, dx_diff <dbl>, dy_diff <dbl>, mag_diff <dbl>,
#   angle_diff <dbl>, dx_pct_diff <dbl>, dy_pct_diff <dbl>

Key differences:
  10-17:
    - Time direction: +68.6% difference
    - Distance direction: -49.4% difference
    - Magnitude: 0.290 (endpoint) vs 0.147 (trajectory-avg), diff = -0.143
  18-30:
    - Time direction: +55.1% difference
    - Distance direction: -54.9% difference
    - Magnitude: 0.483 (endpoint) vs 0.218 (trajectory-avg), diff = -0.265
  31-55:
    - Time direction: +71.3% difference
    - Distance direction: -52.4% difference
    - Magnitude: 0.777 (endpoint) vs 0.370 (trajectory-avg), diff = -0.407
  56-65:
    - Time direction: -62.0% difference
    - Distance direction: -63.2% difference
    - Magnitude: 1.567 (endpoint) vs 0.577 (trajectory-avg), diff = -0.989
  66+:
    - Time direction: -73.0% difference
    - Distance direction: +200.2% difference
    - Magnitude: 0.087 (endpoint) vs 0.260 (trajectory-avg), diff = +0.173

✓ Comparison data saved

=== DRIFT INTERPRETATIONS ===

# A tibble: 5 × 5
  AgeGroup distance_interpretation   time_interpretation overall_trend magnitude
  <chr>    <chr>                     <chr>               <chr>             <dbl>
1 10-17    STABLE: 0.29 km (+5.2%)   -1.7% less time aw… Relatively s…    0.290 
2 18-30    STABLE: 0.48 km (+4.2%)   -5.1% less time aw… Relatively s…    0.483 
3 31-55    STABLE: 0.78 km (+5.7%)   -4.9% less time aw… Relatively s…    0.777 
4 56-65    EXPANDING: +1.57 km (+11… +7.1% more time aw… Expanding bo…    1.57  
5 66+      STABLE: 0.09 km (+0.8%)   +4.1% more time aw… Relatively s…    0.0867

=== SUMMARY STATISTICS ===

Overall trends from baseline (2007-2009) to 2022-2024 :
- Average distance change: 0.64 km
- Average % distance change: 5.6 %
- Average time away change: -0.1 %
- Groups expanding (>10%): 1 
- Groups contracting (<-10%): 0 
- Groups stable (Â±10%): 4 


=== SAVING OUTPUTS ===

âœ“ All drift analysis outputs saved!
  Files created:
  - drift_vectors_COMBINED_BASELINE.png (main visualization)
  - drift_vectors_MINIMAL_COMBINED.png (minimal version)
  - drift_vectors_TRAJECTORY_AVERAGED.png (trajectory-averaged)
  - mobility_trajectories_FULL.png (full time series)
  - drift_interpretation_COMBINED_BASELINE.csv (interpretation)
  - drift_vectors_data_COMBINED_BASELINE.csv (raw data)
  - drift_comparison_endpoint_vs_trajectory.csv (comparison)

=============================================================
STEP 5 COMPLETE: Drift vector analysis with combined baseline
                 including trajectory-averaged drift option
=============================================================


=== STEP 6: COMPUTING PATH COMPLEXITY METRICS ===


=== STEP 6: LOADING STEP 5 OBJECTS ===
Computing tortuosity metrics...

=== TORTUOSITY RESULTS ===
# A tibble: 5 × 7
  AgeGroup path_length n_segments mean_segment_length endpoint_displacement
  <chr>          <dbl>      <int>               <dbl>                 <dbl>
1 10-17          0.751          5               0.150                 0.734
2 18-30          1.93           5               0.387                 1.09 
3 31-55          1.85           5               0.370                 1.85 
4 56-65          3.77           5               0.754                 2.89 
5 66+            3.36           5               0.673                 1.30 
# ℹ 2 more variables: tortuosity <dbl>, path_type <chr>

Interpretation:
- Tortuosity = 1.0: Perfectly straight path
- Tortuosity = 1.5: Path is 50% longer than straight line
- Higher values indicate more meandering/fluctuations

Computing directional dispersion...

=== DIRECTIONAL DISPERSION RESULTS ===
# A tibble: 5 × 9
  AgeGroup mean_angle_rad mean_angle_deg     R circular_variance circular_sd
  <chr>             <dbl>          <dbl> <dbl>             <dbl>       <dbl>
1 10-17              1.62           92.6 0.945           0.0547        19.2 
2 18-30              1.65           94.4 0.199           0.801        103.  
3 31-55              1.58           90.8 0.998           0.00155        3.19
4 56-65              1.55           88.7 0.601           0.399         57.9 
5 66+                1.57           89.9 0.600           0.400         57.9 
# ℹ 3 more variables: angle_sd_approx <dbl>, n_transitions <int>,
#   consistency <chr>

Interpretation:
- R (Mean Resultant Length): 0-1 scale
  * R close to 1: All vectors point in nearly same direction (consistent)
  * R close to 0: Vectors point in many different directions (dispersed)
- Circular SD: Angular spread in degrees
  * Low values: Tight angular clustering
  * High values: Wide angular spread


=== COMBINED PATH COMPLEXITY METRICS ===
# A tibble: 5 × 8
  AgeGroup endpoint_displacement path_length tortuosity path_type              R
  <chr>                    <dbl>       <dbl>      <dbl> <chr>              <dbl>
1 10-17                    0.734       0.751       1.02 Nearly straight    0.945
2 18-30                    1.09        1.93        1.77 Highly tortuous    0.199
3 31-55                    1.85        1.85        1.00 Nearly straight    0.998
4 56-65                    2.89        3.77        1.31 Moderately winding 0.601
5 66+                      1.30        3.36        2.59 Highly tortuous    0.600
# ℹ 2 more variables: circular_sd <dbl>, consistency <chr>

Creating visualizations...

Generating LaTeX tables...
  ✓ table_path_complexity.tex
  ✓ table_path_complexity_simple.tex
  ✓ table_drift_comparison.tex

✓ Path complexity analysis complete!
  Files created:
  - path_tortuosity.png
  - directional_consistency.png
  - path_complexity_combined.png
  - path_complexity_metrics.csv
  - sequential_vectors_with_angles.csv
  - table_path_complexity.tex
  - table_path_complexity_simple.tex
  - table_drift_comparison.tex

=============================================================
STEP 6 COMPLETE: Path complexity metrics and LaTeX tables
=============================================================


--------------------------------------------------------------
>> steps 2b-6 - scenario: sex1 (Males) 
--------------------------------------------------------------
Scenario: sex1 
Input:    data/kernels/sex1 
Output:   results/sex1 

Reading inputs from:  data/kernels/sex1 
Writing outputs to:   results/sex1 
Indlæser krævet pakke: viridisLite

Vedhæfter pakke: 'scales'

Det følgende objekt er maskeret fra 'package:viridis':

    viridis_pal


Vedhæfter pakke: 'dplyr'

De følgende objekter er maskerede fra 'package:stats':

    filter, lag

De følgende objekter er maskerede fra 'package:base':

    intersect, setdiff, setequal, union


======================================================================
DIAGNOSTIC MODE - CHECKING YOUR DATA
======================================================================

1. BASELINE_KDE structure:
   Rows: 46080 
   Columns: AgeGroup, t, d, density 
# A tibble: 6 × 4
  AgeGroup     t     d  density
  <fct>    <dbl> <dbl>    <dbl>
1 10-17        0 0     6.65e- 2
2 10-17        0 0.632 3.79e-86
3 10-17        0 1.26  9.81e-86
4 10-17        0 1.89  1.97e-85
5 10-17        0 2.53  3.05e-85
6 10-17        0 3.16  3.68e-85

2. Density statistics:
   Min density: 1.508172e-161 
   Max density: 0.06664393 
   Median density: 3.214945e-05 

3. Distance distribution:
# A tibble: 10 × 3
       d     n mean_dens
   <dbl> <int>     <dbl>
 1 0       480  0.0504  
 2 0.632   480  0.00104 
 3 1.26    480  0.00116 
 4 1.89    480  0.00114 
 5 2.53    480  0.00102 
 6 3.16    480  0.000879
 7 3.79    480  0.000752
 8 4.42    480  0.000649
 9 5.05    480  0.000569
10 5.68    480  0.000506

4. Home vs Away split:
# A tibble: 2 × 4
  location n_cells total_density mean_density
  <chr>      <int>         <dbl>        <dbl>
1 away       45600          7.79     0.000171
2 home         480         24.2      0.0504  

   Added mass column: density * dt * dd

5. Total probability mass by age group:
# A tibble: 5 × 2
  AgeGroup total_mass
  <fct>         <dbl>
1 10-17             1
2 18-30             1
3 31-55             1
4 56-65             1
5 66+               1

6. Home probability calculation:
   Home probability range: [0.245, 1.000] 

   Sample home probabilities for Age 31-55:
# A tibble: 10 × 5
   AgeGroup     t home_mass total_mass prob_home
   <fct>    <dbl>     <dbl>      <dbl>     <dbl>
 1 31-55    0        0.0104     0.0104     1    
 2 31-55    0.253    0.0104     0.0104     1    
 3 31-55    0.505    0.0104     0.0104     1    
 4 31-55    0.758    0.0104     0.0104     1    
 5 31-55    1.01     0.0104     0.0104     1    
 6 31-55    1.26     0.0104     0.0104     1    
 7 31-55    1.52     0.0104     0.0104     1.000
 8 31-55    1.77     0.0104     0.0104     1.000
 9 31-55    2.02     0.0104     0.0104     1.000
10 31-55    2.27     0.0104     0.0104     1.000

7. DIFF_KDE structure:
   Rows: 276480 
   Columns: AgeGroup, year_bin, t, d, diff_density 
# A tibble: 6 × 5
  AgeGroup year_bin      t     d diff_density
  <fct>    <fct>     <dbl> <dbl>        <dbl>
1 10-17    2007–2009     0 0         1.14e- 5
2 10-17    2007–2009     0 0.632     1.92e-85
3 10-17    2007–2009     0 1.26      4.97e-85
4 10-17    2007–2009     0 1.89      9.97e-85
5 10-17    2007–2009     0 2.53      1.55e-84
6 10-17    2007–2009     0 3.16      1.86e-84

8. YEARBIN_KDE structure:
   Rows: 276480 
   Columns: AgeGroup, year_bin, t, d, density 
   Periods: 2007–2009, 2010–2012, 2013–2015, 2016–2018, 2019–2021, 2022–2024 

======================================================================
CREATING FIXED VISUALIZATIONS
======================================================================

1. Creating FIXED home probability plot...
   ✓ Saved: kde_home_ACTUALLY_FIXED.png

2. Creating away-time plot with AGGRESSIVE filtering...
   Density quantiles:
     10th: 3.87e-07
     90th: 4.95e-04
     95th: 8.88e-04
     99th: 2.01e-03
   Using color limits: [3.87e-07, 8.88e-04]
   ✓ Saved: kde_away_AGGRESSIVE_FILTER.png

3. Attempting to create difference maps...
   diff_kde columns: AgeGroup, year_bin, t, d, diff_density 
   Found 'diff_density' column
   Difference range: [-8.13e-04, 9.97e-04]
   Using symmetric limits: [-5.54e-05, 5.54e-05]
   ✓ Saved: kde_DIFFERENCE_maps_FIXED.png

4. Creating year-bin comparison...
   Available periods: 2007–2009, 2010–2012, 2013–2015, 2016–2018, 2019–2021, 2022–2024 
   Comparing: 1 vs 6 
   ✓ Saved: kde_YEARBIN_comparison_FIXED.png

======================================================================
COMPLETE!
======================================================================

📁 Check your output directory:
    results/sex1 

📊 Files created:
  1. kde_home_ACTUALLY_FIXED.png - Should show proper 60-100% curves
  2. kde_away_AGGRESSIVE_FILTER.png - 10th-95th percentile for contrast
  3. kde_DIFFERENCE_maps_FIXED.png - Red/blue difference maps
  4. kde_YEARBIN_comparison_FIXED.png - Early vs late periods

💡 If plots still look wrong, review the diagnostic output above!
======================================================================
Reading inputs from:  data/kernels/sex1 
Writing outputs to:   results/sex1 

=== CREATING TRANSPOSED DIFFERENCE MAPS ===
Layout: Age groups as ROWS, year periods as COLUMNS
Rows in diff_kde: 276480 
Rows after away-filter: 273600 
Color limits (5–95%): [-5.54e-05, 5.54e-05]

✓ Saved: kde_DIFFERENCE_by_cohort_SHARP.png
✓ Saved: kde_DIFFERENCE_by_cohort_aggressive_SHARP.png
✓ Saved: kde_DIFFERENCE_by_cohort_PUBLICATION.png

=== TRANSPOSITION COMPLETE ===
Layout now:
  Rows: Age Groups (10-17, 18-30, 31-55, etc.)
  Columns: Year Periods (2007-2009, 2010-2012, etc.)
Each horizontal strip shows one cohort's evolution across time

Advarselsbeskeder:
1: Using ragg device as default. Ignoring `type` and `antialias` arguments 
2: Using ragg device as default. Ignoring `type` and `antialias` arguments 
3: I plot_theme(plot) :
  The `base_size` theme element is not defined in the element hierarchy.
4: Using ragg device as default. Ignoring `type` and `antialias` arguments 
5: I plot_theme(plot) :
  The `base_size` theme element is not defined in the element hierarchy.

=== STEP 3: TEMPORAL ANALYSIS ===

Loading from:  data/kernels/sex1 
Saving to:     results/sex1 

  ✓ Loaded files
  Baseline: 480 rows
  Year-bin: 2880 rows

Computing temporal statistics...
  ✓ Baseline statistics ( 5  rows)
# A tibble: 5 × 10
  AgeGroup mean_hour median_hour peak_hour morning_6_12 midday_12_18
  <fct>        <dbl>       <dbl>     <dbl>        <dbl>        <dbl>
1 10-17         12.8        12.1      11.1        0.471        0.416
2 18-30         13.4        12.9      12.1        0.392        0.447
3 31-55         12.8        12.4      11.4        0.440        0.452
4 56-65         12.7        12.4      11.4        0.448        0.445
5 66+           13.9        13.4      11.1        0.351        0.469
# ℹ 4 more variables: evening_18_24 <dbl>, total_away <dbl>, sd_hour <dbl>,
#   Period <chr>

  ✓ Year-bin statistics ( 30  rows)
# A tibble: 10 × 10
   AgeGroup Period    mean_hour median_hour peak_hour morning_6_12 midday_12_18
   <fct>    <fct>         <dbl>       <dbl>     <dbl>        <dbl>        <dbl>
 1 10-17    2007–2009      12.9        12.1      10.9        0.463        0.408
 2 10-17    2010–2012      12.8        12.1      10.9        0.478        0.395
 3 10-17    2013–2015      12.7        12.1      11.1        0.476        0.417
 4 10-17    2016–2018      12.7        12.1      11.9        0.465        0.435
 5 10-17    2019–2021      12.7        12.1      11.4        0.474        0.417
 6 10-17    2022–2024      12.7        12.1      12.1        0.473        0.421
 7 18-30    2007–2009      13.6        13.1      11.9        0.376        0.450
 8 18-30    2010–2012      13.4        12.9      11.9        0.391        0.438
 9 18-30    2013–2015      13.4        12.9      12.4        0.388        0.452
10 18-30    2016–2018      13.4        12.9      12.4        0.386        0.448
# ℹ 3 more variables: evening_18_24 <dbl>, total_away <dbl>, sd_hour <dbl>

Computing shifts from baseline...
  ✓ Shifts computed ( 30  rows)
# A tibble: 10 × 10
   AgeGroup Period shift_mean shift_median shift_peak shift_morning shift_midday
   <fct>    <fct>       <dbl>        <dbl>      <dbl>         <dbl>        <dbl>
 1 10-17    2007–…     0.175         0         -0.253     -0.00860     -0.00728 
 2 10-17    2010–…     0.0410        0         -0.253      0.00671     -0.0209  
 3 10-17    2013–…    -0.0514        0          0          0.00438      0.00117 
 4 10-17    2016–…    -0.0407        0          0.758     -0.00611      0.0191  
 5 10-17    2019–…    -0.0505        0          0.253      0.00265      0.00144 
 6 10-17    2022–…    -0.0769        0          1.01       0.00185      0.00525 
 7 18-30    2007–…     0.194         0.253     -0.253     -0.0160       0.00330 
 8 18-30    2010–…     0.0673        0         -0.253     -0.000707    -0.00954 
 9 18-30    2013–…     0.0243        0          0.253     -0.00372      0.00441 
10 18-30    2016–…     0.0473        0          0.253     -0.00542      0.000935
# ℹ 3 more variables: shift_evening <dbl>, shift_total_away <dbl>,
#   shift_sd <dbl>

Creating plots...
  ✓ temporal_profiles_all_ages.png
  ✓ mean_time_shift.png
  ✓ window_shifts.png
  ✓ heatmap_time_shift.png
  ✓ peak_time_shift.png

Saving data tables...
  ✓ temporal_shifts.csv
  ✓ temporal_statistics.csv

======================================================================
STEP 3 COMPLETE!
= = = = = = = = = = = = = = = = = = = = = = = = = = = = = = = = = = = = = = = = = = = = = = = = = = = = = = = = = = = = = = = = = = = = = = 

=== STEP 4 REVISED: ARITHMETIC MEAN BASELINE ===

Loading from:  data/kernels/sex1 
Saving to:     results/sex1 

Using HOME_CUTOFF =  0.02  km (must match Step 2)

Loading KDE densities from Step 2...
  ✓ Loaded year-bin KDE ( 276480 rows)

Computing action-space metrics (Eq. 6 and Eq. 7)...

Computing year-bin metrics for all periods...
  Eq. (7) reference: 'base5' over 5 periods, per age group
  ✓ Year-bin metrics ( 30  rows)
# A tibble: 12 × 8
   AgeGroup Period    fraction_away mean_distance mean_distance_active volume
   <fct>    <fct>             <dbl>         <dbl>                <dbl>  <dbl>
 1 10-17    2007–2009         0.272          1.38                 5.07   33.0
 2 10-17    2010–2012         0.267          1.47                 5.56   35.4
 3 10-17    2013–2015         0.273          1.42                 5.27   34.0
 4 10-17    2016–2018         0.294          1.67                 5.77   40.0
 5 10-17    2019–2021         0.254          1.45                 5.81   34.9
 6 10-17    2022–2024         0.267          1.40                 5.36   33.5
 7 18-30    2007–2009         0.319          3.62                11.5    86.8
 8 18-30    2010–2012         0.298          3.37                11.4    80.9
 9 18-30    2013–2015         0.297          3.52                11.9    84.4
10 18-30    2016–2018         0.302          3.48                11.6    83.6
11 18-30    2019–2021         0.280          3.81                13.7    91.4
12 18-30    2022–2024         0.278          3.52                12.7    84.5
# ℹ 2 more variables: dist_p90 <dbl>, var_distance <dbl>

Computing baseline as arithmetic mean across periods...
  ✓ Baseline metrics computed from period averages:
# A tibble: 5 × 8
  AgeGroup fraction_away mean_distance mean_distance_active volume dist_p90
  <fct>            <dbl>         <dbl>                <dbl>  <dbl>    <dbl>
1 10-17           0.271           1.46                 5.47   35.1     9.19
2 18-30           0.296           3.55                12.1    85.3    15.3 
3 31-55           0.309           4.50                14.7   108.     18.0 
4 56-65           0.244           3.48                14.3    83.4    15.7 
5 66+             0.0967          1.13                11.7    27.2    21.2 
# ℹ 2 more variables: var_distance <dbl>, Period <chr>

COMPARISON: This baseline is now the arithmetic mean of the six period values,
            NOT the pooled KDE baseline from Step 2.

Computing changes from arithmetic mean baseline...
  ✓ Changes computed ( 30  rows)

Sample of percentage changes:
# A tibble: 30 × 5
   AgeGroup Period    mean_distance_active mean_distance_active_baseline
   <fct>    <fct>                    <dbl>                         <dbl>
 1 10-17    2007–2009                 5.07                          5.47
 2 10-17    2010–2012                 5.56                          5.47
 3 10-17    2013–2015                 5.27                          5.47
 4 10-17    2016–2018                 5.77                          5.47
 5 10-17    2019–2021                 5.81                          5.47
 6 10-17    2022–2024                 5.36                          5.47
 7 18-30    2007–2009                11.5                          12.1 
 8 18-30    2010–2012                11.4                          12.1 
 9 18-30    2013–2015                11.9                          12.1 
10 18-30    2016–2018                11.6                          12.1 
# ℹ 20 more rows
# ℹ 1 more variable: pct_change_distance <dbl>

VALIDATION: Sum of percentage changes by age group (should be ≈ 0):
# A tibble: 5 × 3
  AgeGroup sum_pct_change sum_absolute_change
  <fct>             <dbl>               <dbl>
1 10-17         -3.18e-14           -1.78e-15
2 18-30         -6.66e-16            0       
3 31-55         -1.10e-14           -1.78e-15
4 56-65          1.29e-14            1.78e-15
5 66+           -9.99e-16            0       

Creating updated plots...
  ✓ mean_distance_trend_TRIPWEIGHTED_REVISED.png
  ✓ action_space_trajectory_TRIPWEIGHTED.png
  ✓ mobility_decomposition_TRIPWEIGHTED_REVISED.png
  ✓ distance_change_heatmap_TRIPWEIGHTED_REVISED.png

Creating summary table...

=== Summary: mean distance when away by age group (Eq. 7) ===
# A tibble: 5 × 6
  AgeGroup baseline_dist mean_dist min_dist max_dist range_dist
  <fct>            <dbl>     <dbl>    <dbl>    <dbl>      <dbl>
1 10-17             5.47      5.47     5.07     5.81       0.74
2 18-30            12.1      12.1     11.4     13.7        2.26
3 31-55            14.7      14.7     13.7     15.6        1.86
4 56-65            14.3      14.3     13.1     16.2        3.11
5 66+              11.7      11.7     11.0     12.9        1.96

Saving data tables...
  ✓ action_space_metrics_TRIPWEIGHTED.csv
  ✓ action_space_changes_TRIPWEIGHTED_REVISED.csv

======================================================================
KEY DIFFERENCES FROM ORIGINAL VERSION:
======================================================================

ORIGINAL APPROACH:
  • Baseline = pooled KDE on all 2007-2024 data
  • Dashed lines ≠ arithmetic mean of visible points
  • Heatmap values relative to pooled baseline

REVISED APPROACH:
  • Baseline = arithmetic mean of six period values
  • Dashed lines = arithmetic mean of visible points
  • Heatmap values relative to arithmetic mean
  • Changes now sum to ≈0 for each age group

VISUAL CONSISTENCY:
  • Line plot and heatmap now use SAME baseline definition
  • Dashed lines directly interpretable from data
  • Percentage changes balanced around zero

======================================================================
STEP 4 REVISED COMPLETE - ARITHMETIC MEAN BASELINE
======================================================================

NEW plots created (with _REVISED suffix):
  1. mean_distance_trend_TRIPWEIGHTED_REVISED.png
  2. action_space_trajectory_TRIPWEIGHTED_REVISED.png
  3. mobility_decomposition_TRIPWEIGHTED_REVISED.png
  4. distance_change_heatmap_TRIPWEIGHTED_REVISED.png

NEW data tables (with _REVISED suffix):
  • action_space_metrics_TRIPWEIGHTED.csv
  • action_space_changes_TRIPWEIGHTED.csv

NEXT STEPS:
  1. Compare _REVISED.png files with originals
  2. Verify that heatmap values now make sense
  3. Check that dashed lines in trend plot equal arithmetic mean
  4. Update manuscript captions accordingly

All outputs saved to:  results/sex1 

======================================================================

=== Creating drift vector visualization with COMBINED BASELINE ===

Kernel inputs from:  data/kernels/sex1 
Step outputs to:      results/sex1 


=== LOADING STEP 4 RESULTS ===
âœ“ Loaded Step 4 results
Available periods:  Baseline (2007-2009), 2007-2009, 2010-2012, 2013-2015, 2016-2018, 2019-2021, 2022-2024 

     Period end_year
1 2007-2009     2009
2 2010-2012     2012
3 2013-2015     2015
4 2016-2018     2018
5 2019-2021     2021
6 2022-2024     2024
Baseline period: Baseline (2007-2009)
Year-bin periods (ordered):  2007-2009, 2010-2012, 2013-2015, 2016-2018, 2019-2021, 2022-2024 


=== DRIFT VECTOR CALCULATIONS ===
# A tibble: 5 × 11
  AgeGroup x_start y_start x_end y_end       dx     dy magnitude angle
  <chr>      <dbl>   <dbl> <dbl> <dbl>    <dbl>  <dbl>     <dbl> <dbl>
1 10-17     0.271     5.47 0.267  5.36 -0.00449 -0.112     0.112 -92.3
2 18-30     0.296    12.1  0.278 12.7  -0.0175   0.577     0.577  91.7
3 31-55     0.309    14.7  0.297 15.3  -0.0120   0.623     0.623  91.1
4 56-65     0.244    14.3  0.262 16.2   0.0172   1.88      1.88   89.5
5 66+       0.0967   11.7  0.103 12.3   0.00631  0.579     0.579  89.4
# ℹ 2 more variables: pct_change_distance <dbl>, pct_change_time <dbl>

=== CALCULATING TRAJECTORY-AVERAGED DRIFT VECTORS ===

All periods (ordered): 2007-2009 -> 2010-2012 -> 2013-2015 -> 2016-2018 -> 2019-2021 -> 2022-2024 

Computing vector: 2007-2009 -> 2010-2012
Computing vector: 2010-2012 -> 2013-2015
Computing vector: 2013-2015 -> 2016-2018
Computing vector: 2016-2018 -> 2019-2021
Computing vector: 2019-2021 -> 2022-2024

Trajectory-averaged drift vectors:
# A tibble: 5 × 6
  AgeGroup   dx_avg dy_avg magnitude angle n_transitions
  <chr>       <dbl>  <dbl>     <dbl> <dbl>         <int>
1 10-17    -0.00112 0.0580    0.0580  91.1             5
2 18-30    -0.00814 0.248     0.249   91.9             5
3 31-55    -0.00338 0.329     0.329   90.6             5
4 56-65     0.00558 0.623     0.623   89.5             5
5 66+       0.00141 0.271     0.271   89.7             5

Creating trajectory-averaged drift visualization...
✓ Trajectory-averaged drift plot saved

=== COMPARISON: Endpoint vs Trajectory-Averaged Drift ===

# A tibble: 5 × 15
  AgeGroup dx_endpoint dy_endpoint mag_endpoint angle_endpoint dx_trajectory
  <chr>          <dbl>       <dbl>        <dbl>          <dbl>         <dbl>
1 10-17       -0.00449      -0.112        0.112          -92.3      -0.00112
2 18-30       -0.0175        0.577        0.577           91.7      -0.00814
3 31-55       -0.0120        0.623        0.623           91.1      -0.00338
4 56-65        0.0172        1.88         1.88            89.5       0.00558
5 66+          0.00631       0.579        0.579           89.4       0.00141
# ℹ 9 more variables: dy_trajectory <dbl>, mag_trajectory <dbl>,
#   angle_trajectory <dbl>, dx_diff <dbl>, dy_diff <dbl>, mag_diff <dbl>,
#   angle_diff <dbl>, dx_pct_diff <dbl>, dy_pct_diff <dbl>

Key differences:
  10-17:
    - Time direction: +75.1% difference
    - Distance direction: +152.0% difference
    - Magnitude: 0.112 (endpoint) vs 0.058 (trajectory-avg), diff = -0.054
  18-30:
    - Time direction: +53.6% difference
    - Distance direction: -56.9% difference
    - Magnitude: 0.577 (endpoint) vs 0.249 (trajectory-avg), diff = -0.329
  31-55:
    - Time direction: +71.8% difference
    - Distance direction: -47.1% difference
    - Magnitude: 0.623 (endpoint) vs 0.329 (trajectory-avg), diff = -0.294
  56-65:
    - Time direction: -67.5% difference
    - Distance direction: -66.9% difference
    - Magnitude: 1.883 (endpoint) vs 0.623 (trajectory-avg), diff = -1.260
  66+:
    - Time direction: -77.7% difference
    - Distance direction: -53.2% difference
    - Magnitude: 0.579 (endpoint) vs 0.271 (trajectory-avg), diff = -0.308

✓ Comparison data saved

=== DRIFT INTERPRETATIONS ===

# A tibble: 5 × 5
  AgeGroup distance_interpretation   time_interpretation overall_trend magnitude
  <chr>    <chr>                     <chr>               <chr>             <dbl>
1 10-17    STABLE: -0.11 km (-2%)    -1.7% less time aw… Relatively s…     0.112
2 18-30    STABLE: 0.58 km (+4.8%)   -5.9% less time aw… Relatively s…     0.577
3 31-55    STABLE: 0.62 km (+4.2%)   -3.9% less time aw… Relatively s…     0.623
4 56-65    EXPANDING: +1.88 km (+13… +7% more time away  Expanding bo…     1.88 
5 66+      STABLE: 0.58 km (+4.9%)   +6.5% more time aw… Relatively s…     0.579

=== SUMMARY STATISTICS ===

Overall trends from baseline (2007-2009) to 2022-2024 :
- Average distance change: 0.71 km
- Average % distance change: 5 %
- Average time away change: 0.4 %
- Groups expanding (>10%): 1 
- Groups contracting (<-10%): 0 
- Groups stable (Â±10%): 4 


=== SAVING OUTPUTS ===

âœ“ All drift analysis outputs saved!
  Files created:
  - drift_vectors_COMBINED_BASELINE.png (main visualization)
  - drift_vectors_MINIMAL_COMBINED.png (minimal version)
  - drift_vectors_TRAJECTORY_AVERAGED.png (trajectory-averaged)
  - mobility_trajectories_FULL.png (full time series)
  - drift_interpretation_COMBINED_BASELINE.csv (interpretation)
  - drift_vectors_data_COMBINED_BASELINE.csv (raw data)
  - drift_comparison_endpoint_vs_trajectory.csv (comparison)

=============================================================
STEP 5 COMPLETE: Drift vector analysis with combined baseline
                 including trajectory-averaged drift option
=============================================================


=== STEP 6: COMPUTING PATH COMPLEXITY METRICS ===


=== STEP 6: LOADING STEP 5 OBJECTS ===
Computing tortuosity metrics...

=== TORTUOSITY RESULTS ===
# A tibble: 5 × 7
  AgeGroup path_length n_segments mean_segment_length endpoint_displacement
  <chr>          <dbl>      <int>               <dbl>                 <dbl>
1 10-17           1.78          5               0.356                 0.290
2 18-30           3.84          5               0.769                 1.24 
3 31-55           2.06          5               0.413                 1.65 
4 56-65           3.64          5               0.727                 3.11 
5 66+             3.17          5               0.634                 1.35 
# ℹ 2 more variables: tortuosity <dbl>, path_type <chr>

Interpretation:
- Tortuosity = 1.0: Perfectly straight path
- Tortuosity = 1.5: Path is 50% longer than straight line
- Higher values indicate more meandering/fluctuations

Computing directional dispersion...

=== DIRECTIONAL DISPERSION RESULTS ===
# A tibble: 5 × 9
  AgeGroup mean_angle_rad mean_angle_deg     R circular_variance circular_sd
  <chr>             <dbl>          <dbl> <dbl>             <dbl>       <dbl>
1 10-17              2.33          133.  0.189             0.811       105. 
2 18-30             -1.95         -112.  0.200             0.800       103. 
3 31-55              1.56           89.6 0.600             0.400        58.0
4 56-65              1.52           87.1 0.602             0.398        57.7
5 66+                1.56           89.5 0.200             0.800       103. 
# ℹ 3 more variables: angle_sd_approx <dbl>, n_transitions <int>,
#   consistency <chr>

Interpretation:
- R (Mean Resultant Length): 0-1 scale
  * R close to 1: All vectors point in nearly same direction (consistent)
  * R close to 0: Vectors point in many different directions (dispersed)
- Circular SD: Angular spread in degrees
  * Low values: Tight angular clustering
  * High values: Wide angular spread


=== COMBINED PATH COMPLEXITY METRICS ===
# A tibble: 5 × 8
  AgeGroup endpoint_displacement path_length tortuosity path_type            R
  <chr>                    <dbl>       <dbl>      <dbl> <chr>            <dbl>
1 10-17                    0.290        1.78       6.14 Highly tortuous  0.189
2 18-30                    1.24         3.84       3.09 Highly tortuous  0.200
3 31-55                    1.65         2.06       1.25 Slightly winding 0.600
4 56-65                    3.11         3.64       1.17 Slightly winding 0.602
5 66+                      1.35         3.17       2.34 Highly tortuous  0.200
# ℹ 2 more variables: circular_sd <dbl>, consistency <chr>

Creating visualizations...

Generating LaTeX tables...
  ✓ table_path_complexity.tex
  ✓ table_path_complexity_simple.tex
  ✓ table_drift_comparison.tex

✓ Path complexity analysis complete!
  Files created:
  - path_tortuosity.png
  - directional_consistency.png
  - path_complexity_combined.png
  - path_complexity_metrics.csv
  - sequential_vectors_with_angles.csv
  - table_path_complexity.tex
  - table_path_complexity_simple.tex
  - table_drift_comparison.tex

=============================================================
STEP 6 COMPLETE: Path complexity metrics and LaTeX tables
=============================================================


--------------------------------------------------------------
>> steps 2b-6 - scenario: sex2 (Females) 
--------------------------------------------------------------
Scenario: sex2 
Input:    data/kernels/sex2 
Output:   results/sex2 

Reading inputs from:  data/kernels/sex2 
Writing outputs to:   results/sex2 
Indlæser krævet pakke: viridisLite

Vedhæfter pakke: 'scales'

Det følgende objekt er maskeret fra 'package:viridis':

    viridis_pal


Vedhæfter pakke: 'dplyr'

De følgende objekter er maskerede fra 'package:stats':

    filter, lag

De følgende objekter er maskerede fra 'package:base':

    intersect, setdiff, setequal, union


======================================================================
DIAGNOSTIC MODE - CHECKING YOUR DATA
======================================================================

1. BASELINE_KDE structure:
   Rows: 46080 
   Columns: AgeGroup, t, d, density 
# A tibble: 6 × 4
  AgeGroup     t     d   density
  <fct>    <dbl> <dbl>     <dbl>
1 10-17        0 0     6.65e-  2
2 10-17        0 0.632 2.06e-112
3 10-17        0 1.26  2.89e-112
4 10-17        0 1.89  3.63e-112
5 10-17        0 2.53  4.51e-112
6 10-17        0 3.16  5.81e-112

2. Density statistics:
   Min density: 2.296318e-229 
   Max density: 0.06663927 
   Median density: 2.33415e-05 

3. Distance distribution:
# A tibble: 10 × 3
       d     n mean_dens
   <dbl> <int>     <dbl>
 1 0       480  0.0519  
 2 0.632   480  0.00110 
 3 1.26    480  0.00122 
 4 1.89    480  0.00118 
 5 2.53    480  0.00105 
 6 3.16    480  0.000889
 7 3.79    480  0.000750
 8 4.42    480  0.000639
 9 5.05    480  0.000551
10 5.68    480  0.000479

4. Home vs Away split:
# A tibble: 2 × 4
  location n_cells total_density mean_density
  <chr>      <int>         <dbl>        <dbl>
1 away       45600          7.08     0.000155
2 home         480         24.9      0.0519  

   Added mass column: density * dt * dd

5. Total probability mass by age group:
# A tibble: 5 × 2
  AgeGroup total_mass
  <fct>         <dbl>
1 10-17             1
2 18-30             1
3 31-55             1
4 56-65             1
5 66+               1

6. Home probability calculation:
   Home probability range: [0.246, 1.000] 

   Sample home probabilities for Age 31-55:
# A tibble: 10 × 5
   AgeGroup     t home_mass total_mass prob_home
   <fct>    <dbl>     <dbl>      <dbl>     <dbl>
 1 31-55    0        0.0104     0.0104     1    
 2 31-55    0.253    0.0104     0.0104     1    
 3 31-55    0.505    0.0104     0.0104     1    
 4 31-55    0.758    0.0104     0.0104     1    
 5 31-55    1.01     0.0104     0.0104     1    
 6 31-55    1.26     0.0104     0.0104     1    
 7 31-55    1.52     0.0104     0.0104     1.000
 8 31-55    1.77     0.0104     0.0104     1.000
 9 31-55    2.02     0.0104     0.0104     1.000
10 31-55    2.27     0.0104     0.0104     1.000

7. DIFF_KDE structure:
   Rows: 276480 
   Columns: AgeGroup, year_bin, t, d, diff_density 
# A tibble: 6 × 5
  AgeGroup year_bin      t     d diff_density
  <fct>    <fct>     <dbl> <dbl>        <dbl>
1 10-17    2007–2009     0 0        2.25e-  5
2 10-17    2007–2009     0 0.632    1.20e-112
3 10-17    2007–2009     0 1.26     2.75e-112
4 10-17    2007–2009     0 1.89     3.91e-112
5 10-17    2007–2009     0 2.53     3.30e-112
6 10-17    2007–2009     0 3.16     4.66e-113

8. YEARBIN_KDE structure:
   Rows: 276480 
   Columns: AgeGroup, year_bin, t, d, density 
   Periods: 2007–2009, 2010–2012, 2013–2015, 2016–2018, 2019–2021, 2022–2024 

======================================================================
CREATING FIXED VISUALIZATIONS
======================================================================

1. Creating FIXED home probability plot...
   ✓ Saved: kde_home_ACTUALLY_FIXED.png

2. Creating away-time plot with AGGRESSIVE filtering...
   Density quantiles:
     10th: 2.70e-07
     90th: 4.51e-04
     95th: 8.70e-04
     99th: 2.16e-03
   Using color limits: [2.70e-07, 8.70e-04]
   ✓ Saved: kde_away_AGGRESSIVE_FILTER.png

3. Attempting to create difference maps...
   diff_kde columns: AgeGroup, year_bin, t, d, diff_density 
   Found 'diff_density' column
   Difference range: [-7.74e-04, 1.17e-03]
   Using symmetric limits: [-5.08e-05, 5.08e-05]
   ✓ Saved: kde_DIFFERENCE_maps_FIXED.png

4. Creating year-bin comparison...
   Available periods: 2007–2009, 2010–2012, 2013–2015, 2016–2018, 2019–2021, 2022–2024 
   Comparing: 1 vs 6 
   ✓ Saved: kde_YEARBIN_comparison_FIXED.png

======================================================================
COMPLETE!
======================================================================

📁 Check your output directory:
    results/sex2 

📊 Files created:
  1. kde_home_ACTUALLY_FIXED.png - Should show proper 60-100% curves
  2. kde_away_AGGRESSIVE_FILTER.png - 10th-95th percentile for contrast
  3. kde_DIFFERENCE_maps_FIXED.png - Red/blue difference maps
  4. kde_YEARBIN_comparison_FIXED.png - Early vs late periods

💡 If plots still look wrong, review the diagnostic output above!
======================================================================
Reading inputs from:  data/kernels/sex2 
Writing outputs to:   results/sex2 

=== CREATING TRANSPOSED DIFFERENCE MAPS ===
Layout: Age groups as ROWS, year periods as COLUMNS
Rows in diff_kde: 276480 
Rows after away-filter: 273600 
Color limits (5–95%): [-5.08e-05, 5.08e-05]

✓ Saved: kde_DIFFERENCE_by_cohort_SHARP.png
✓ Saved: kde_DIFFERENCE_by_cohort_aggressive_SHARP.png
✓ Saved: kde_DIFFERENCE_by_cohort_PUBLICATION.png

=== TRANSPOSITION COMPLETE ===
Layout now:
  Rows: Age Groups (10-17, 18-30, 31-55, etc.)
  Columns: Year Periods (2007-2009, 2010-2012, etc.)
Each horizontal strip shows one cohort's evolution across time

Advarselsbeskeder:
1: Using ragg device as default. Ignoring `type` and `antialias` arguments 
2: Using ragg device as default. Ignoring `type` and `antialias` arguments 
3: I plot_theme(plot) :
  The `base_size` theme element is not defined in the element hierarchy.
4: Using ragg device as default. Ignoring `type` and `antialias` arguments 
5: I plot_theme(plot) :
  The `base_size` theme element is not defined in the element hierarchy.

=== STEP 3: TEMPORAL ANALYSIS ===

Loading from:  data/kernels/sex2 
Saving to:     results/sex2 

  ✓ Loaded files
  Baseline: 480 rows
  Year-bin: 2880 rows

Computing temporal statistics...
  ✓ Baseline statistics ( 5  rows)
# A tibble: 5 × 10
  AgeGroup mean_hour median_hour peak_hour morning_6_12 midday_12_18
  <fct>        <dbl>       <dbl>     <dbl>        <dbl>        <dbl>
1 10-17         12.9        12.4      11.4        0.452        0.425
2 18-30         13.7        13.1      11.9        0.365        0.461
3 31-55         12.9        12.4      11.4        0.431        0.464
4 56-65         13.2        12.6      11.4        0.406        0.462
5 66+           14.3        13.9      11.4        0.297        0.518
# ℹ 4 more variables: evening_18_24 <dbl>, total_away <dbl>, sd_hour <dbl>,
#   Period <chr>

  ✓ Year-bin statistics ( 30  rows)
# A tibble: 10 × 10
   AgeGroup Period    mean_hour median_hour peak_hour morning_6_12 midday_12_18
   <fct>    <fct>         <dbl>       <dbl>     <dbl>        <dbl>        <dbl>
 1 10-17    2007–2009      13.1        12.4      10.9        0.446        0.417
 2 10-17    2010–2012      13.1        12.4      10.9        0.443        0.414
 3 10-17    2013–2015      12.9        12.1      11.6        0.455        0.420
 4 10-17    2016–2018      12.9        12.4      11.6        0.449        0.440
 5 10-17    2019–2021      12.7        12.1      12.1        0.469        0.435
 6 10-17    2022–2024      12.9        12.1      11.4        0.455        0.427
 7 18-30    2007–2009      13.9        13.4      12.1        0.355        0.448
 8 18-30    2010–2012      13.9        13.4      11.6        0.357        0.448
 9 18-30    2013–2015      13.7        13.1      11.6        0.363        0.465
10 18-30    2016–2018      13.7        13.1      12.4        0.364        0.476
# ℹ 3 more variables: evening_18_24 <dbl>, total_away <dbl>, sd_hour <dbl>

Computing shifts from baseline...
  ✓ Shifts computed ( 30  rows)
# A tibble: 10 × 10
   AgeGroup Period shift_mean shift_median shift_peak shift_morning shift_midday
   <fct>    <fct>       <dbl>        <dbl>      <dbl>         <dbl>        <dbl>
 1 10-17    2007–…     0.136         0         -0.505      -0.00581     -0.00819
 2 10-17    2010–…     0.166         0         -0.505      -0.00873     -0.0114 
 3 10-17    2013–…    -0.0260       -0.253      0.253       0.00310     -0.00503
 4 10-17    2016–…    -0.0448        0          0.253      -0.00350      0.0149 
 5 10-17    2019–…    -0.245        -0.253      0.758       0.0164       0.0103 
 6 10-17    2022–…    -0.0520       -0.253      0           0.00325      0.00171
 7 18-30    2007–…     0.161         0.253      0.253      -0.0101      -0.0128 
 8 18-30    2010–…     0.158         0.253     -0.253      -0.00810     -0.0135 
 9 18-30    2013–…     0.0168        0         -0.253      -0.00248      0.00418
10 18-30    2016–…    -0.0466        0          0.505      -0.00155      0.0146 
# ℹ 3 more variables: shift_evening <dbl>, shift_total_away <dbl>,
#   shift_sd <dbl>

Creating plots...
  ✓ temporal_profiles_all_ages.png
  ✓ mean_time_shift.png
  ✓ window_shifts.png
  ✓ heatmap_time_shift.png
  ✓ peak_time_shift.png

Saving data tables...
  ✓ temporal_shifts.csv
  ✓ temporal_statistics.csv

======================================================================
STEP 3 COMPLETE!
= = = = = = = = = = = = = = = = = = = = = = = = = = = = = = = = = = = = = = = = = = = = = = = = = = = = = = = = = = = = = = = = = = = = = = 

=== STEP 4 REVISED: ARITHMETIC MEAN BASELINE ===

Loading from:  data/kernels/sex2 
Saving to:     results/sex2 

Using HOME_CUTOFF =  0.02  km (must match Step 2)

Loading KDE densities from Step 2...
  ✓ Loaded year-bin KDE ( 276480 rows)

Computing action-space metrics (Eq. 6 and Eq. 7)...

Computing year-bin metrics for all periods...
  Eq. (7) reference: 'base5' over 5 periods, per age group
  ✓ Year-bin metrics ( 30  rows)
# A tibble: 12 × 8
   AgeGroup Period    fraction_away mean_distance mean_distance_active volume
   <fct>    <fct>             <dbl>         <dbl>                <dbl>  <dbl>
 1 10-17    2007–2009         0.283          1.46                 5.20   35.1
 2 10-17    2010–2012         0.280          1.52                 5.47   36.6
 3 10-17    2013–2015         0.285          1.63                 5.82   39.1
 4 10-17    2016–2018         0.298          1.62                 5.58   39.0
 5 10-17    2019–2021         0.256          1.38                 5.64   33.2
 6 10-17    2022–2024         0.274          1.70                 6.38   40.8
 7 18-30    2007–2009         0.283          2.88                10.3    69.1
 8 18-30    2010–2012         0.273          2.87                10.6    68.8
 9 18-30    2013–2015         0.277          2.99                10.9    71.7
10 18-30    2016–2018         0.277          3.04                11.1    72.9
11 18-30    2019–2021         0.248          2.69                10.9    64.5
12 18-30    2022–2024         0.258          2.86                11.2    68.7
# ℹ 2 more variables: dist_p90 <dbl>, var_distance <dbl>

Computing baseline as arithmetic mean across periods...
  ✓ Baseline metrics computed from period averages:
# A tibble: 5 × 8
  AgeGroup fraction_away mean_distance mean_distance_active volume dist_p90
  <fct>            <dbl>         <dbl>                <dbl>  <dbl>    <dbl>
1 10-17           0.279          1.55                  5.68   37.3     12.6
2 18-30           0.269          2.89                 10.8    69.3     12.0
3 31-55           0.266          3.20                 12.2    76.7     14.0
4 56-65           0.208          2.49                 12.0    59.8     14.7
5 66+             0.0820         0.813                 9.95   19.5     13.1
# ℹ 2 more variables: var_distance <dbl>, Period <chr>

COMPARISON: This baseline is now the arithmetic mean of the six period values,
            NOT the pooled KDE baseline from Step 2.

Computing changes from arithmetic mean baseline...
  ✓ Changes computed ( 30  rows)

Sample of percentage changes:
# A tibble: 30 × 5
   AgeGroup Period    mean_distance_active mean_distance_active_baseline
   <fct>    <fct>                    <dbl>                         <dbl>
 1 10-17    2007–2009                 5.20                          5.68
 2 10-17    2010–2012                 5.47                          5.68
 3 10-17    2013–2015                 5.82                          5.68
 4 10-17    2016–2018                 5.58                          5.68
 5 10-17    2019–2021                 5.64                          5.68
 6 10-17    2022–2024                 6.38                          5.68
 7 18-30    2007–2009                10.3                          10.8 
 8 18-30    2010–2012                10.6                          10.8 
 9 18-30    2013–2015                10.9                          10.8 
10 18-30    2016–2018                11.1                          10.8 
# ℹ 20 more rows
# ℹ 1 more variable: pct_change_distance <dbl>

VALIDATION: Sum of percentage changes by age group (should be ≈ 0):
# A tibble: 5 × 3
  AgeGroup sum_pct_change sum_absolute_change
  <fct>             <dbl>               <dbl>
1 10-17         -3.16e-14           -1.78e-15
2 18-30          3.25e-14            3.55e-15
3 31-55         -1.43e-14           -1.78e-15
4 56-65         -1.54e-14           -1.78e-15
5 66+            5.33e-14            5.33e-15

Creating updated plots...
  ✓ mean_distance_trend_TRIPWEIGHTED_REVISED.png
  ✓ action_space_trajectory_TRIPWEIGHTED.png
  ✓ mobility_decomposition_TRIPWEIGHTED_REVISED.png
  ✓ distance_change_heatmap_TRIPWEIGHTED_REVISED.png

Creating summary table...

=== Summary: mean distance when away by age group (Eq. 7) ===
# A tibble: 5 × 6
  AgeGroup baseline_dist mean_dist min_dist max_dist range_dist
  <fct>            <dbl>     <dbl>    <dbl>    <dbl>      <dbl>
1 10-17             5.68      5.68     5.2      6.38       1.18
2 18-30            10.8      10.8     10.3     11.2        0.93
3 31-55            12.2      12.2     11.0     13.1        2.09
4 56-65            12.0      12.0     10.5     13.3        2.81
5 66+               9.95      9.95     8.43    11.2        2.73

Saving data tables...
  ✓ action_space_metrics_TRIPWEIGHTED.csv
  ✓ action_space_changes_TRIPWEIGHTED_REVISED.csv

======================================================================
KEY DIFFERENCES FROM ORIGINAL VERSION:
======================================================================

ORIGINAL APPROACH:
  • Baseline = pooled KDE on all 2007-2024 data
  • Dashed lines ≠ arithmetic mean of visible points
  • Heatmap values relative to pooled baseline

REVISED APPROACH:
  • Baseline = arithmetic mean of six period values
  • Dashed lines = arithmetic mean of visible points
  • Heatmap values relative to arithmetic mean
  • Changes now sum to ≈0 for each age group

VISUAL CONSISTENCY:
  • Line plot and heatmap now use SAME baseline definition
  • Dashed lines directly interpretable from data
  • Percentage changes balanced around zero

======================================================================
STEP 4 REVISED COMPLETE - ARITHMETIC MEAN BASELINE
======================================================================

NEW plots created (with _REVISED suffix):
  1. mean_distance_trend_TRIPWEIGHTED_REVISED.png
  2. action_space_trajectory_TRIPWEIGHTED_REVISED.png
  3. mobility_decomposition_TRIPWEIGHTED_REVISED.png
  4. distance_change_heatmap_TRIPWEIGHTED_REVISED.png

NEW data tables (with _REVISED suffix):
  • action_space_metrics_TRIPWEIGHTED.csv
  • action_space_changes_TRIPWEIGHTED.csv

NEXT STEPS:
  1. Compare _REVISED.png files with originals
  2. Verify that heatmap values now make sense
  3. Check that dashed lines in trend plot equal arithmetic mean
  4. Update manuscript captions accordingly

All outputs saved to:  results/sex2 

======================================================================

=== Creating drift vector visualization with COMBINED BASELINE ===

Kernel inputs from:  data/kernels/sex2 
Step outputs to:      results/sex2 


=== LOADING STEP 4 RESULTS ===
âœ“ Loaded Step 4 results
Available periods:  Baseline (2007-2009), 2007-2009, 2010-2012, 2013-2015, 2016-2018, 2019-2021, 2022-2024 

     Period end_year
1 2007-2009     2009
2 2010-2012     2012
3 2013-2015     2015
4 2016-2018     2018
5 2019-2021     2021
6 2022-2024     2024
Baseline period: Baseline (2007-2009)
Year-bin periods (ordered):  2007-2009, 2010-2012, 2013-2015, 2016-2018, 2019-2021, 2022-2024 


=== DRIFT VECTOR CALCULATIONS ===
# A tibble: 5 × 11
  AgeGroup x_start y_start  x_end y_end       dx     dy magnitude angle
  <chr>      <dbl>   <dbl>  <dbl> <dbl>    <dbl>  <dbl>     <dbl> <dbl>
1 10-17     0.279     5.68 0.274   6.38 -0.00509  0.701     0.701  90.4
2 18-30     0.269    10.8  0.258  11.2  -0.0116   0.375     0.375  91.8
3 31-55     0.266    12.2  0.251  13.1  -0.0154   0.974     0.974  90.9
4 56-65     0.208    12.0  0.223  13.3   0.0152   1.26      1.26   89.3
5 66+       0.0820    9.95 0.0831  9.40  0.00109 -0.550     0.550 -89.9
# ℹ 2 more variables: pct_change_distance <dbl>, pct_change_time <dbl>

=== CALCULATING TRAJECTORY-AVERAGED DRIFT VECTORS ===

All periods (ordered): 2007-2009 -> 2010-2012 -> 2013-2015 -> 2016-2018 -> 2019-2021 -> 2022-2024 

Computing vector: 2007-2009 -> 2010-2012
Computing vector: 2010-2012 -> 2013-2015
Computing vector: 2013-2015 -> 2016-2018
Computing vector: 2016-2018 -> 2019-2021
Computing vector: 2019-2021 -> 2022-2024

Trajectory-averaged drift vectors:
# A tibble: 5 × 6
  AgeGroup    dx_avg dy_avg magnitude angle n_transitions
  <chr>        <dbl>  <dbl>     <dbl> <dbl>         <int>
1 10-17    -0.00186   0.237     0.237  90.5             5
2 18-30    -0.00501   0.186     0.186  91.5             5
3 31-55    -0.00457   0.418     0.418  90.6             5
4 56-65     0.00685   0.562     0.562  89.3             5
5 66+       0.000450  0.194     0.194  89.9             5

Creating trajectory-averaged drift visualization...
✓ Trajectory-averaged drift plot saved

=== COMPARISON: Endpoint vs Trajectory-Averaged Drift ===

# A tibble: 5 × 15
  AgeGroup dx_endpoint dy_endpoint mag_endpoint angle_endpoint dx_trajectory
  <chr>          <dbl>       <dbl>        <dbl>          <dbl>         <dbl>
1 10-17       -0.00509       0.701        0.701           90.4     -0.00186 
2 18-30       -0.0116        0.375        0.375           91.8     -0.00501 
3 31-55       -0.0154        0.974        0.974           90.9     -0.00457 
4 56-65        0.0152        1.26         1.26            89.3      0.00685 
5 66+          0.00109      -0.550        0.550          -89.9      0.000450
# ℹ 9 more variables: dy_trajectory <dbl>, mag_trajectory <dbl>,
#   angle_trajectory <dbl>, dx_diff <dbl>, dy_diff <dbl>, mag_diff <dbl>,
#   angle_diff <dbl>, dx_pct_diff <dbl>, dy_pct_diff <dbl>

Key differences:
  10-17:
    - Time direction: +63.4% difference
    - Distance direction: -66.2% difference
    - Magnitude: 0.701 (endpoint) vs 0.237 (trajectory-avg), diff = -0.464
  18-30:
    - Time direction: +57.0% difference
    - Distance direction: -50.4% difference
    - Magnitude: 0.375 (endpoint) vs 0.186 (trajectory-avg), diff = -0.189
  31-55:
    - Time direction: +70.4% difference
    - Distance direction: -57.1% difference
    - Magnitude: 0.974 (endpoint) vs 0.418 (trajectory-avg), diff = -0.556
  56-65:
    - Time direction: -54.8% difference
    - Distance direction: -55.3% difference
    - Magnitude: 1.257 (endpoint) vs 0.562 (trajectory-avg), diff = -0.696
  66+:
    - Time direction: -58.7% difference
    - Distance direction: +135.3% difference
    - Magnitude: 0.550 (endpoint) vs 0.194 (trajectory-avg), diff = -0.356

✓ Comparison data saved

=== DRIFT INTERPRETATIONS ===

# A tibble: 5 × 5
  AgeGroup distance_interpretation   time_interpretation overall_trend magnitude
  <chr>    <chr>                     <chr>               <chr>             <dbl>
1 10-17    EXPANDING: +0.7 km (+12.… -1.8% less time aw… Traveling fu…     0.701
2 18-30    STABLE: 0.37 km (+3.5%)   -4.3% less time aw… Relatively s…     0.375
3 31-55    STABLE: 0.97 km (+8%)     -5.8% less time aw… Relatively s…     0.974
4 56-65    EXPANDING: +1.26 km (+10… +7.3% more time aw… Expanding bo…     1.26 
5 66+      STABLE: -0.55 km (-5.5%)  +1.3% more time aw… Relatively s…     0.550

=== SUMMARY STATISTICS ===

Overall trends from baseline (2007-2009) to 2022-2024 :
- Average distance change: 0.55 km
- Average % distance change: 5.7 %
- Average time away change: -0.7 %
- Groups expanding (>10%): 2 
- Groups contracting (<-10%): 0 
- Groups stable (Â±10%): 3 


=== SAVING OUTPUTS ===

âœ“ All drift analysis outputs saved!
  Files created:
  - drift_vectors_COMBINED_BASELINE.png (main visualization)
  - drift_vectors_MINIMAL_COMBINED.png (minimal version)
  - drift_vectors_TRAJECTORY_AVERAGED.png (trajectory-averaged)
  - mobility_trajectories_FULL.png (full time series)
  - drift_interpretation_COMBINED_BASELINE.csv (interpretation)
  - drift_vectors_data_COMBINED_BASELINE.csv (raw data)
  - drift_comparison_endpoint_vs_trajectory.csv (comparison)

=============================================================
STEP 5 COMPLETE: Drift vector analysis with combined baseline
                 including trajectory-averaged drift option
=============================================================


=== STEP 6: COMPUTING PATH COMPLEXITY METRICS ===


=== STEP 6: LOADING STEP 5 OBJECTS ===
Computing tortuosity metrics...

=== TORTUOSITY RESULTS ===
# A tibble: 5 × 7
  AgeGroup path_length n_segments mean_segment_length endpoint_displacement
  <chr>          <dbl>      <int>               <dbl>                 <dbl>
1 10-17           1.67          5               0.333                 1.18 
2 18-30           1.29          5               0.258                 0.929
3 31-55           2.22          5               0.444                 2.09 
4 56-65           4.03          5               0.806                 2.81 
5 66+             4.48          5               0.897                 0.971
# ℹ 2 more variables: tortuosity <dbl>, path_type <chr>

Interpretation:
- Tortuosity = 1.0: Perfectly straight path
- Tortuosity = 1.5: Path is 50% longer than straight line
- Higher values indicate more meandering/fluctuations

Computing directional dispersion...

=== DIRECTIONAL DISPERSION RESULTS ===
# A tibble: 5 × 9
  AgeGroup mean_angle_rad mean_angle_deg     R circular_variance circular_sd
  <chr>             <dbl>          <dbl> <dbl>             <dbl>       <dbl>
1 10-17              1.76          101.  0.567             0.433        61.0
2 18-30              1.62           92.7 0.603             0.397        57.6
3 31-55              1.71           98.1 0.630             0.370        55.1
4 56-65              1.57           90.0 0.600             0.400        57.9
5 66+                1.59           91.3 0.200             0.800       103. 
# ℹ 3 more variables: angle_sd_approx <dbl>, n_transitions <int>,
#   consistency <chr>

Interpretation:
- R (Mean Resultant Length): 0-1 scale
  * R close to 1: All vectors point in nearly same direction (consistent)
  * R close to 0: Vectors point in many different directions (dispersed)
- Circular SD: Angular spread in degrees
  * Low values: Tight angular clustering
  * High values: Wide angular spread


=== COMBINED PATH COMPLEXITY METRICS ===
# A tibble: 5 × 8
  AgeGroup endpoint_displacement path_length tortuosity path_type              R
  <chr>                    <dbl>       <dbl>      <dbl> <chr>              <dbl>
1 10-17                    1.18         1.67       1.41 Moderately winding 0.567
2 18-30                    0.929        1.29       1.39 Moderately winding 0.603
3 31-55                    2.09         2.22       1.06 Nearly straight    0.630
4 56-65                    2.81         4.03       1.43 Moderately winding 0.600
5 66+                      0.971        4.48       4.61 Highly tortuous    0.200
# ℹ 2 more variables: circular_sd <dbl>, consistency <chr>

Creating visualizations...

Generating LaTeX tables...
  ✓ table_path_complexity.tex
  ✓ table_path_complexity_simple.tex
  ✓ table_drift_comparison.tex

✓ Path complexity analysis complete!
  Files created:
  - path_tortuosity.png
  - directional_consistency.png
  - path_complexity_combined.png
  - path_complexity_metrics.csv
  - sequential_vectors_with_angles.csv
  - table_path_complexity.tex
  - table_path_complexity_simple.tex
  - table_drift_comparison.tex

=============================================================
STEP 6 COMPLETE: Path complexity metrics and LaTeX tables
=============================================================


--------------------------------------------------------------
>> steps 2b-6 - scenario: city_10000 (Cities ≥ 10,000) 
--------------------------------------------------------------
Scenario: city_10000 
Input:    data/kernels/city_10000 
Output:   results/city_10000 

Reading inputs from:  data/kernels/city_10000 
Writing outputs to:   results/city_10000 
Indlæser krævet pakke: viridisLite

Vedhæfter pakke: 'scales'

Det følgende objekt er maskeret fra 'package:viridis':

    viridis_pal


Vedhæfter pakke: 'dplyr'

De følgende objekter er maskerede fra 'package:stats':

    filter, lag

De følgende objekter er maskerede fra 'package:base':

    intersect, setdiff, setequal, union


======================================================================
DIAGNOSTIC MODE - CHECKING YOUR DATA
======================================================================

1. BASELINE_KDE structure:
   Rows: 46080 
   Columns: AgeGroup, t, d, density 
# A tibble: 6 × 4
  AgeGroup     t     d   density
  <fct>    <dbl> <dbl>     <dbl>
1 10-17        0 0     6.65e-  2
2 10-17        0 0.632 1.43e-112
3 10-17        0 1.26  1.83e-112
4 10-17        0 1.89  2.22e-112
5 10-17        0 2.53  3.03e-112
6 10-17        0 3.16  4.53e-112

2. Density statistics:
   Min density: 1.238231e-167 
   Max density: 0.06664919 
   Median density: 2.055402e-05 

3. Distance distribution:
# A tibble: 10 × 3
       d     n mean_dens
   <dbl> <int>     <dbl>
 1 0       480  0.0512  
 2 0.632   480  0.00132 
 3 1.26    480  0.00148 
 4 1.89    480  0.00146 
 5 2.53    480  0.00131 
 6 3.16    480  0.00111 
 7 3.79    480  0.000916
 8 4.42    480  0.000756
 9 5.05    480  0.000626
10 5.68    480  0.000522

4. Home vs Away split:
# A tibble: 2 × 4
  location n_cells total_density mean_density
  <chr>      <int>         <dbl>        <dbl>
1 away       45600          7.45     0.000163
2 home         480         24.6      0.0512  

   Added mass column: density * dt * dd

5. Total probability mass by age group:
# A tibble: 5 × 2
  AgeGroup total_mass
  <fct>         <dbl>
1 10-17             1
2 18-30             1
3 31-55             1
4 56-65             1
5 66+               1

6. Home probability calculation:
   Home probability range: [0.271, 1.000] 

   Sample home probabilities for Age 31-55:
# A tibble: 10 × 5
   AgeGroup     t home_mass total_mass prob_home
   <fct>    <dbl>     <dbl>      <dbl>     <dbl>
 1 31-55    0        0.0104     0.0104     1    
 2 31-55    0.253    0.0104     0.0104     1    
 3 31-55    0.505    0.0104     0.0104     1    
 4 31-55    0.758    0.0104     0.0104     1    
 5 31-55    1.01     0.0104     0.0104     1    
 6 31-55    1.26     0.0104     0.0104     1    
 7 31-55    1.52     0.0104     0.0104     1.000
 8 31-55    1.77     0.0104     0.0104     1.000
 9 31-55    2.02     0.0104     0.0104     1.000
10 31-55    2.27     0.0104     0.0104     1.000

7. DIFF_KDE structure:
   Rows: 276480 
   Columns: AgeGroup, year_bin, t, d, diff_density 
# A tibble: 6 × 5
  AgeGroup year_bin      t     d diff_density
  <fct>    <fct>     <dbl> <dbl>        <dbl>
1 10-17    2007–2009     0 0        1.83e-  5
2 10-17    2007–2009     0 0.632   -1.43e-112
3 10-17    2007–2009     0 1.26    -1.83e-112
4 10-17    2007–2009     0 1.89    -2.22e-112
5 10-17    2007–2009     0 2.53    -3.03e-112
6 10-17    2007–2009     0 3.16    -4.53e-112

8. YEARBIN_KDE structure:
   Rows: 276480 
   Columns: AgeGroup, year_bin, t, d, density 
   Periods: 2007–2009, 2010–2012, 2013–2015, 2016–2018, 2019–2021, 2022–2024 

======================================================================
CREATING FIXED VISUALIZATIONS
======================================================================

1. Creating FIXED home probability plot...
   ✓ Saved: kde_home_ACTUALLY_FIXED.png

2. Creating away-time plot with AGGRESSIVE filtering...
   Density quantiles:
     10th: 1.82e-07
     90th: 4.06e-04
     95th: 9.25e-04
     99th: 2.68e-03
   Using color limits: [1.82e-07, 9.25e-04]
   ✓ Saved: kde_away_AGGRESSIVE_FILTER.png

3. Attempting to create difference maps...
   diff_kde columns: AgeGroup, year_bin, t, d, diff_density 
   Found 'diff_density' column
   Difference range: [-8.69e-04, 1.15e-03]
   Using symmetric limits: [-4.59e-05, 4.59e-05]
   ✓ Saved: kde_DIFFERENCE_maps_FIXED.png

4. Creating year-bin comparison...
   Available periods: 2007–2009, 2010–2012, 2013–2015, 2016–2018, 2019–2021, 2022–2024 
   Comparing: 1 vs 6 
   ✓ Saved: kde_YEARBIN_comparison_FIXED.png

======================================================================
COMPLETE!
======================================================================

📁 Check your output directory:
    results/city_10000 

📊 Files created:
  1. kde_home_ACTUALLY_FIXED.png - Should show proper 60-100% curves
  2. kde_away_AGGRESSIVE_FILTER.png - 10th-95th percentile for contrast
  3. kde_DIFFERENCE_maps_FIXED.png - Red/blue difference maps
  4. kde_YEARBIN_comparison_FIXED.png - Early vs late periods

💡 If plots still look wrong, review the diagnostic output above!
======================================================================
Reading inputs from:  data/kernels/city_10000 
Writing outputs to:   results/city_10000 

=== CREATING TRANSPOSED DIFFERENCE MAPS ===
Layout: Age groups as ROWS, year periods as COLUMNS
Rows in diff_kde: 276480 
Rows after away-filter: 273600 
Color limits (5–95%): [-4.59e-05, 4.59e-05]

✓ Saved: kde_DIFFERENCE_by_cohort_SHARP.png
✓ Saved: kde_DIFFERENCE_by_cohort_aggressive_SHARP.png
✓ Saved: kde_DIFFERENCE_by_cohort_PUBLICATION.png

=== TRANSPOSITION COMPLETE ===
Layout now:
  Rows: Age Groups (10-17, 18-30, 31-55, etc.)
  Columns: Year Periods (2007-2009, 2010-2012, etc.)
Each horizontal strip shows one cohort's evolution across time

Advarselsbeskeder:
1: Using ragg device as default. Ignoring `type` and `antialias` arguments 
2: Using ragg device as default. Ignoring `type` and `antialias` arguments 
3: I plot_theme(plot) :
  The `base_size` theme element is not defined in the element hierarchy.
4: Using ragg device as default. Ignoring `type` and `antialias` arguments 
5: I plot_theme(plot) :
  The `base_size` theme element is not defined in the element hierarchy.

=== STEP 3: TEMPORAL ANALYSIS ===

Loading from:  data/kernels/city_10000 
Saving to:     results/city_10000 

  ✓ Loaded files
  Baseline: 480 rows
  Year-bin: 2880 rows

Computing temporal statistics...
  ✓ Baseline statistics ( 5  rows)
# A tibble: 5 × 10
  AgeGroup mean_hour median_hour peak_hour morning_6_12 midday_12_18
  <fct>        <dbl>       <dbl>     <dbl>        <dbl>        <dbl>
1 10-17         13.0        12.4      11.1        0.448        0.427
2 18-30         13.7        13.1      12.1        0.363        0.462
3 31-55         13.0        12.6      11.6        0.422        0.471
4 56-65         13.0        12.6      11.4        0.420        0.466
5 66+           14.1        13.6      11.4        0.318        0.502
# ℹ 4 more variables: evening_18_24 <dbl>, total_away <dbl>, sd_hour <dbl>,
#   Period <chr>

  ✓ Year-bin statistics ( 30  rows)
# A tibble: 10 × 10
   AgeGroup Period    mean_hour median_hour peak_hour morning_6_12 midday_12_18
   <fct>    <fct>         <dbl>       <dbl>     <dbl>        <dbl>        <dbl>
 1 10-17    2007–2009      13.2        12.4      10.9        0.438        0.423
 2 10-17    2010–2012      13.1        12.4      10.9        0.444        0.411
 3 10-17    2013–2015      13.0        12.4      11.4        0.451        0.430
 4 10-17    2016–2018      12.9        12.4      11.6        0.445        0.443
 5 10-17    2019–2021      12.9        12.1      11.6        0.455        0.425
 6 10-17    2022–2024      12.9        12.1      11.9        0.454        0.432
 7 18-30    2007–2009      13.9        13.4      12.1        0.348        0.457
 8 18-30    2010–2012      13.8        13.4      11.9        0.356        0.450
 9 18-30    2013–2015      13.7        13.1      11.9        0.361        0.467
10 18-30    2016–2018      13.7        13.1      12.4        0.359        0.469
# ℹ 3 more variables: evening_18_24 <dbl>, total_away <dbl>, sd_hour <dbl>

Computing shifts from baseline...
  ✓ Shifts computed ( 30  rows)
# A tibble: 10 × 10
   AgeGroup Period shift_mean shift_median shift_peak shift_morning shift_midday
   <fct>    <fct>       <dbl>        <dbl>      <dbl>         <dbl>        <dbl>
 1 10-17    2007–…    0.162          0         -0.253      -0.00934     -0.00445
 2 10-17    2010–…    0.146          0         -0.253      -0.00377     -0.0168 
 3 10-17    2013–…   -0.0492         0          0.253       0.00307      0.00247
 4 10-17    2016–…   -0.0542         0          0.505      -0.00293      0.0155 
 5 10-17    2019–…   -0.0958        -0.253      0.505       0.00782     -0.00267
 6 10-17    2022–…   -0.123         -0.253      0.758       0.00672      0.00487
 7 18-30    2007–…    0.190          0.253      0          -0.0145      -0.00535
 8 18-30    2010–…    0.130          0.253     -0.253      -0.00648     -0.0118 
 9 18-30    2013–…    0.00942        0         -0.253      -0.00241      0.00497
10 18-30    2016–…    0.00428        0          0.253      -0.00380      0.00681
# ℹ 3 more variables: shift_evening <dbl>, shift_total_away <dbl>,
#   shift_sd <dbl>

Creating plots...
  ✓ temporal_profiles_all_ages.png
  ✓ mean_time_shift.png
  ✓ window_shifts.png
  ✓ heatmap_time_shift.png
  ✓ peak_time_shift.png

Saving data tables...
  ✓ temporal_shifts.csv
  ✓ temporal_statistics.csv

======================================================================
STEP 3 COMPLETE!
= = = = = = = = = = = = = = = = = = = = = = = = = = = = = = = = = = = = = = = = = = = = = = = = = = = = = = = = = = = = = = = = = = = = = = 

=== STEP 4 REVISED: ARITHMETIC MEAN BASELINE ===

Loading from:  data/kernels/city_10000 
Saving to:     results/city_10000 

Using HOME_CUTOFF =  0.02  km (must match Step 2)

Loading KDE densities from Step 2...
  ✓ Loaded year-bin KDE ( 276480 rows)

Computing action-space metrics (Eq. 6 and Eq. 7)...

Computing year-bin metrics for all periods...
  Eq. (7) reference: 'base5' over 5 periods, per age group
  ✓ Year-bin metrics ( 30  rows)
# A tibble: 12 × 8
   AgeGroup Period    fraction_away mean_distance mean_distance_active volume
   <fct>    <fct>             <dbl>         <dbl>                <dbl>  <dbl>
 1 10-17    2007–2009         0.277         1.04                  3.76   24.9
 2 10-17    2010–2012         0.267         1.09                  4.05   26.0
 3 10-17    2013–2015         0.273         0.972                 3.63   23.3
 4 10-17    2016–2018         0.288         1.21                  4.28   29.0
 5 10-17    2019–2021         0.249         1.00                  4.12   24.0
 6 10-17    2022–2024         0.264         1.17                  4.60   28.1
 7 18-30    2007–2009         0.301         2.67                  8.94   64.1
 8 18-30    2010–2012         0.285         2.46                  8.73   59.1
 9 18-30    2013–2015         0.287         2.64                  9.24   63.3
10 18-30    2016–2018         0.290         2.68                  9.32   64.3
11 18-30    2019–2021         0.259         2.63                 10.2    63.1
12 18-30    2022–2024         0.265         2.60                  9.92   62.5
# ℹ 2 more variables: dist_p90 <dbl>, var_distance <dbl>

Computing baseline as arithmetic mean across periods...
  ✓ Baseline metrics computed from period averages:
# A tibble: 5 × 8
  AgeGroup fraction_away mean_distance mean_distance_active volume dist_p90
  <fct>            <dbl>         <dbl>                <dbl>  <dbl>    <dbl>
1 10-17           0.270          1.08                  4.07   25.9     8.71
2 18-30           0.281          2.61                  9.40   62.7    10.4 
3 31-55           0.287          3.12                 11.0    74.8    12.5 
4 56-65           0.233          2.51                 10.8    60.2    12.4 
5 66+             0.0924         0.827                 8.97   19.9    14.0 
# ℹ 2 more variables: var_distance <dbl>, Period <chr>

COMPARISON: This baseline is now the arithmetic mean of the six period values,
            NOT the pooled KDE baseline from Step 2.

Computing changes from arithmetic mean baseline...
  ✓ Changes computed ( 30  rows)

Sample of percentage changes:
# A tibble: 30 × 5
   AgeGroup Period    mean_distance_active mean_distance_active_baseline
   <fct>    <fct>                    <dbl>                         <dbl>
 1 10-17    2007–2009                 3.76                          4.07
 2 10-17    2010–2012                 4.05                          4.07
 3 10-17    2013–2015                 3.63                          4.07
 4 10-17    2016–2018                 4.28                          4.07
 5 10-17    2019–2021                 4.12                          4.07
 6 10-17    2022–2024                 4.60                          4.07
 7 18-30    2007–2009                 8.94                          9.40
 8 18-30    2010–2012                 8.73                          9.40
 9 18-30    2013–2015                 9.24                          9.40
10 18-30    2016–2018                 9.32                          9.40
# ℹ 20 more rows
# ℹ 1 more variable: pct_change_distance <dbl>

VALIDATION: Sum of percentage changes by age group (should be ≈ 0):
# A tibble: 5 × 3
  AgeGroup sum_pct_change sum_absolute_change
  <fct>             <dbl>               <dbl>
1 10-17          2.14e-14            8.88e-16
2 18-30         -3.76e-14           -3.55e-15
3 31-55          3.18e-14            3.55e-15
4 56-65         -1.51e-14           -1.78e-15
5 66+            1.89e-14            1.78e-15

Creating updated plots...
  ✓ mean_distance_trend_TRIPWEIGHTED_REVISED.png
  ✓ action_space_trajectory_TRIPWEIGHTED.png
  ✓ mobility_decomposition_TRIPWEIGHTED_REVISED.png
  ✓ distance_change_heatmap_TRIPWEIGHTED_REVISED.png

Creating summary table...

=== Summary: mean distance when away by age group (Eq. 7) ===
# A tibble: 5 × 6
  AgeGroup baseline_dist mean_dist min_dist max_dist range_dist
  <fct>            <dbl>     <dbl>    <dbl>    <dbl>      <dbl>
1 10-17             4.07      4.07     3.63      4.6       0.97
2 18-30             9.4       9.4      8.73     10.2       1.49
3 31-55            11.0      11.0     10.4      11.5       1.08
4 56-65            10.8      10.8     10.1      12.2       2.08
5 66+               8.97      8.97     7.57     10.4       2.81

Saving data tables...
  ✓ action_space_metrics_TRIPWEIGHTED.csv
  ✓ action_space_changes_TRIPWEIGHTED_REVISED.csv

======================================================================
KEY DIFFERENCES FROM ORIGINAL VERSION:
======================================================================

ORIGINAL APPROACH:
  • Baseline = pooled KDE on all 2007-2024 data
  • Dashed lines ≠ arithmetic mean of visible points
  • Heatmap values relative to pooled baseline

REVISED APPROACH:
  • Baseline = arithmetic mean of six period values
  • Dashed lines = arithmetic mean of visible points
  • Heatmap values relative to arithmetic mean
  • Changes now sum to ≈0 for each age group

VISUAL CONSISTENCY:
  • Line plot and heatmap now use SAME baseline definition
  • Dashed lines directly interpretable from data
  • Percentage changes balanced around zero

======================================================================
STEP 4 REVISED COMPLETE - ARITHMETIC MEAN BASELINE
======================================================================

NEW plots created (with _REVISED suffix):
  1. mean_distance_trend_TRIPWEIGHTED_REVISED.png
  2. action_space_trajectory_TRIPWEIGHTED_REVISED.png
  3. mobility_decomposition_TRIPWEIGHTED_REVISED.png
  4. distance_change_heatmap_TRIPWEIGHTED_REVISED.png

NEW data tables (with _REVISED suffix):
  • action_space_metrics_TRIPWEIGHTED.csv
  • action_space_changes_TRIPWEIGHTED.csv

NEXT STEPS:
  1. Compare _REVISED.png files with originals
  2. Verify that heatmap values now make sense
  3. Check that dashed lines in trend plot equal arithmetic mean
  4. Update manuscript captions accordingly

All outputs saved to:  results/city_10000 

======================================================================

=== Creating drift vector visualization with COMBINED BASELINE ===

Kernel inputs from:  data/kernels/city_10000 
Step outputs to:      results/city_10000 


=== LOADING STEP 4 RESULTS ===
âœ“ Loaded Step 4 results
Available periods:  Baseline (2007-2009), 2007-2009, 2010-2012, 2013-2015, 2016-2018, 2019-2021, 2022-2024 

     Period end_year
1 2007-2009     2009
2 2010-2012     2012
3 2013-2015     2015
4 2016-2018     2018
5 2019-2021     2021
6 2022-2024     2024
Baseline period: Baseline (2007-2009)
Year-bin periods (ordered):  2007-2009, 2010-2012, 2013-2015, 2016-2018, 2019-2021, 2022-2024 


=== DRIFT VECTOR CALCULATIONS ===
# A tibble: 5 × 11
  AgeGroup x_start y_start  x_end y_end       dx    dy magnitude angle
  <chr>      <dbl>   <dbl>  <dbl> <dbl>    <dbl> <dbl>     <dbl> <dbl>
1 10-17     0.270     4.07 0.264   4.60 -0.00553 0.527     0.527  90.6
2 18-30     0.281     9.40 0.265   9.92 -0.0162  0.520     0.520  91.8
3 31-55     0.287    11.0  0.271  11.5  -0.0157  0.479     0.479  91.9
4 56-65     0.233    10.8  0.245  12.2   0.0117  1.38      1.38   89.5
5 66+       0.0924    8.97 0.0977  9.14  0.00534 0.169     0.170  88.2
# ℹ 2 more variables: pct_change_distance <dbl>, pct_change_time <dbl>

=== CALCULATING TRAJECTORY-AVERAGED DRIFT VECTORS ===

All periods (ordered): 2007-2009 -> 2010-2012 -> 2013-2015 -> 2016-2018 -> 2019-2021 -> 2022-2024 

Computing vector: 2007-2009 -> 2010-2012
Computing vector: 2010-2012 -> 2013-2015
Computing vector: 2013-2015 -> 2016-2018
Computing vector: 2016-2018 -> 2019-2021
Computing vector: 2019-2021 -> 2022-2024

Trajectory-averaged drift vectors:
# A tibble: 5 × 6
  AgeGroup    dx_avg dy_avg magnitude angle n_transitions
  <chr>        <dbl>  <dbl>     <dbl> <dbl>         <int>
1 10-17    -0.00254   0.168     0.168  90.9             5
2 18-30    -0.00725   0.196     0.196  92.1             5
3 31-55    -0.00477   0.215     0.215  91.3             5
4 56-65     0.00486   0.416     0.416  89.3             5
5 66+       0.000760  0.313     0.313  89.9             5

Creating trajectory-averaged drift visualization...
✓ Trajectory-averaged drift plot saved

=== COMPARISON: Endpoint vs Trajectory-Averaged Drift ===

# A tibble: 5 × 15
  AgeGroup dx_endpoint dy_endpoint mag_endpoint angle_endpoint dx_trajectory
  <chr>          <dbl>       <dbl>        <dbl>          <dbl>         <dbl>
1 10-17       -0.00553       0.527        0.527           90.6     -0.00254 
2 18-30       -0.0162        0.520        0.520           91.8     -0.00725 
3 31-55       -0.0157        0.479        0.479           91.9     -0.00477 
4 56-65        0.0117        1.38         1.38            89.5      0.00486 
5 66+          0.00534       0.169        0.170           88.2      0.000760
# ℹ 9 more variables: dy_trajectory <dbl>, mag_trajectory <dbl>,
#   angle_trajectory <dbl>, dx_diff <dbl>, dy_diff <dbl>, mag_diff <dbl>,
#   angle_diff <dbl>, dx_pct_diff <dbl>, dy_pct_diff <dbl>

Key differences:
  10-17:
    - Time direction: +54.2% difference
    - Distance direction: -68.0% difference
    - Magnitude: 0.527 (endpoint) vs 0.168 (trajectory-avg), diff = -0.358
  18-30:
    - Time direction: +55.2% difference
    - Distance direction: -62.3% difference
    - Magnitude: 0.520 (endpoint) vs 0.196 (trajectory-avg), diff = -0.324
  31-55:
    - Time direction: +69.6% difference
    - Distance direction: -55.1% difference
    - Magnitude: 0.479 (endpoint) vs 0.215 (trajectory-avg), diff = -0.264
  56-65:
    - Time direction: -58.6% difference
    - Distance direction: -69.9% difference
    - Magnitude: 1.381 (endpoint) vs 0.416 (trajectory-avg), diff = -0.965
  66+:
    - Time direction: -85.8% difference
    - Distance direction: +84.6% difference
    - Magnitude: 0.170 (endpoint) vs 0.313 (trajectory-avg), diff = +0.143

✓ Comparison data saved

=== DRIFT INTERPRETATIONS ===

# A tibble: 5 × 5
  AgeGroup distance_interpretation   time_interpretation overall_trend magnitude
  <chr>    <chr>                     <chr>               <chr>             <dbl>
1 10-17    EXPANDING: +0.53 km (+12… -2.1% less time aw… Traveling fu…     0.527
2 18-30    STABLE: 0.52 km (+5.5%)   -5.8% less time aw… Relatively s…     0.520
3 31-55    STABLE: 0.48 km (+4.3%)   -5.5% less time aw… Relatively s…     0.479
4 56-65    EXPANDING: +1.38 km (+12… +5% more time away  Expanding bo…     1.38 
5 66+      STABLE: 0.17 km (+1.9%)   +5.8% more time aw… Relatively s…     0.170

=== SUMMARY STATISTICS ===

Overall trends from baseline (2007-2009) to 2022-2024 :
- Average distance change: 0.62 km
- Average % distance change: 7.5 %
- Average time away change: -0.5 %
- Groups expanding (>10%): 2 
- Groups contracting (<-10%): 0 
- Groups stable (Â±10%): 3 


=== SAVING OUTPUTS ===

âœ“ All drift analysis outputs saved!
  Files created:
  - drift_vectors_COMBINED_BASELINE.png (main visualization)
  - drift_vectors_MINIMAL_COMBINED.png (minimal version)
  - drift_vectors_TRAJECTORY_AVERAGED.png (trajectory-averaged)
  - mobility_trajectories_FULL.png (full time series)
  - drift_interpretation_COMBINED_BASELINE.csv (interpretation)
  - drift_vectors_data_COMBINED_BASELINE.csv (raw data)
  - drift_comparison_endpoint_vs_trajectory.csv (comparison)

=============================================================
STEP 5 COMPLETE: Drift vector analysis with combined baseline
                 including trajectory-averaged drift option
=============================================================


=== STEP 6: COMPUTING PATH COMPLEXITY METRICS ===


=== STEP 6: LOADING STEP 5 OBJECTS ===
Computing tortuosity metrics...

=== TORTUOSITY RESULTS ===
# A tibble: 5 × 7
  AgeGroup path_length n_segments mean_segment_length endpoint_displacement
  <chr>          <dbl>      <int>               <dbl>                 <dbl>
1 10-17           2.01          5               0.402                 0.842
2 18-30           2.01          5               0.402                 0.980
3 31-55           1.25          5               0.250                 1.08 
4 56-65           2.08          5               0.416                 2.08 
5 66+             4.82          5               0.963                 1.56 
# ℹ 2 more variables: tortuosity <dbl>, path_type <chr>

Interpretation:
- Tortuosity = 1.0: Perfectly straight path
- Tortuosity = 1.5: Path is 50% longer than straight line
- Higher values indicate more meandering/fluctuations

Computing directional dispersion...

=== DIRECTIONAL DISPERSION RESULTS ===
# A tibble: 5 × 9
  AgeGroup mean_angle_rad mean_angle_deg     R circular_variance circular_sd
  <chr>             <dbl>          <dbl> <dbl>             <dbl>       <dbl>
1 10-17              1.76          101.  0.209          0.791         101.  
2 18-30              1.63           93.2 0.201          0.799         103.  
3 31-55              1.58           90.3 0.603          0.397          57.6 
4 56-65              1.57           89.9 0.999          0.000683        2.12
5 66+                1.57           90.2 0.200          0.800         103.  
# ℹ 3 more variables: angle_sd_approx <dbl>, n_transitions <int>,
#   consistency <chr>

Interpretation:
- R (Mean Resultant Length): 0-1 scale
  * R close to 1: All vectors point in nearly same direction (consistent)
  * R close to 0: Vectors point in many different directions (dispersed)
- Circular SD: Angular spread in degrees
  * Low values: Tight angular clustering
  * High values: Wide angular spread


=== COMBINED PATH COMPLEXITY METRICS ===
# A tibble: 5 × 8
  AgeGroup endpoint_displacement path_length tortuosity path_type            R
  <chr>                    <dbl>       <dbl>      <dbl> <chr>            <dbl>
1 10-17                    0.842        2.01       2.39 Highly tortuous  0.209
2 18-30                    0.980        2.01       2.05 Highly tortuous  0.201
3 31-55                    1.08         1.25       1.16 Slightly winding 0.603
4 56-65                    2.08         2.08       1.00 Nearly straight  0.999
5 66+                      1.56         4.82       3.08 Highly tortuous  0.200
# ℹ 2 more variables: circular_sd <dbl>, consistency <chr>

Creating visualizations...

Generating LaTeX tables...
  ✓ table_path_complexity.tex
  ✓ table_path_complexity_simple.tex
  ✓ table_drift_comparison.tex

✓ Path complexity analysis complete!
  Files created:
  - path_tortuosity.png
  - directional_consistency.png
  - path_complexity_combined.png
  - path_complexity_metrics.csv
  - sequential_vectors_with_angles.csv
  - table_path_complexity.tex
  - table_path_complexity_simple.tex
  - table_drift_comparison.tex

=============================================================
STEP 6 COMPLETE: Path complexity metrics and LaTeX tables
=============================================================


--------------------------------------------------------------
>> steps 2b-6 - scenario: city_25000 (Cities ≥ 25,000) 
--------------------------------------------------------------
Scenario: city_25000 
Input:    data/kernels/city_25000 
Output:   results/city_25000 

Reading inputs from:  data/kernels/city_25000 
Writing outputs to:   results/city_25000 
Indlæser krævet pakke: viridisLite

Vedhæfter pakke: 'scales'

Det følgende objekt er maskeret fra 'package:viridis':

    viridis_pal


Vedhæfter pakke: 'dplyr'

De følgende objekter er maskerede fra 'package:stats':

    filter, lag

De følgende objekter er maskerede fra 'package:base':

    intersect, setdiff, setequal, union


======================================================================
DIAGNOSTIC MODE - CHECKING YOUR DATA
======================================================================

1. BASELINE_KDE structure:
   Rows: 46080 
   Columns: AgeGroup, t, d, density 
# A tibble: 6 × 4
  AgeGroup     t     d   density
  <fct>    <dbl> <dbl>     <dbl>
1 10-17        0 0     6.65e-  2
2 10-17        0 0.632 1.81e-112
3 10-17        0 1.26  2.31e-112
4 10-17        0 1.89  2.81e-112
5 10-17        0 2.53  3.83e-112
6 10-17        0 3.16  5.73e-112

2. Density statistics:
   Min density: 1.201725e-209 
   Max density: 0.06665082 
   Median density: 1.839978e-05 

3. Distance distribution:
# A tibble: 10 × 3
       d     n mean_dens
   <dbl> <int>     <dbl>
 1 0       480  0.0511  
 2 0.632   480  0.00130 
 3 1.26    480  0.00147 
 4 1.89    480  0.00147 
 5 2.53    480  0.00134 
 6 3.16    480  0.00116 
 7 3.79    480  0.000982
 8 4.42    480  0.000824
 9 5.05    480  0.000688
10 5.68    480  0.000574

4. Home vs Away split:
# A tibble: 2 × 4
  location n_cells total_density mean_density
  <chr>      <int>         <dbl>        <dbl>
1 away       45600          7.46     0.000164
2 home         480         24.5      0.0511  

   Added mass column: density * dt * dd

5. Total probability mass by age group:
# A tibble: 5 × 2
  AgeGroup total_mass
  <fct>         <dbl>
1 10-17             1
2 18-30             1
3 31-55             1
4 56-65             1
5 66+               1

6. Home probability calculation:
   Home probability range: [0.272, 1.000] 

   Sample home probabilities for Age 31-55:
# A tibble: 10 × 5
   AgeGroup     t home_mass total_mass prob_home
   <fct>    <dbl>     <dbl>      <dbl>     <dbl>
 1 31-55    0        0.0104     0.0104     1    
 2 31-55    0.253    0.0104     0.0104     1    
 3 31-55    0.505    0.0104     0.0104     1    
 4 31-55    0.758    0.0104     0.0104     1    
 5 31-55    1.01     0.0104     0.0104     1    
 6 31-55    1.26     0.0104     0.0104     1    
 7 31-55    1.52     0.0104     0.0104     1.000
 8 31-55    1.77     0.0104     0.0104     1.000
 9 31-55    2.02     0.0104     0.0104     1.000
10 31-55    2.27     0.0104     0.0104     1.000

7. DIFF_KDE structure:
   Rows: 276480 
   Columns: AgeGroup, year_bin, t, d, diff_density 
# A tibble: 6 × 5
  AgeGroup year_bin      t     d diff_density
  <fct>    <fct>     <dbl> <dbl>        <dbl>
1 10-17    2007–2009     0 0        1.63e-  5
2 10-17    2007–2009     0 0.632   -1.81e-112
3 10-17    2007–2009     0 1.26    -2.31e-112
4 10-17    2007–2009     0 1.89    -2.81e-112
5 10-17    2007–2009     0 2.53    -3.83e-112
6 10-17    2007–2009     0 3.16    -5.73e-112

8. YEARBIN_KDE structure:
   Rows: 276480 
   Columns: AgeGroup, year_bin, t, d, density 
   Periods: 2007–2009, 2010–2012, 2013–2015, 2016–2018, 2019–2021, 2022–2024 

======================================================================
CREATING FIXED VISUALIZATIONS
======================================================================

1. Creating FIXED home probability plot...
   ✓ Saved: kde_home_ACTUALLY_FIXED.png

2. Creating away-time plot with AGGRESSIVE filtering...
   Density quantiles:
     10th: 2.10e-07
     90th: 4.10e-04
     95th: 9.88e-04
     99th: 2.76e-03
   Using color limits: [2.10e-07, 9.88e-04]
   ✓ Saved: kde_away_AGGRESSIVE_FILTER.png

3. Attempting to create difference maps...
   diff_kde columns: AgeGroup, year_bin, t, d, diff_density 
   Found 'diff_density' column
   Difference range: [-8.01e-04, 1.07e-03]
   Using symmetric limits: [-4.78e-05, 4.78e-05]
   ✓ Saved: kde_DIFFERENCE_maps_FIXED.png

4. Creating year-bin comparison...
   Available periods: 2007–2009, 2010–2012, 2013–2015, 2016–2018, 2019–2021, 2022–2024 
   Comparing: 1 vs 6 
   ✓ Saved: kde_YEARBIN_comparison_FIXED.png

======================================================================
COMPLETE!
======================================================================

📁 Check your output directory:
    results/city_25000 

📊 Files created:
  1. kde_home_ACTUALLY_FIXED.png - Should show proper 60-100% curves
  2. kde_away_AGGRESSIVE_FILTER.png - 10th-95th percentile for contrast
  3. kde_DIFFERENCE_maps_FIXED.png - Red/blue difference maps
  4. kde_YEARBIN_comparison_FIXED.png - Early vs late periods

💡 If plots still look wrong, review the diagnostic output above!
======================================================================
Reading inputs from:  data/kernels/city_25000 
Writing outputs to:   results/city_25000 

=== CREATING TRANSPOSED DIFFERENCE MAPS ===
Layout: Age groups as ROWS, year periods as COLUMNS
Rows in diff_kde: 276480 
Rows after away-filter: 273600 
Color limits (5–95%): [-4.78e-05, 4.78e-05]

✓ Saved: kde_DIFFERENCE_by_cohort_SHARP.png
✓ Saved: kde_DIFFERENCE_by_cohort_aggressive_SHARP.png
✓ Saved: kde_DIFFERENCE_by_cohort_PUBLICATION.png

=== TRANSPOSITION COMPLETE ===
Layout now:
  Rows: Age Groups (10-17, 18-30, 31-55, etc.)
  Columns: Year Periods (2007-2009, 2010-2012, etc.)
Each horizontal strip shows one cohort's evolution across time

Advarselsbeskeder:
1: Using ragg device as default. Ignoring `type` and `antialias` arguments 
2: Using ragg device as default. Ignoring `type` and `antialias` arguments 
3: I plot_theme(plot) :
  The `base_size` theme element is not defined in the element hierarchy.
4: Using ragg device as default. Ignoring `type` and `antialias` arguments 
5: I plot_theme(plot) :
  The `base_size` theme element is not defined in the element hierarchy.

=== STEP 3: TEMPORAL ANALYSIS ===

Loading from:  data/kernels/city_25000 
Saving to:     results/city_25000 

  ✓ Loaded files
  Baseline: 480 rows
  Year-bin: 2880 rows

Computing temporal statistics...
  ✓ Baseline statistics ( 5  rows)
# A tibble: 5 × 10
  AgeGroup mean_hour median_hour peak_hour morning_6_12 midday_12_18
  <fct>        <dbl>       <dbl>     <dbl>        <dbl>        <dbl>
1 10-17         13.0        12.4      11.1        0.445        0.431
2 18-30         13.7        13.1      12.1        0.359        0.465
3 31-55         13.0        12.6      11.6        0.417        0.474
4 56-65         13.1        12.6      11.4        0.416        0.469
5 66+           14.1        13.6      11.4        0.316        0.503
# ℹ 4 more variables: evening_18_24 <dbl>, total_away <dbl>, sd_hour <dbl>,
#   Period <chr>

  ✓ Year-bin statistics ( 30  rows)
# A tibble: 10 × 10
   AgeGroup Period    mean_hour median_hour peak_hour morning_6_12 midday_12_18
   <fct>    <fct>         <dbl>       <dbl>     <dbl>        <dbl>        <dbl>
 1 10-17    2007–2009      13.2        12.4      10.9        0.431        0.428
 2 10-17    2010–2012      13.2        12.4      10.9        0.441        0.413
 3 10-17    2013–2015      13.0        12.4      11.4        0.445        0.431
 4 10-17    2016–2018      12.9        12.4      11.6        0.447        0.446
 5 10-17    2019–2021      12.9        12.1      11.6        0.459        0.426
 6 10-17    2022–2024      12.9        12.4      12.1        0.449        0.439
 7 18-30    2007–2009      13.9        13.4      12.1        0.344        0.460
 8 18-30    2010–2012      13.9        13.4      11.9        0.349        0.453
 9 18-30    2013–2015      13.7        13.1      11.9        0.358        0.471
10 18-30    2016–2018      13.7        13.1      12.6        0.356        0.473
# ℹ 3 more variables: evening_18_24 <dbl>, total_away <dbl>, sd_hour <dbl>

Computing shifts from baseline...
  ✓ Shifts computed ( 30  rows)
# A tibble: 10 × 10
   AgeGroup Period shift_mean shift_median shift_peak shift_morning shift_midday
   <fct>    <fct>       <dbl>        <dbl>      <dbl>         <dbl>        <dbl>
 1 10-17    2007–…    0.209          0         -0.253     -0.0141      -0.00266 
 2 10-17    2010–…    0.154          0         -0.253     -0.00387     -0.0175  
 3 10-17    2013–…   -0.0154         0          0.253      0.000611    -0.000108
 4 10-17    2016–…   -0.100          0          0.505      0.00184      0.0151  
 5 10-17    2019–…   -0.159         -0.253      0.505      0.0140      -0.00463 
 6 10-17    2022–…   -0.111          0          1.01       0.00397      0.00806 
 7 18-30    2007–…    0.197          0.253      0         -0.0153      -0.00573 
 8 18-30    2010–…    0.179          0.253     -0.253     -0.0102      -0.0122  
 9 18-30    2013–…   -0.0141         0         -0.253     -0.000786     0.00544 
10 18-30    2016–…   -0.00746        0          0.505     -0.00312      0.00722 
# ℹ 3 more variables: shift_evening <dbl>, shift_total_away <dbl>,
#   shift_sd <dbl>

Creating plots...
  ✓ temporal_profiles_all_ages.png
  ✓ mean_time_shift.png
  ✓ window_shifts.png
  ✓ heatmap_time_shift.png
  ✓ peak_time_shift.png

Saving data tables...
  ✓ temporal_shifts.csv
  ✓ temporal_statistics.csv

======================================================================
STEP 3 COMPLETE!
= = = = = = = = = = = = = = = = = = = = = = = = = = = = = = = = = = = = = = = = = = = = = = = = = = = = = = = = = = = = = = = = = = = = = = 

=== STEP 4 REVISED: ARITHMETIC MEAN BASELINE ===

Loading from:  data/kernels/city_25000 
Saving to:     results/city_25000 

Using HOME_CUTOFF =  0.02  km (must match Step 2)

Loading KDE densities from Step 2...
  ✓ Loaded year-bin KDE ( 276480 rows)

Computing action-space metrics (Eq. 6 and Eq. 7)...

Computing year-bin metrics for all periods...
  Eq. (7) reference: 'base5' over 5 periods, per age group
  ✓ Year-bin metrics ( 30  rows)
# A tibble: 12 × 8
   AgeGroup Period    fraction_away mean_distance mean_distance_active volume
   <fct>    <fct>             <dbl>         <dbl>                <dbl>  <dbl>
 1 10-17    2007–2009         0.282         1.03                  3.65   24.6
 2 10-17    2010–2012         0.269         0.992                 3.67   23.8
 3 10-17    2013–2015         0.273         0.979                 3.63   23.5
 4 10-17    2016–2018         0.289         1.09                  3.88   26.2
 5 10-17    2019–2021         0.247         0.901                 3.77   21.6
 6 10-17    2022–2024         0.265         1.11                  4.33   26.6
 7 18-30    2007–2009         0.303         2.50                  8.34   60.1
 8 18-30    2010–2012         0.287         2.34                  8.26   56.2
 9 18-30    2013–2015         0.289         2.47                  8.59   59.2
10 18-30    2016–2018         0.291         2.56                  8.85   61.3
11 18-30    2019–2021         0.257         2.42                  9.51   58.2
12 18-30    2022–2024         0.264         2.36                  9.02   56.7
# ℹ 2 more variables: dist_p90 <dbl>, var_distance <dbl>

Computing baseline as arithmetic mean across periods...
  ✓ Baseline metrics computed from period averages:
# A tibble: 5 × 8
  AgeGroup fraction_away mean_distance mean_distance_active volume dist_p90
  <fct>            <dbl>         <dbl>                <dbl>  <dbl>    <dbl>
1 10-17           0.271          1.02                  3.82   24.4     8.05
2 18-30           0.282          2.44                  8.76   58.6    10.0 
3 31-55           0.286          2.88                 10.2    69.2    11.6 
4 56-65           0.233          2.42                 10.4    58.1    12.4 
5 66+             0.0936         0.809                 8.67   19.4    12.0 
# ℹ 2 more variables: var_distance <dbl>, Period <chr>

COMPARISON: This baseline is now the arithmetic mean of the six period values,
            NOT the pooled KDE baseline from Step 2.

Computing changes from arithmetic mean baseline...
  ✓ Changes computed ( 30  rows)

Sample of percentage changes:
# A tibble: 30 × 5
   AgeGroup Period    mean_distance_active mean_distance_active_baseline
   <fct>    <fct>                    <dbl>                         <dbl>
 1 10-17    2007–2009                 3.65                          3.82
 2 10-17    2010–2012                 3.67                          3.82
 3 10-17    2013–2015                 3.63                          3.82
 4 10-17    2016–2018                 3.88                          3.82
 5 10-17    2019–2021                 3.77                          3.82
 6 10-17    2022–2024                 4.33                          3.82
 7 18-30    2007–2009                 8.34                          8.76
 8 18-30    2010–2012                 8.26                          8.76
 9 18-30    2013–2015                 8.59                          8.76
10 18-30    2016–2018                 8.85                          8.76
# ℹ 20 more rows
# ℹ 1 more variable: pct_change_distance <dbl>

VALIDATION: Sum of percentage changes by age group (should be ≈ 0):
# A tibble: 5 × 3
  AgeGroup sum_pct_change sum_absolute_change
  <fct>             <dbl>               <dbl>
1 10-17         -3.71e-14           -1.33e-15
2 18-30          6.04e-14            5.33e-15
3 31-55          1.72e-14            1.78e-15
4 56-65          2.00e-14            1.78e-15
5 66+            5.55e-16            0       

Creating updated plots...
  ✓ mean_distance_trend_TRIPWEIGHTED_REVISED.png
  ✓ action_space_trajectory_TRIPWEIGHTED.png
  ✓ mobility_decomposition_TRIPWEIGHTED_REVISED.png
  ✓ distance_change_heatmap_TRIPWEIGHTED_REVISED.png

Creating summary table...

=== Summary: mean distance when away by age group (Eq. 7) ===
# A tibble: 5 × 6
  AgeGroup baseline_dist mean_dist min_dist max_dist range_dist
  <fct>            <dbl>     <dbl>    <dbl>    <dbl>      <dbl>
1 10-17             3.82      3.82     3.63     4.33       0.7 
2 18-30             8.76      8.76     8.26     9.51       1.26
3 31-55            10.2      10.2      9.64    10.7        1.04
4 56-65            10.4      10.4      9.44    12.1        2.66
5 66+               8.67      8.67     7.45    10.3        2.85

Saving data tables...
  ✓ action_space_metrics_TRIPWEIGHTED.csv
  ✓ action_space_changes_TRIPWEIGHTED_REVISED.csv

======================================================================
KEY DIFFERENCES FROM ORIGINAL VERSION:
======================================================================

ORIGINAL APPROACH:
  • Baseline = pooled KDE on all 2007-2024 data
  • Dashed lines ≠ arithmetic mean of visible points
  • Heatmap values relative to pooled baseline

REVISED APPROACH:
  • Baseline = arithmetic mean of six period values
  • Dashed lines = arithmetic mean of visible points
  • Heatmap values relative to arithmetic mean
  • Changes now sum to ≈0 for each age group

VISUAL CONSISTENCY:
  • Line plot and heatmap now use SAME baseline definition
  • Dashed lines directly interpretable from data
  • Percentage changes balanced around zero

======================================================================
STEP 4 REVISED COMPLETE - ARITHMETIC MEAN BASELINE
======================================================================

NEW plots created (with _REVISED suffix):
  1. mean_distance_trend_TRIPWEIGHTED_REVISED.png
  2. action_space_trajectory_TRIPWEIGHTED_REVISED.png
  3. mobility_decomposition_TRIPWEIGHTED_REVISED.png
  4. distance_change_heatmap_TRIPWEIGHTED_REVISED.png

NEW data tables (with _REVISED suffix):
  • action_space_metrics_TRIPWEIGHTED.csv
  • action_space_changes_TRIPWEIGHTED.csv

NEXT STEPS:
  1. Compare _REVISED.png files with originals
  2. Verify that heatmap values now make sense
  3. Check that dashed lines in trend plot equal arithmetic mean
  4. Update manuscript captions accordingly

All outputs saved to:  results/city_25000 

======================================================================

=== Creating drift vector visualization with COMBINED BASELINE ===

Kernel inputs from:  data/kernels/city_25000 
Step outputs to:      results/city_25000 


=== LOADING STEP 4 RESULTS ===
âœ“ Loaded Step 4 results
Available periods:  Baseline (2007-2009), 2007-2009, 2010-2012, 2013-2015, 2016-2018, 2019-2021, 2022-2024 

     Period end_year
1 2007-2009     2009
2 2010-2012     2012
3 2013-2015     2015
4 2016-2018     2018
5 2019-2021     2021
6 2022-2024     2024
Baseline period: Baseline (2007-2009)
Year-bin periods (ordered):  2007-2009, 2010-2012, 2013-2015, 2016-2018, 2019-2021, 2022-2024 


=== DRIFT VECTOR CALCULATIONS ===
# A tibble: 5 × 11
  AgeGroup x_start y_start x_end y_end       dx      dy magnitude angle
  <chr>      <dbl>   <dbl> <dbl> <dbl>    <dbl>   <dbl>     <dbl> <dbl>
1 10-17     0.271     3.82 0.265  4.33 -0.00588  0.510     0.510   90.7
2 18-30     0.282     8.76 0.264  9.02 -0.0178   0.259     0.260   93.9
3 31-55     0.286    10.2  0.271 10.7  -0.0151   0.487     0.487   91.8
4 56-65     0.233    10.4  0.244 12.1   0.0107   1.67      1.67    89.6
5 66+       0.0936    8.67 0.101  8.60  0.00746 -0.0663    0.0667 -83.6
# ℹ 2 more variables: pct_change_distance <dbl>, pct_change_time <dbl>

=== CALCULATING TRAJECTORY-AVERAGED DRIFT VECTORS ===

All periods (ordered): 2007-2009 -> 2010-2012 -> 2013-2015 -> 2016-2018 -> 2019-2021 -> 2022-2024 

Computing vector: 2007-2009 -> 2010-2012
Computing vector: 2010-2012 -> 2013-2015
Computing vector: 2013-2015 -> 2016-2018
Computing vector: 2016-2018 -> 2019-2021
Computing vector: 2019-2021 -> 2022-2024

Trajectory-averaged drift vectors:
# A tibble: 5 × 6
  AgeGroup   dx_avg dy_avg magnitude angle n_transitions
  <chr>       <dbl>  <dbl>     <dbl> <dbl>         <int>
1 10-17    -0.00341  0.136     0.136  91.4             5
2 18-30    -0.00778  0.136     0.137  93.3             5
3 31-55    -0.00495  0.209     0.209  91.4             5
4 56-65     0.00482  0.531     0.531  89.5             5
5 66+       0.00134  0.231     0.231  89.7             5

Creating trajectory-averaged drift visualization...
✓ Trajectory-averaged drift plot saved

=== COMPARISON: Endpoint vs Trajectory-Averaged Drift ===

# A tibble: 5 × 15
  AgeGroup dx_endpoint dy_endpoint mag_endpoint angle_endpoint dx_trajectory
  <chr>          <dbl>       <dbl>        <dbl>          <dbl>         <dbl>
1 10-17       -0.00588      0.510        0.510            90.7      -0.00341
2 18-30       -0.0178       0.259        0.260            93.9      -0.00778
3 31-55       -0.0151       0.487        0.487            91.8      -0.00495
4 56-65        0.0107       1.67         1.67             89.6       0.00482
5 66+          0.00746     -0.0663       0.0667          -83.6       0.00134
# ℹ 9 more variables: dy_trajectory <dbl>, mag_trajectory <dbl>,
#   angle_trajectory <dbl>, dx_diff <dbl>, dy_diff <dbl>, mag_diff <dbl>,
#   angle_diff <dbl>, dx_pct_diff <dbl>, dy_pct_diff <dbl>

Key differences:
  10-17:
    - Time direction: +42.0% difference
    - Distance direction: -73.3% difference
    - Magnitude: 0.510 (endpoint) vs 0.136 (trajectory-avg), diff = -0.374
  18-30:
    - Time direction: +56.4% difference
    - Distance direction: -47.4% difference
    - Magnitude: 0.260 (endpoint) vs 0.137 (trajectory-avg), diff = -0.123
  31-55:
    - Time direction: +67.3% difference
    - Distance direction: -57.1% difference
    - Magnitude: 0.487 (endpoint) vs 0.209 (trajectory-avg), diff = -0.278
  56-65:
    - Time direction: -54.8% difference
    - Distance direction: -68.1% difference
    - Magnitude: 1.667 (endpoint) vs 0.531 (trajectory-avg), diff = -1.135
  66+:
    - Time direction: -82.1% difference
    - Distance direction: +448.6% difference
    - Magnitude: 0.067 (endpoint) vs 0.231 (trajectory-avg), diff = +0.164

✓ Comparison data saved

=== DRIFT INTERPRETATIONS ===

# A tibble: 5 × 5
  AgeGroup distance_interpretation   time_interpretation overall_trend magnitude
  <chr>    <chr>                     <chr>               <chr>             <dbl>
1 10-17    EXPANDING: +0.51 km (+13… -2.2% less time aw… Traveling fu…    0.510 
2 18-30    STABLE: 0.26 km (+3%)     -6.3% less time aw… Relatively s…    0.260 
3 31-55    STABLE: 0.49 km (+4.8%)   -5.3% less time aw… Relatively s…    0.487 
4 56-65    EXPANDING: +1.67 km (+16… +4.6% more time aw… Expanding bo…    1.67  
5 66+      STABLE: -0.07 km (-0.8%)  +8% more time away  Relatively s…    0.0667

=== SUMMARY STATISTICS ===

Overall trends from baseline (2007-2009) to 2022-2024 :
- Average distance change: 0.57 km
- Average % distance change: 7.3 %
- Average time away change: -0.3 %
- Groups expanding (>10%): 2 
- Groups contracting (<-10%): 0 
- Groups stable (Â±10%): 3 


=== SAVING OUTPUTS ===

âœ“ All drift analysis outputs saved!
  Files created:
  - drift_vectors_COMBINED_BASELINE.png (main visualization)
  - drift_vectors_MINIMAL_COMBINED.png (minimal version)
  - drift_vectors_TRAJECTORY_AVERAGED.png (trajectory-averaged)
  - mobility_trajectories_FULL.png (full time series)
  - drift_interpretation_COMBINED_BASELINE.csv (interpretation)
  - drift_vectors_data_COMBINED_BASELINE.csv (raw data)
  - drift_comparison_endpoint_vs_trajectory.csv (comparison)

=============================================================
STEP 5 COMPLETE: Drift vector analysis with combined baseline
                 including trajectory-averaged drift option
=============================================================


=== STEP 6: COMPUTING PATH COMPLEXITY METRICS ===


=== STEP 6: LOADING STEP 5 OBJECTS ===
Computing tortuosity metrics...

=== TORTUOSITY RESULTS ===
# A tibble: 5 × 7
  AgeGroup path_length n_segments mean_segment_length endpoint_displacement
  <chr>          <dbl>      <int>               <dbl>                 <dbl>
1 10-17          0.982          5               0.196                 0.680
2 18-30          1.83           5               0.366                 0.683
3 31-55          1.15           5               0.230                 1.04 
4 56-65          2.85           5               0.569                 2.66 
5 66+            4.67           5               0.934                 1.16 
# ℹ 2 more variables: tortuosity <dbl>, path_type <chr>

Interpretation:
- Tortuosity = 1.0: Perfectly straight path
- Tortuosity = 1.5: Path is 50% longer than straight line
- Higher values indicate more meandering/fluctuations

Computing directional dispersion...

=== DIRECTIONAL DISPERSION RESULTS ===
# A tibble: 5 × 9
  AgeGroup mean_angle_rad mean_angle_deg     R circular_variance circular_sd
  <chr>             <dbl>          <dbl> <dbl>             <dbl>       <dbl>
1 10-17              2.36          135.  0.227             0.773        98.6
2 18-30              1.78          102.  0.208             0.792       102. 
3 31-55              1.57           89.8 0.599             0.401        58.0
4 56-65              1.43           81.8 0.617             0.383        56.3
5 66+                1.54           88.0 0.200             0.800       103. 
# ℹ 3 more variables: angle_sd_approx <dbl>, n_transitions <int>,
#   consistency <chr>

Interpretation:
- R (Mean Resultant Length): 0-1 scale
  * R close to 1: All vectors point in nearly same direction (consistent)
  * R close to 0: Vectors point in many different directions (dispersed)
- Circular SD: Angular spread in degrees
  * Low values: Tight angular clustering
  * High values: Wide angular spread


=== COMBINED PATH COMPLEXITY METRICS ===
# A tibble: 5 × 8
  AgeGroup endpoint_displacement path_length tortuosity path_type              R
  <chr>                    <dbl>       <dbl>      <dbl> <chr>              <dbl>
1 10-17                    0.680       0.982       1.44 Moderately winding 0.227
2 18-30                    0.683       1.83        2.68 Highly tortuous    0.208
3 31-55                    1.04        1.15        1.10 Nearly straight    0.599
4 56-65                    2.66        2.85        1.07 Nearly straight    0.617
5 66+                      1.16        4.67        4.04 Highly tortuous    0.200
# ℹ 2 more variables: circular_sd <dbl>, consistency <chr>

Creating visualizations...

Generating LaTeX tables...
  ✓ table_path_complexity.tex
  ✓ table_path_complexity_simple.tex
  ✓ table_drift_comparison.tex

✓ Path complexity analysis complete!
  Files created:
  - path_tortuosity.png
  - directional_consistency.png
  - path_complexity_combined.png
  - path_complexity_metrics.csv
  - sequential_vectors_with_angles.csv
  - table_path_complexity.tex
  - table_path_complexity_simple.tex
  - table_drift_comparison.tex

=============================================================
STEP 6 COMPLETE: Path complexity metrics and LaTeX tables
=============================================================


--------------------------------------------------------------
>> steps 2b-6 - scenario: city_50000 (Cities ≥ 50,000) 
--------------------------------------------------------------
Scenario: city_50000 
Input:    data/kernels/city_50000 
Output:   results/city_50000 

Reading inputs from:  data/kernels/city_50000 
Writing outputs to:   results/city_50000 
Indlæser krævet pakke: viridisLite

Vedhæfter pakke: 'scales'

Det følgende objekt er maskeret fra 'package:viridis':

    viridis_pal


Vedhæfter pakke: 'dplyr'

De følgende objekter er maskerede fra 'package:stats':

    filter, lag

De følgende objekter er maskerede fra 'package:base':

    intersect, setdiff, setequal, union


======================================================================
DIAGNOSTIC MODE - CHECKING YOUR DATA
======================================================================

1. BASELINE_KDE structure:
   Rows: 46080 
   Columns: AgeGroup, t, d, density 
# A tibble: 6 × 4
  AgeGroup     t     d   density
  <fct>    <dbl> <dbl>     <dbl>
1 10-17        0 0     6.65e-  2
2 10-17        0 0.632 2.37e-112
3 10-17        0 1.26  3.04e-112
4 10-17        0 1.89  3.69e-112
5 10-17        0 2.53  5.03e-112
6 10-17        0 3.16  7.53e-112

2. Density statistics:
   Min density: 1.579666e-209 
   Max density: 0.06665676 
   Median density: 1.595498e-05 

3. Distance distribution:
# A tibble: 10 × 3
       d     n mean_dens
   <dbl> <int>     <dbl>
 1 0       480  0.0510  
 2 0.632   480  0.00128 
 3 1.26    480  0.00145 
 4 1.89    480  0.00145 
 5 2.53    480  0.00133 
 6 3.16    480  0.00118 
 7 3.79    480  0.00103 
 8 4.42    480  0.000883
 9 5.05    480  0.000754
10 5.68    480  0.000640

4. Home vs Away split:
# A tibble: 2 × 4
  location n_cells total_density mean_density
  <chr>      <int>         <dbl>        <dbl>
1 away       45600          7.50     0.000164
2 home         480         24.5      0.0510  

   Added mass column: density * dt * dd

5. Total probability mass by age group:
# A tibble: 5 × 2
  AgeGroup total_mass
  <fct>         <dbl>
1 10-17             1
2 18-30             1
3 31-55             1
4 56-65             1
5 66+               1

6. Home probability calculation:
   Home probability range: [0.272, 1.000] 

   Sample home probabilities for Age 31-55:
# A tibble: 10 × 5
   AgeGroup     t home_mass total_mass prob_home
   <fct>    <dbl>     <dbl>      <dbl>     <dbl>
 1 31-55    0        0.0104     0.0104     1    
 2 31-55    0.253    0.0104     0.0104     1    
 3 31-55    0.505    0.0104     0.0104     1    
 4 31-55    0.758    0.0104     0.0104     1    
 5 31-55    1.01     0.0104     0.0104     1    
 6 31-55    1.26     0.0104     0.0104     1    
 7 31-55    1.52     0.0104     0.0104     1.000
 8 31-55    1.77     0.0104     0.0104     1.000
 9 31-55    2.02     0.0104     0.0104     1.000
10 31-55    2.27     0.0104     0.0104     1.000

7. DIFF_KDE structure:
   Rows: 276480 
   Columns: AgeGroup, year_bin, t, d, diff_density 
# A tibble: 6 × 5
  AgeGroup year_bin      t     d diff_density
  <fct>    <fct>     <dbl> <dbl>        <dbl>
1 10-17    2007–2009     0 0        2.52e-  5
2 10-17    2007–2009     0 0.632   -2.37e-112
3 10-17    2007–2009     0 1.26    -3.04e-112
4 10-17    2007–2009     0 1.89    -3.69e-112
5 10-17    2007–2009     0 2.53    -5.03e-112
6 10-17    2007–2009     0 3.16    -7.53e-112

8. YEARBIN_KDE structure:
   Rows: 276480 
   Columns: AgeGroup, year_bin, t, d, density 
   Periods: 2007–2009, 2010–2012, 2013–2015, 2016–2018, 2019–2021, 2022–2024 

======================================================================
CREATING FIXED VISUALIZATIONS
======================================================================

1. Creating FIXED home probability plot...
   ✓ Saved: kde_home_ACTUALLY_FIXED.png

2. Creating away-time plot with AGGRESSIVE filtering...
   Density quantiles:
     10th: 1.27e-07
     90th: 4.41e-04
     95th: 1.07e-03
     99th: 2.83e-03
   Using color limits: [1.27e-07, 1.07e-03]
   ✓ Saved: kde_away_AGGRESSIVE_FILTER.png

3. Attempting to create difference maps...
   diff_kde columns: AgeGroup, year_bin, t, d, diff_density 
   Found 'diff_density' column
   Difference range: [-8.01e-04, 1.25e-03]
   Using symmetric limits: [-5.36e-05, 5.36e-05]
   ✓ Saved: kde_DIFFERENCE_maps_FIXED.png

4. Creating year-bin comparison...
   Available periods: 2007–2009, 2010–2012, 2013–2015, 2016–2018, 2019–2021, 2022–2024 
   Comparing: 1 vs 6 
   ✓ Saved: kde_YEARBIN_comparison_FIXED.png

======================================================================
COMPLETE!
======================================================================

📁 Check your output directory:
    results/city_50000 

📊 Files created:
  1. kde_home_ACTUALLY_FIXED.png - Should show proper 60-100% curves
  2. kde_away_AGGRESSIVE_FILTER.png - 10th-95th percentile for contrast
  3. kde_DIFFERENCE_maps_FIXED.png - Red/blue difference maps
  4. kde_YEARBIN_comparison_FIXED.png - Early vs late periods

💡 If plots still look wrong, review the diagnostic output above!
======================================================================
Reading inputs from:  data/kernels/city_50000 
Writing outputs to:   results/city_50000 

=== CREATING TRANSPOSED DIFFERENCE MAPS ===
Layout: Age groups as ROWS, year periods as COLUMNS
Rows in diff_kde: 276480 
Rows after away-filter: 273600 
Color limits (5–95%): [-5.36e-05, 5.36e-05]

✓ Saved: kde_DIFFERENCE_by_cohort_SHARP.png
✓ Saved: kde_DIFFERENCE_by_cohort_aggressive_SHARP.png
✓ Saved: kde_DIFFERENCE_by_cohort_PUBLICATION.png

=== TRANSPOSITION COMPLETE ===
Layout now:
  Rows: Age Groups (10-17, 18-30, 31-55, etc.)
  Columns: Year Periods (2007-2009, 2010-2012, etc.)
Each horizontal strip shows one cohort's evolution across time

Advarselsbeskeder:
1: Using ragg device as default. Ignoring `type` and `antialias` arguments 
2: Using ragg device as default. Ignoring `type` and `antialias` arguments 
3: I plot_theme(plot) :
  The `base_size` theme element is not defined in the element hierarchy.
4: Using ragg device as default. Ignoring `type` and `antialias` arguments 
5: I plot_theme(plot) :
  The `base_size` theme element is not defined in the element hierarchy.

=== STEP 3: TEMPORAL ANALYSIS ===

Loading from:  data/kernels/city_50000 
Saving to:     results/city_50000 

  ✓ Loaded files
  Baseline: 480 rows
  Year-bin: 2880 rows

Computing temporal statistics...
  ✓ Baseline statistics ( 5  rows)
# A tibble: 5 × 10
  AgeGroup mean_hour median_hour peak_hour morning_6_12 midday_12_18
  <fct>        <dbl>       <dbl>     <dbl>        <dbl>        <dbl>
1 10-17         13.0        12.4      11.4        0.443        0.435
2 18-30         13.8        13.4      12.4        0.355        0.469
3 31-55         13.1        12.6      11.6        0.413        0.477
4 56-65         13.1        12.6      11.6        0.413        0.471
5 66+           14.2        13.6      11.6        0.308        0.507
# ℹ 4 more variables: evening_18_24 <dbl>, total_away <dbl>, sd_hour <dbl>,
#   Period <chr>

  ✓ Year-bin statistics ( 30  rows)
# A tibble: 10 × 10
   AgeGroup Period    mean_hour median_hour peak_hour morning_6_12 midday_12_18
   <fct>    <fct>         <dbl>       <dbl>     <dbl>        <dbl>        <dbl>
 1 10-17    2007–2009      13.2        12.4      10.9        0.428        0.431
 2 10-17    2010–2012      13.2        12.4      10.9        0.440        0.415
 3 10-17    2013–2015      13.0        12.4      11.6        0.442        0.436
 4 10-17    2016–2018      12.9        12.4      11.9        0.442        0.453
 5 10-17    2019–2021      12.9        12.1      11.4        0.456        0.429
 6 10-17    2022–2024      12.9        12.4      11.9        0.450        0.441
 7 18-30    2007–2009      14.0        13.4      12.4        0.341        0.463
 8 18-30    2010–2012      14.0        13.4      12.1        0.344        0.458
 9 18-30    2013–2015      13.8        13.4      11.9        0.351        0.476
10 18-30    2016–2018      13.8        13.4      12.6        0.348        0.476
# ℹ 3 more variables: evening_18_24 <dbl>, total_away <dbl>, sd_hour <dbl>

Computing shifts from baseline...
  ✓ Shifts computed ( 30  rows)
# A tibble: 10 × 10
   AgeGroup Period shift_mean shift_median shift_peak shift_morning shift_midday
   <fct>    <fct>       <dbl>        <dbl>      <dbl>         <dbl>        <dbl>
 1 10-17    2007–…    0.216          0         -0.505     -0.0147       -0.00332
 2 10-17    2010–…    0.146          0         -0.505     -0.00239      -0.0200 
 3 10-17    2013–…   -0.00415        0          0.253     -0.000845      0.00129
 4 10-17    2016–…   -0.0960         0          0.505     -0.000291      0.0180 
 5 10-17    2019–…   -0.140         -0.253      0          0.0134       -0.00533
 6 10-17    2022–…   -0.131          0          0.505      0.00685       0.00679
 7 18-30    2007–…    0.171          0          0         -0.0135       -0.00554
 8 18-30    2010–…    0.179          0         -0.253     -0.0106       -0.0113 
 9 18-30    2013–…    0.0227         0         -0.505     -0.00392       0.00670
10 18-30    2016–…    0.0271         0          0.253     -0.00649       0.00688
# ℹ 3 more variables: shift_evening <dbl>, shift_total_away <dbl>,
#   shift_sd <dbl>

Creating plots...
  ✓ temporal_profiles_all_ages.png
  ✓ mean_time_shift.png
  ✓ window_shifts.png
  ✓ heatmap_time_shift.png
  ✓ peak_time_shift.png

Saving data tables...
  ✓ temporal_shifts.csv
  ✓ temporal_statistics.csv

======================================================================
STEP 3 COMPLETE!
= = = = = = = = = = = = = = = = = = = = = = = = = = = = = = = = = = = = = = = = = = = = = = = = = = = = = = = = = = = = = = = = = = = = = = 

=== STEP 4 REVISED: ARITHMETIC MEAN BASELINE ===

Loading from:  data/kernels/city_50000 
Saving to:     results/city_50000 

Using HOME_CUTOFF =  0.02  km (must match Step 2)

Loading KDE densities from Step 2...
  ✓ Loaded year-bin KDE ( 276480 rows)

Computing action-space metrics (Eq. 6 and Eq. 7)...

Computing year-bin metrics for all periods...
  Eq. (7) reference: 'base5' over 5 periods, per age group
  ✓ Year-bin metrics ( 30  rows)
# A tibble: 12 × 8
   AgeGroup Period    fraction_away mean_distance mean_distance_active volume
   <fct>    <fct>             <dbl>         <dbl>                <dbl>  <dbl>
 1 10-17    2007–2009         0.285         1.03                  3.60   24.6
 2 10-17    2010–2012         0.271         0.974                 3.57   23.4
 3 10-17    2013–2015         0.276         1.02                  3.75   24.6
 4 10-17    2016–2018         0.291         1.04                  3.68   24.9
 5 10-17    2019–2021         0.245         0.799                 3.35   19.2
 6 10-17    2022–2024         0.261         1.06                  4.24   25.5
 7 18-30    2007–2009         0.304         2.28                  7.58   54.8
 8 18-30    2010–2012         0.288         2.20                  7.73   52.9
 9 18-30    2013–2015         0.291         2.15                  7.44   51.6
10 18-30    2016–2018         0.291         2.35                  8.15   56.5
11 18-30    2019–2021         0.257         2.31                  9.06   55.4
12 18-30    2022–2024         0.268         2.22                  8.38   53.4
# ℹ 2 more variables: dist_p90 <dbl>, var_distance <dbl>

Computing baseline as arithmetic mean across periods...
  ✓ Baseline metrics computed from period averages:
# A tibble: 5 × 8
  AgeGroup fraction_away mean_distance mean_distance_active volume dist_p90
  <fct>            <dbl>         <dbl>                <dbl>  <dbl>    <dbl>
1 10-17           0.271          0.987                 3.70   23.7     8.65
2 18-30           0.283          2.25                  8.06   54.1     9.62
3 31-55           0.287          2.58                  9.13   61.9    10.1 
4 56-65           0.236          2.20                  9.37   52.7    11.7 
5 66+             0.0945         0.754                 8.02   18.1    10.7 
# ℹ 2 more variables: var_distance <dbl>, Period <chr>

COMPARISON: This baseline is now the arithmetic mean of the six period values,
            NOT the pooled KDE baseline from Step 2.

Computing changes from arithmetic mean baseline...
  ✓ Changes computed ( 30  rows)

Sample of percentage changes:
# A tibble: 30 × 5
   AgeGroup Period    mean_distance_active mean_distance_active_baseline
   <fct>    <fct>                    <dbl>                         <dbl>
 1 10-17    2007–2009                 3.60                          3.70
 2 10-17    2010–2012                 3.57                          3.70
 3 10-17    2013–2015                 3.75                          3.70
 4 10-17    2016–2018                 3.68                          3.70
 5 10-17    2019–2021                 3.35                          3.70
 6 10-17    2022–2024                 4.24                          3.70
 7 18-30    2007–2009                 7.58                          8.06
 8 18-30    2010–2012                 7.73                          8.06
 9 18-30    2013–2015                 7.44                          8.06
10 18-30    2016–2018                 8.15                          8.06
# ℹ 20 more rows
# ℹ 1 more variable: pct_change_distance <dbl>

VALIDATION: Sum of percentage changes by age group (should be ≈ 0):
# A tibble: 5 × 3
  AgeGroup sum_pct_change sum_absolute_change
  <fct>             <dbl>               <dbl>
1 10-17          7.77e-16            0       
2 18-30         -1.55e-15            0       
3 31-55         -2.04e-14           -1.78e-15
4 56-65          3.71e-14            3.55e-15
5 66+           -2.22e-14           -1.78e-15

Creating updated plots...
  ✓ mean_distance_trend_TRIPWEIGHTED_REVISED.png
  ✓ action_space_trajectory_TRIPWEIGHTED.png
  ✓ mobility_decomposition_TRIPWEIGHTED_REVISED.png
  ✓ distance_change_heatmap_TRIPWEIGHTED_REVISED.png

Creating summary table...

=== Summary: mean distance when away by age group (Eq. 7) ===
# A tibble: 5 × 6
  AgeGroup baseline_dist mean_dist min_dist max_dist range_dist
  <fct>            <dbl>     <dbl>    <dbl>    <dbl>      <dbl>
1 10-17             3.7       3.7      3.35     4.24       0.89
2 18-30             8.06      8.06     7.44     9.06       1.62
3 31-55             9.13      9.13     8.62     9.68       1.06
4 56-65             9.37      9.37     8.53    10.7        2.18
5 66+               8.02      8.02     6.37     9.05       2.68

Saving data tables...
  ✓ action_space_metrics_TRIPWEIGHTED.csv
  ✓ action_space_changes_TRIPWEIGHTED_REVISED.csv

======================================================================
KEY DIFFERENCES FROM ORIGINAL VERSION:
======================================================================

ORIGINAL APPROACH:
  • Baseline = pooled KDE on all 2007-2024 data
  • Dashed lines ≠ arithmetic mean of visible points
  • Heatmap values relative to pooled baseline

REVISED APPROACH:
  • Baseline = arithmetic mean of six period values
  • Dashed lines = arithmetic mean of visible points
  • Heatmap values relative to arithmetic mean
  • Changes now sum to ≈0 for each age group

VISUAL CONSISTENCY:
  • Line plot and heatmap now use SAME baseline definition
  • Dashed lines directly interpretable from data
  • Percentage changes balanced around zero

======================================================================
STEP 4 REVISED COMPLETE - ARITHMETIC MEAN BASELINE
======================================================================

NEW plots created (with _REVISED suffix):
  1. mean_distance_trend_TRIPWEIGHTED_REVISED.png
  2. action_space_trajectory_TRIPWEIGHTED_REVISED.png
  3. mobility_decomposition_TRIPWEIGHTED_REVISED.png
  4. distance_change_heatmap_TRIPWEIGHTED_REVISED.png

NEW data tables (with _REVISED suffix):
  • action_space_metrics_TRIPWEIGHTED.csv
  • action_space_changes_TRIPWEIGHTED.csv

NEXT STEPS:
  1. Compare _REVISED.png files with originals
  2. Verify that heatmap values now make sense
  3. Check that dashed lines in trend plot equal arithmetic mean
  4. Update manuscript captions accordingly

All outputs saved to:  results/city_50000 

======================================================================

=== Creating drift vector visualization with COMBINED BASELINE ===

Kernel inputs from:  data/kernels/city_50000 
Step outputs to:      results/city_50000 


=== LOADING STEP 4 RESULTS ===
âœ“ Loaded Step 4 results
Available periods:  Baseline (2007-2009), 2007-2009, 2010-2012, 2013-2015, 2016-2018, 2019-2021, 2022-2024 

     Period end_year
1 2007-2009     2009
2 2010-2012     2012
3 2013-2015     2015
4 2016-2018     2018
5 2019-2021     2021
6 2022-2024     2024
Baseline period: Baseline (2007-2009)
Year-bin periods (ordered):  2007-2009, 2010-2012, 2013-2015, 2016-2018, 2019-2021, 2022-2024 


=== DRIFT VECTOR CALCULATIONS ===
# A tibble: 5 × 11
  AgeGroup x_start y_start x_end y_end       dx     dy magnitude angle
  <chr>      <dbl>   <dbl> <dbl> <dbl>    <dbl>  <dbl>     <dbl> <dbl>
1 10-17     0.271     3.70 0.261  4.24 -0.0105   0.543     0.543  91.1
2 18-30     0.283     8.06 0.268  8.38 -0.0154   0.322     0.323  92.7
3 31-55     0.287     9.13 0.269  9.50 -0.0175   0.375     0.375  92.7
4 56-65     0.236     9.37 0.242 10.7   0.00663  1.34      1.34   89.7
5 66+       0.0945    8.02 0.103  7.72  0.00840 -0.309     0.309 -88.4
# ℹ 2 more variables: pct_change_distance <dbl>, pct_change_time <dbl>

=== CALCULATING TRAJECTORY-AVERAGED DRIFT VECTORS ===

All periods (ordered): 2007-2009 -> 2010-2012 -> 2013-2015 -> 2016-2018 -> 2019-2021 -> 2022-2024 

Computing vector: 2007-2009 -> 2010-2012
Computing vector: 2010-2012 -> 2013-2015
Computing vector: 2013-2015 -> 2016-2018
Computing vector: 2016-2018 -> 2019-2021
Computing vector: 2019-2021 -> 2022-2024

Trajectory-averaged drift vectors:
# A tibble: 5 × 6
  AgeGroup   dx_avg dy_avg magnitude angle n_transitions
  <chr>       <dbl>  <dbl>     <dbl> <dbl>         <int>
1 10-17    -0.00480  0.128     0.128  92.1             5
2 18-30    -0.00716  0.160     0.160  92.6             5
3 31-55    -0.00527  0.176     0.176  91.7             5
4 56-65     0.00394  0.437     0.437  89.5             5
5 66+       0.00204  0.270     0.270  89.6             5

Creating trajectory-averaged drift visualization...
✓ Trajectory-averaged drift plot saved

=== COMPARISON: Endpoint vs Trajectory-Averaged Drift ===

# A tibble: 5 × 15
  AgeGroup dx_endpoint dy_endpoint mag_endpoint angle_endpoint dx_trajectory
  <chr>          <dbl>       <dbl>        <dbl>          <dbl>         <dbl>
1 10-17       -0.0105        0.543        0.543           91.1      -0.00480
2 18-30       -0.0154        0.322        0.323           92.7      -0.00716
3 31-55       -0.0175        0.375        0.375           92.7      -0.00527
4 56-65        0.00663       1.34         1.34            89.7       0.00394
5 66+          0.00840      -0.309        0.309          -88.4       0.00204
# ℹ 9 more variables: dy_trajectory <dbl>, mag_trajectory <dbl>,
#   angle_trajectory <dbl>, dx_diff <dbl>, dy_diff <dbl>, mag_diff <dbl>,
#   angle_diff <dbl>, dx_pct_diff <dbl>, dy_pct_diff <dbl>

Key differences:
  10-17:
    - Time direction: +54.2% difference
    - Distance direction: -76.4% difference
    - Magnitude: 0.543 (endpoint) vs 0.128 (trajectory-avg), diff = -0.415
  18-30:
    - Time direction: +53.4% difference
    - Distance direction: -50.3% difference
    - Magnitude: 0.323 (endpoint) vs 0.160 (trajectory-avg), diff = -0.162
  31-55:
    - Time direction: +69.9% difference
    - Distance direction: -53.1% difference
    - Magnitude: 0.375 (endpoint) vs 0.176 (trajectory-avg), diff = -0.199
  56-65:
    - Time direction: -40.5% difference
    - Distance direction: -67.3% difference
    - Magnitude: 1.337 (endpoint) vs 0.437 (trajectory-avg), diff = -0.900
  66+:
    - Time direction: -75.8% difference
    - Distance direction: +187.2% difference
    - Magnitude: 0.309 (endpoint) vs 0.270 (trajectory-avg), diff = -0.040

✓ Comparison data saved

=== DRIFT INTERPRETATIONS ===

# A tibble: 5 × 5
  AgeGroup distance_interpretation   time_interpretation overall_trend magnitude
  <chr>    <chr>                     <chr>               <chr>             <dbl>
1 10-17    EXPANDING: +0.54 km (+14… -3.9% less time aw… Traveling fu…     0.543
2 18-30    STABLE: 0.32 km (+4%)     -5.4% less time aw… Relatively s…     0.323
3 31-55    STABLE: 0.37 km (+4.1%)   -6.1% less time aw… Relatively s…     0.375
4 56-65    EXPANDING: +1.34 km (+14… +2.8% more time aw… Expanding bo…     1.34 
5 66+      STABLE: -0.31 km (-3.9%)  +8.9% more time aw… Relatively s…     0.309

=== SUMMARY STATISTICS ===

Overall trends from baseline (2007-2009) to 2022-2024 :
- Average distance change: 0.45 km
- Average % distance change: 6.6 %
- Average time away change: -0.7 %
- Groups expanding (>10%): 2 
- Groups contracting (<-10%): 0 
- Groups stable (Â±10%): 3 


=== SAVING OUTPUTS ===

âœ“ All drift analysis outputs saved!
  Files created:
  - drift_vectors_COMBINED_BASELINE.png (main visualization)
  - drift_vectors_MINIMAL_COMBINED.png (minimal version)
  - drift_vectors_TRAJECTORY_AVERAGED.png (trajectory-averaged)
  - mobility_trajectories_FULL.png (full time series)
  - drift_interpretation_COMBINED_BASELINE.csv (interpretation)
  - drift_vectors_data_COMBINED_BASELINE.csv (raw data)
  - drift_comparison_endpoint_vs_trajectory.csv (comparison)

=============================================================
STEP 5 COMPLETE: Drift vector analysis with combined baseline
                 including trajectory-averaged drift option
=============================================================


=== STEP 6: COMPUTING PATH COMPLEXITY METRICS ===


=== STEP 6: LOADING STEP 5 OBJECTS ===
Computing tortuosity metrics...

=== TORTUOSITY RESULTS ===
# A tibble: 5 × 7
  AgeGroup path_length n_segments mean_segment_length endpoint_displacement
  <chr>          <dbl>      <int>               <dbl>                 <dbl>
1 10-17           1.52          5               0.305                 0.641
2 18-30           2.75          5               0.549                 0.802
3 31-55           1.24          5               0.248                 0.880
4 56-65           2.20          5               0.439                 2.18 
5 66+             5.52          5               1.10                  1.35 
# ℹ 2 more variables: tortuosity <dbl>, path_type <chr>

Interpretation:
- Tortuosity = 1.0: Perfectly straight path
- Tortuosity = 1.5: Path is 50% longer than straight line
- Higher values indicate more meandering/fluctuations

Computing directional dispersion...

=== DIRECTIONAL DISPERSION RESULTS ===
# A tibble: 5 × 9
  AgeGroup mean_angle_rad mean_angle_deg     R circular_variance circular_sd
  <chr>             <dbl>          <dbl> <dbl>             <dbl>       <dbl>
1 10-17             -1.92         -110.  0.186            0.814        105. 
2 18-30              1.68           96.3 0.200            0.800        103. 
3 31-55              1.58           90.8 0.599            0.401         58.0
4 56-65              1.45           82.8 0.966            0.0337        15.0
5 66+               -1.58          -90.5 0.200            0.800        103. 
# ℹ 3 more variables: angle_sd_approx <dbl>, n_transitions <int>,
#   consistency <chr>

Interpretation:
- R (Mean Resultant Length): 0-1 scale
  * R close to 1: All vectors point in nearly same direction (consistent)
  * R close to 0: Vectors point in many different directions (dispersed)
- Circular SD: Angular spread in degrees
  * Low values: Tight angular clustering
  * High values: Wide angular spread


=== COMBINED PATH COMPLEXITY METRICS ===
# A tibble: 5 × 8
  AgeGroup endpoint_displacement path_length tortuosity path_type              R
  <chr>                    <dbl>       <dbl>      <dbl> <chr>              <dbl>
1 10-17                    0.641        1.52       2.38 Highly tortuous    0.186
2 18-30                    0.802        2.75       3.42 Highly tortuous    0.200
3 31-55                    0.880        1.24       1.41 Moderately winding 0.599
4 56-65                    2.18         2.20       1.01 Nearly straight    0.966
5 66+                      1.35         5.52       4.09 Highly tortuous    0.200
# ℹ 2 more variables: circular_sd <dbl>, consistency <chr>

Creating visualizations...

Generating LaTeX tables...
  ✓ table_path_complexity.tex
  ✓ table_path_complexity_simple.tex
  ✓ table_drift_comparison.tex

✓ Path complexity analysis complete!
  Files created:
  - path_tortuosity.png
  - directional_consistency.png
  - path_complexity_combined.png
  - path_complexity_metrics.csv
  - sequential_vectors_with_angles.csv
  - table_path_complexity.tex
  - table_path_complexity_simple.tex
  - table_drift_comparison.tex

=============================================================
STEP 6 COMPLETE: Path complexity metrics and LaTeX tables
=============================================================


--------------------------------------------------------------
>> steps 2b-6 - scenario: city_100000 (Cities ≥ 100,000) 
--------------------------------------------------------------
Scenario: city_100000 
Input:    data/kernels/city_100000 
Output:   results/city_100000 

Reading inputs from:  data/kernels/city_100000 
Writing outputs to:   results/city_100000 
Indlæser krævet pakke: viridisLite

Vedhæfter pakke: 'scales'

Det følgende objekt er maskeret fra 'package:viridis':

    viridis_pal


Vedhæfter pakke: 'dplyr'

De følgende objekter er maskerede fra 'package:stats':

    filter, lag

De følgende objekter er maskerede fra 'package:base':

    intersect, setdiff, setequal, union


======================================================================
DIAGNOSTIC MODE - CHECKING YOUR DATA
======================================================================

1. BASELINE_KDE structure:
   Rows: 46080 
   Columns: AgeGroup, t, d, density 
# A tibble: 6 × 4
  AgeGroup     t     d   density
  <fct>    <dbl> <dbl>     <dbl>
1 10-17        0 0     6.65e-  2
2 10-17        0 0.632 2.72e-112
3 10-17        0 1.26  3.14e-112
4 10-17        0 1.89  2.80e-112
5 10-17        0 2.53  1.94e-112
6 10-17        0 3.16  1.04e-112

2. Density statistics:
   Min density: 1.88846e-209 
   Max density: 0.06666913 
   Median density: 1.373536e-05 

3. Distance distribution:
# A tibble: 10 × 3
       d     n mean_dens
   <dbl> <int>     <dbl>
 1 0       480  0.0510  
 2 0.632   480  0.00127 
 3 1.26    480  0.00143 
 4 1.89    480  0.00143 
 5 2.53    480  0.00132 
 6 3.16    480  0.00117 
 7 3.79    480  0.00103 
 8 4.42    480  0.000897
 9 5.05    480  0.000777
10 5.68    480  0.000670

4. Home vs Away split:
# A tibble: 2 × 4
  location n_cells total_density mean_density
  <chr>      <int>         <dbl>        <dbl>
1 away       45600          7.52     0.000165
2 home         480         24.5      0.0510  

   Added mass column: density * dt * dd

5. Total probability mass by age group:
# A tibble: 5 × 2
  AgeGroup total_mass
  <fct>         <dbl>
1 10-17             1
2 18-30             1
3 31-55             1
4 56-65             1
5 66+               1

6. Home probability calculation:
   Home probability range: [0.275, 1.000] 

   Sample home probabilities for Age 31-55:
# A tibble: 10 × 5
   AgeGroup     t home_mass total_mass prob_home
   <fct>    <dbl>     <dbl>      <dbl>     <dbl>
 1 31-55    0        0.0104     0.0104     1    
 2 31-55    0.253    0.0104     0.0104     1    
 3 31-55    0.505    0.0104     0.0104     1    
 4 31-55    0.758    0.0104     0.0104     1    
 5 31-55    1.01     0.0104     0.0104     1    
 6 31-55    1.26     0.0104     0.0104     1    
 7 31-55    1.52     0.0104     0.0104     1.000
 8 31-55    1.77     0.0104     0.0104     1.000
 9 31-55    2.02     0.0104     0.0104     1.000
10 31-55    2.27     0.0104     0.0104     1.000

7. DIFF_KDE structure:
   Rows: 276480 
   Columns: AgeGroup, year_bin, t, d, diff_density 
# A tibble: 6 × 5
  AgeGroup year_bin      t     d diff_density
  <fct>    <fct>     <dbl> <dbl>        <dbl>
1 10-17    2007–2009     0 0        2.46e-  5
2 10-17    2007–2009     0 0.632   -2.72e-112
3 10-17    2007–2009     0 1.26    -3.14e-112
4 10-17    2007–2009     0 1.89    -2.80e-112
5 10-17    2007–2009     0 2.53    -1.94e-112
6 10-17    2007–2009     0 3.16    -1.04e-112

8. YEARBIN_KDE structure:
   Rows: 276480 
   Columns: AgeGroup, year_bin, t, d, density 
   Periods: 2007–2009, 2010–2012, 2013–2015, 2016–2018, 2019–2021, 2022–2024 

======================================================================
CREATING FIXED VISUALIZATIONS
======================================================================

1. Creating FIXED home probability plot...
   ✓ Saved: kde_home_ACTUALLY_FIXED.png

2. Creating away-time plot with AGGRESSIVE filtering...
   Density quantiles:
     10th: 8.97e-08
     90th: 4.64e-04
     95th: 1.13e-03
     99th: 2.85e-03
   Using color limits: [8.97e-08, 1.13e-03]
   ✓ Saved: kde_away_AGGRESSIVE_FILTER.png

3. Attempting to create difference maps...
   diff_kde columns: AgeGroup, year_bin, t, d, diff_density 
   Found 'diff_density' column
   Difference range: [-9.01e-04, 1.14e-03]
   Using symmetric limits: [-5.65e-05, 5.65e-05]
   ✓ Saved: kde_DIFFERENCE_maps_FIXED.png

4. Creating year-bin comparison...
   Available periods: 2007–2009, 2010–2012, 2013–2015, 2016–2018, 2019–2021, 2022–2024 
   Comparing: 1 vs 6 
   ✓ Saved: kde_YEARBIN_comparison_FIXED.png

======================================================================
COMPLETE!
======================================================================

📁 Check your output directory:
    results/city_100000 

📊 Files created:
  1. kde_home_ACTUALLY_FIXED.png - Should show proper 60-100% curves
  2. kde_away_AGGRESSIVE_FILTER.png - 10th-95th percentile for contrast
  3. kde_DIFFERENCE_maps_FIXED.png - Red/blue difference maps
  4. kde_YEARBIN_comparison_FIXED.png - Early vs late periods

💡 If plots still look wrong, review the diagnostic output above!
======================================================================
Reading inputs from:  data/kernels/city_100000 
Writing outputs to:   results/city_100000 

=== CREATING TRANSPOSED DIFFERENCE MAPS ===
Layout: Age groups as ROWS, year periods as COLUMNS
Rows in diff_kde: 276480 
Rows after away-filter: 273600 
Color limits (5–95%): [-5.65e-05, 5.65e-05]

✓ Saved: kde_DIFFERENCE_by_cohort_SHARP.png
✓ Saved: kde_DIFFERENCE_by_cohort_aggressive_SHARP.png
✓ Saved: kde_DIFFERENCE_by_cohort_PUBLICATION.png

=== TRANSPOSITION COMPLETE ===
Layout now:
  Rows: Age Groups (10-17, 18-30, 31-55, etc.)
  Columns: Year Periods (2007-2009, 2010-2012, etc.)
Each horizontal strip shows one cohort's evolution across time

Advarselsbeskeder:
1: Using ragg device as default. Ignoring `type` and `antialias` arguments 
2: Using ragg device as default. Ignoring `type` and `antialias` arguments 
3: I plot_theme(plot) :
  The `base_size` theme element is not defined in the element hierarchy.
4: Using ragg device as default. Ignoring `type` and `antialias` arguments 
5: I plot_theme(plot) :
  The `base_size` theme element is not defined in the element hierarchy.

=== STEP 3: TEMPORAL ANALYSIS ===

Loading from:  data/kernels/city_100000 
Saving to:     results/city_100000 

  ✓ Loaded files
  Baseline: 480 rows
  Year-bin: 2880 rows

Computing temporal statistics...
  ✓ Baseline statistics ( 5  rows)
# A tibble: 5 × 10
  AgeGroup mean_hour median_hour peak_hour morning_6_12 midday_12_18
  <fct>        <dbl>       <dbl>     <dbl>        <dbl>        <dbl>
1 10-17         13.1        12.4      11.4        0.438        0.439
2 18-30         13.9        13.4      12.4        0.348        0.472
3 31-55         13.1        12.6      11.9        0.408        0.480
4 56-65         13.1        12.6      11.6        0.407        0.475
5 66+           14.2        13.6      11.6        0.298        0.517
# ℹ 4 more variables: evening_18_24 <dbl>, total_away <dbl>, sd_hour <dbl>,
#   Period <chr>

  ✓ Year-bin statistics ( 30  rows)
# A tibble: 10 × 10
   AgeGroup Period    mean_hour median_hour peak_hour morning_6_12 midday_12_18
   <fct>    <fct>         <dbl>       <dbl>     <dbl>        <dbl>        <dbl>
 1 10-17    2007–2009      13.2        12.4      10.9        0.429        0.436
 2 10-17    2010–2012      13.2        12.4      10.9        0.437        0.420
 3 10-17    2013–2015      13.0        12.4      11.9        0.440        0.437
 4 10-17    2016–2018      13.0        12.4      12.1        0.433        0.459
 5 10-17    2019–2021      12.9        12.4      11.6        0.450        0.434
 6 10-17    2022–2024      12.9        12.4      11.9        0.443        0.447
 7 18-30    2007–2009      14.0        13.6      12.4        0.335        0.466
 8 18-30    2010–2012      14.0        13.4      12.1        0.337        0.462
 9 18-30    2013–2015      13.9        13.4      12.1        0.344        0.479
10 18-30    2016–2018      13.9        13.4      12.6        0.341        0.477
# ℹ 3 more variables: evening_18_24 <dbl>, total_away <dbl>, sd_hour <dbl>

Computing shifts from baseline...
  ✓ Shifts computed ( 30  rows)
# A tibble: 10 × 10
   AgeGroup Period shift_mean shift_median shift_peak shift_morning shift_midday
   <fct>    <fct>       <dbl>        <dbl>      <dbl>         <dbl>        <dbl>
 1 10-17    2007–…     0.151         0         -0.505      -0.00917     -0.00364
 2 10-17    2010–…     0.141         0         -0.505      -0.00173     -0.0189 
 3 10-17    2013–…    -0.0182        0          0.505       0.00133     -0.00192
 4 10-17    2016–…    -0.0472        0          0.758      -0.00534      0.0195 
 5 10-17    2019–…    -0.124         0          0.253       0.0121      -0.00574
 6 10-17    2022–…    -0.115         0          0.505       0.00512      0.00786
 7 18-30    2007–…     0.168         0.253      0          -0.0132      -0.00532
 8 18-30    2010–…     0.176         0         -0.253      -0.0108      -0.00989
 9 18-30    2013–…     0.0158        0         -0.253      -0.00396      0.00718
10 18-30    2016–…     0.0370        0          0.253      -0.00656      0.00542
# ℹ 3 more variables: shift_evening <dbl>, shift_total_away <dbl>,
#   shift_sd <dbl>

Creating plots...
  ✓ temporal_profiles_all_ages.png
  ✓ mean_time_shift.png
  ✓ window_shifts.png
  ✓ heatmap_time_shift.png
  ✓ peak_time_shift.png

Saving data tables...
  ✓ temporal_shifts.csv
  ✓ temporal_statistics.csv

======================================================================
STEP 3 COMPLETE!
= = = = = = = = = = = = = = = = = = = = = = = = = = = = = = = = = = = = = = = = = = = = = = = = = = = = = = = = = = = = = = = = = = = = = = 

=== STEP 4 REVISED: ARITHMETIC MEAN BASELINE ===

Loading from:  data/kernels/city_100000 
Saving to:     results/city_100000 

Using HOME_CUTOFF =  0.02  km (must match Step 2)

Loading KDE densities from Step 2...
  ✓ Loaded year-bin KDE ( 276480 rows)

Computing action-space metrics (Eq. 6 and Eq. 7)...

Computing year-bin metrics for all periods...
  Eq. (7) reference: 'base5' over 5 periods, per age group
  ✓ Year-bin metrics ( 30  rows)
# A tibble: 12 × 8
   AgeGroup Period    fraction_away mean_distance mean_distance_active volume
   <fct>    <fct>             <dbl>         <dbl>                <dbl>  <dbl>
 1 10-17    2007–2009         0.283         0.998                 3.56   24.0
 2 10-17    2010–2012         0.268         0.919                 3.44   22.1
 3 10-17    2013–2015         0.275         1.04                  3.81   24.9
 4 10-17    2016–2018         0.294         1.09                  3.79   26.1
 5 10-17    2019–2021         0.246         0.820                 3.43   19.7
 6 10-17    2022–2024         0.261         1.09                  4.36   26.1
 7 18-30    2007–2009         0.303         2.22                  7.40   53.4
 8 18-30    2010–2012         0.289         2.11                  7.37   50.6
 9 18-30    2013–2015         0.295         2.11                  7.22   50.6
10 18-30    2016–2018         0.295         2.18                  7.49   52.4
11 18-30    2019–2021         0.255         2.03                  8.00   48.7
12 18-30    2022–2024         0.267         2.12                  8.03   50.9
# ℹ 2 more variables: dist_p90 <dbl>, var_distance <dbl>

Computing baseline as arithmetic mean across periods...
  ✓ Baseline metrics computed from period averages:
# A tibble: 5 × 8
  AgeGroup fraction_away mean_distance mean_distance_active volume dist_p90
  <fct>            <dbl>         <dbl>                <dbl>  <dbl>    <dbl>
1 10-17           0.271          0.991                 3.73   23.8     9.62
2 18-30           0.284          2.13                  7.59   51.1     9.10
3 31-55           0.287          2.40                  8.49   57.6    11.3 
4 56-65           0.239          2.11                  8.87   50.6    11.7 
5 66+             0.0940         0.754                 8.06   18.1    10.9 
# ℹ 2 more variables: var_distance <dbl>, Period <chr>

COMPARISON: This baseline is now the arithmetic mean of the six period values,
            NOT the pooled KDE baseline from Step 2.

Computing changes from arithmetic mean baseline...
  ✓ Changes computed ( 30  rows)

Sample of percentage changes:
# A tibble: 30 × 5
   AgeGroup Period    mean_distance_active mean_distance_active_baseline
   <fct>    <fct>                    <dbl>                         <dbl>
 1 10-17    2007–2009                 3.56                          3.73
 2 10-17    2010–2012                 3.44                          3.73
 3 10-17    2013–2015                 3.81                          3.73
 4 10-17    2016–2018                 3.79                          3.73
 5 10-17    2019–2021                 3.43                          3.73
 6 10-17    2022–2024                 4.36                          3.73
 7 18-30    2007–2009                 7.40                          7.59
 8 18-30    2010–2012                 7.37                          7.59
 9 18-30    2013–2015                 7.22                          7.59
10 18-30    2016–2018                 7.49                          7.59
# ℹ 20 more rows
# ℹ 1 more variable: pct_change_distance <dbl>

VALIDATION: Sum of percentage changes by age group (should be ≈ 0):
# A tibble: 5 × 3
  AgeGroup sum_pct_change sum_absolute_change
  <fct>             <dbl>               <dbl>
1 10-17          1.18e-14            4.44e-16
2 18-30          1.31e-14            8.88e-16
3 31-55         -2.08e-14           -1.78e-15
4 56-65          9.55e-15            8.88e-16
5 66+           -3.20e-14           -2.66e-15

Creating updated plots...
  ✓ mean_distance_trend_TRIPWEIGHTED_REVISED.png
  ✓ action_space_trajectory_TRIPWEIGHTED.png
  ✓ mobility_decomposition_TRIPWEIGHTED_REVISED.png
  ✓ distance_change_heatmap_TRIPWEIGHTED_REVISED.png

Creating summary table...

=== Summary: mean distance when away by age group (Eq. 7) ===
# A tibble: 5 × 6
  AgeGroup baseline_dist mean_dist min_dist max_dist range_dist
  <fct>            <dbl>     <dbl>    <dbl>    <dbl>      <dbl>
1 10-17             3.73      3.73     3.43     4.36       0.94
2 18-30             7.59      7.59     7.22     8.03       0.81
3 31-55             8.49      8.49     8.29     8.79       0.5 
4 56-65             8.87      8.87     7.99     9.76       1.77
5 66+               8.06      8.06     6.31     9.58       3.27

Saving data tables...
  ✓ action_space_metrics_TRIPWEIGHTED.csv
  ✓ action_space_changes_TRIPWEIGHTED_REVISED.csv

======================================================================
KEY DIFFERENCES FROM ORIGINAL VERSION:
======================================================================

ORIGINAL APPROACH:
  • Baseline = pooled KDE on all 2007-2024 data
  • Dashed lines ≠ arithmetic mean of visible points
  • Heatmap values relative to pooled baseline

REVISED APPROACH:
  • Baseline = arithmetic mean of six period values
  • Dashed lines = arithmetic mean of visible points
  • Heatmap values relative to arithmetic mean
  • Changes now sum to ≈0 for each age group

VISUAL CONSISTENCY:
  • Line plot and heatmap now use SAME baseline definition
  • Dashed lines directly interpretable from data
  • Percentage changes balanced around zero

======================================================================
STEP 4 REVISED COMPLETE - ARITHMETIC MEAN BASELINE
======================================================================

NEW plots created (with _REVISED suffix):
  1. mean_distance_trend_TRIPWEIGHTED_REVISED.png
  2. action_space_trajectory_TRIPWEIGHTED_REVISED.png
  3. mobility_decomposition_TRIPWEIGHTED_REVISED.png
  4. distance_change_heatmap_TRIPWEIGHTED_REVISED.png

NEW data tables (with _REVISED suffix):
  • action_space_metrics_TRIPWEIGHTED.csv
  • action_space_changes_TRIPWEIGHTED.csv

NEXT STEPS:
  1. Compare _REVISED.png files with originals
  2. Verify that heatmap values now make sense
  3. Check that dashed lines in trend plot equal arithmetic mean
  4. Update manuscript captions accordingly

All outputs saved to:  results/city_100000 

======================================================================

=== Creating drift vector visualization with COMBINED BASELINE ===

Kernel inputs from:  data/kernels/city_100000 
Step outputs to:      results/city_100000 


=== LOADING STEP 4 RESULTS ===
âœ“ Loaded Step 4 results
Available periods:  Baseline (2007-2009), 2007-2009, 2010-2012, 2013-2015, 2016-2018, 2019-2021, 2022-2024 

     Period end_year
1 2007-2009     2009
2 2010-2012     2012
3 2013-2015     2015
4 2016-2018     2018
5 2019-2021     2021
6 2022-2024     2024
Baseline period: Baseline (2007-2009)
Year-bin periods (ordered):  2007-2009, 2010-2012, 2013-2015, 2016-2018, 2019-2021, 2022-2024 


=== DRIFT VECTOR CALCULATIONS ===
# A tibble: 5 × 11
  AgeGroup x_start y_start  x_end y_end       dx     dy magnitude angle
  <chr>      <dbl>   <dbl>  <dbl> <dbl>    <dbl>  <dbl>     <dbl> <dbl>
1 10-17     0.271     3.73 0.261   4.36 -0.0105   0.635     0.635  91.0
2 18-30     0.284     7.59 0.267   8.03 -0.0172   0.449     0.449  92.2
3 31-55     0.287     8.49 0.267   8.79 -0.0201   0.297     0.298  93.9
4 56-65     0.239     8.87 0.248   9.76  0.00828  0.882     0.882  89.5
5 66+       0.0940    8.06 0.0995  7.29  0.00547 -0.777     0.777 -89.6
# ℹ 2 more variables: pct_change_distance <dbl>, pct_change_time <dbl>

=== CALCULATING TRAJECTORY-AVERAGED DRIFT VECTORS ===

All periods (ordered): 2007-2009 -> 2010-2012 -> 2013-2015 -> 2016-2018 -> 2019-2021 -> 2022-2024 

Computing vector: 2007-2009 -> 2010-2012
Computing vector: 2010-2012 -> 2013-2015
Computing vector: 2013-2015 -> 2016-2018
Computing vector: 2016-2018 -> 2019-2021
Computing vector: 2019-2021 -> 2022-2024

Trajectory-averaged drift vectors:
# A tibble: 5 × 6
  AgeGroup   dx_avg dy_avg magnitude angle n_transitions
  <chr>       <dbl>  <dbl>     <dbl> <dbl>         <int>
1 10-17    -0.00445  0.162     0.162  91.6             5
2 18-30    -0.00729  0.126     0.127  93.3             5
3 31-55    -0.00602  0.100     0.100  93.4             5
4 56-65     0.00401  0.353     0.353  89.3             5
5 66+       0.00127  0.196     0.196  89.6             5

Creating trajectory-averaged drift visualization...
✓ Trajectory-averaged drift plot saved

=== COMPARISON: Endpoint vs Trajectory-Averaged Drift ===

# A tibble: 5 × 15
  AgeGroup dx_endpoint dy_endpoint mag_endpoint angle_endpoint dx_trajectory
  <chr>          <dbl>       <dbl>        <dbl>          <dbl>         <dbl>
1 10-17       -0.0105        0.635        0.635           91.0      -0.00445
2 18-30       -0.0172        0.449        0.449           92.2      -0.00729
3 31-55       -0.0201        0.297        0.298           93.9      -0.00602
4 56-65        0.00828       0.882        0.882           89.5       0.00401
5 66+          0.00547      -0.777        0.777          -89.6       0.00127
# ℹ 9 more variables: dy_trajectory <dbl>, mag_trajectory <dbl>,
#   angle_trajectory <dbl>, dx_diff <dbl>, dy_diff <dbl>, mag_diff <dbl>,
#   angle_diff <dbl>, dx_pct_diff <dbl>, dy_pct_diff <dbl>

Key differences:
  10-17:
    - Time direction: +57.8% difference
    - Distance direction: -74.5% difference
    - Magnitude: 0.635 (endpoint) vs 0.162 (trajectory-avg), diff = -0.473
  18-30:
    - Time direction: +57.7% difference
    - Distance direction: -71.8% difference
    - Magnitude: 0.449 (endpoint) vs 0.127 (trajectory-avg), diff = -0.322
  31-55:
    - Time direction: +70.1% difference
    - Distance direction: -66.3% difference
    - Magnitude: 0.298 (endpoint) vs 0.100 (trajectory-avg), diff = -0.197
  56-65:
    - Time direction: -51.5% difference
    - Distance direction: -59.9% difference
    - Magnitude: 0.882 (endpoint) vs 0.353 (trajectory-avg), diff = -0.528
  66+:
    - Time direction: -76.8% difference
    - Distance direction: +125.2% difference
    - Magnitude: 0.777 (endpoint) vs 0.196 (trajectory-avg), diff = -0.581

✓ Comparison data saved

=== DRIFT INTERPRETATIONS ===

# A tibble: 5 × 5
  AgeGroup distance_interpretation   time_interpretation overall_trend magnitude
  <chr>    <chr>                     <chr>               <chr>             <dbl>
1 10-17    EXPANDING: +0.63 km (+17… -3.9% less time aw… Traveling fu…     0.635
2 18-30    STABLE: 0.45 km (+5.9%)   -6.1% less time aw… Relatively s…     0.449
3 31-55    STABLE: 0.3 km (+3.5%)    -7% less time away  Relatively s…     0.298
4 56-65    STABLE: 0.88 km (+9.9%)   +3.5% more time aw… Relatively s…     0.882
5 66+      STABLE: -0.78 km (-9.6%)  +5.8% more time aw… Relatively s…     0.777

=== SUMMARY STATISTICS ===

Overall trends from baseline (2007-2009) to 2022-2024 :
- Average distance change: 0.3 km
- Average % distance change: 5.3 %
- Average time away change: -1.5 %
- Groups expanding (>10%): 1 
- Groups contracting (<-10%): 0 
- Groups stable (Â±10%): 4 


=== SAVING OUTPUTS ===

âœ“ All drift analysis outputs saved!
  Files created:
  - drift_vectors_COMBINED_BASELINE.png (main visualization)
  - drift_vectors_MINIMAL_COMBINED.png (minimal version)
  - drift_vectors_TRAJECTORY_AVERAGED.png (trajectory-averaged)
  - mobility_trajectories_FULL.png (full time series)
  - drift_interpretation_COMBINED_BASELINE.csv (interpretation)
  - drift_vectors_data_COMBINED_BASELINE.csv (raw data)
  - drift_comparison_endpoint_vs_trajectory.csv (comparison)

=============================================================
STEP 5 COMPLETE: Drift vector analysis with combined baseline
                 including trajectory-averaged drift option
=============================================================


=== STEP 6: COMPUTING PATH COMPLEXITY METRICS ===


=== STEP 6: LOADING STEP 5 OBJECTS ===
Computing tortuosity metrics...

=== TORTUOSITY RESULTS ===
# A tibble: 5 × 7
  AgeGroup path_length n_segments mean_segment_length endpoint_displacement
  <chr>          <dbl>      <int>               <dbl>                 <dbl>
1 10-17          1.83           5               0.366                 0.810
2 18-30          1.00           5               0.201                 0.633
3 31-55          0.510          5               0.102                 0.502
4 56-65          2.15           5               0.429                 1.77 
5 66+            8.66           5               1.73                  0.979
# ℹ 2 more variables: tortuosity <dbl>, path_type <chr>

Interpretation:
- Tortuosity = 1.0: Perfectly straight path
- Tortuosity = 1.5: Path is 50% longer than straight line
- Higher values indicate more meandering/fluctuations

Computing directional dispersion...

=== DIRECTIONAL DISPERSION RESULTS ===
# A tibble: 5 × 9
  AgeGroup mean_angle_rad mean_angle_deg     R circular_variance circular_sd
  <chr>             <dbl>          <dbl> <dbl>             <dbl>       <dbl>
1 10-17            -0.946          -54.2 0.169            0.831        108. 
2 18-30             1.66            94.9 0.204            0.796        102. 
3 31-55             1.62            93.0 0.983            0.0172        10.7
4 56-65             1.56            89.5 0.599            0.401         58.0
5 66+              -1.57           -89.9 0.200            0.800        103. 
# ℹ 3 more variables: angle_sd_approx <dbl>, n_transitions <int>,
#   consistency <chr>

Interpretation:
- R (Mean Resultant Length): 0-1 scale
  * R close to 1: All vectors point in nearly same direction (consistent)
  * R close to 0: Vectors point in many different directions (dispersed)
- Circular SD: Angular spread in degrees
  * Low values: Tight angular clustering
  * High values: Wide angular spread


=== COMBINED PATH COMPLEXITY METRICS ===
# A tibble: 5 × 8
  AgeGroup endpoint_displacement path_length tortuosity path_type            R
  <chr>                    <dbl>       <dbl>      <dbl> <chr>            <dbl>
1 10-17                    0.810       1.83        2.26 Highly tortuous  0.169
2 18-30                    0.633       1.00        1.58 Highly tortuous  0.204
3 31-55                    0.502       0.510       1.02 Nearly straight  0.983
4 56-65                    1.77        2.15        1.22 Slightly winding 0.599
5 66+                      0.979       8.66        8.85 Highly tortuous  0.200
# ℹ 2 more variables: circular_sd <dbl>, consistency <chr>

Creating visualizations...

Generating LaTeX tables...
  ✓ table_path_complexity.tex
  ✓ table_path_complexity_simple.tex
  ✓ table_drift_comparison.tex

✓ Path complexity analysis complete!
  Files created:
  - path_tortuosity.png
  - directional_consistency.png
  - path_complexity_combined.png
  - path_complexity_metrics.csv
  - sequential_vectors_with_angles.csv
  - table_path_complexity.tex
  - table_path_complexity_simple.tex
  - table_drift_comparison.tex

=============================================================
STEP 6 COMPLETE: Path complexity metrics and LaTeX tables
=============================================================


--------------------------------------------------------------
>> fig1 - Figure 1, illustrative action-space trajectory 
--------------------------------------------------------------
Advarselsbesked:
pakke 'png' blev bygget under R version 4.5.3 
wrote _scratch_figs/figures/activity_graph_v2_small.png 
wrote results/baseline/activity_graph_v2_small.png 

--------------------------------------------------------------
>> step4 (R2) - Figure 5 
--------------------------------------------------------------

Vedhæfter pakke: 'dplyr'

De følgende objekter er maskerede fra 'package:stats':

    filter, lag

De følgende objekter er maskerede fra 'package:base':

    intersect, setdiff, setequal, union

Indlæser krævet pakke: viridisLite

Vedhæfter pakke: 'scales'

Det følgende objekt er maskeret fra 'package:viridis':

    viridis_pal


=== STEP 4 REVISED: ARITHMETIC MEAN BASELINE ===

Loading from:  data/kernels/baseline 
Saving to:     results/baseline 

Using HOME_CUTOFF =  0.02  km (must match Step 2)

Loading KDE densities from Step 2...
  ✓ Loaded year-bin KDE ( 276480 rows)

Computing action-space metrics (Eq. 6 and Eq. 7)...

Computing year-bin metrics for all periods...
  Eq. (7) reference: 'base5' over 5 periods, per age group
  ✓ Year-bin metrics ( 30  rows)
# A tibble: 12 × 8
   AgeGroup Period    fraction_away mean_distance mean_distance_active volume
   <fct>    <fct>             <dbl>         <dbl>                <dbl>  <dbl>
 1 10-17    2007–2009         0.278          1.42                 5.14   34.0
 2 10-17    2010–2012         0.273          1.50                 5.52   35.9
 3 10-17    2013–2015         0.279          1.52                 5.55   36.5
 4 10-17    2016–2018         0.296          1.65                 5.68   39.5
 5 10-17    2019–2021         0.255          1.42                 5.73   34.1
 6 10-17    2022–2024         0.270          1.55                 5.87   37.1
 7 18-30    2007–2009         0.301          3.25                10.9    77.9
 8 18-30    2010–2012         0.286          3.12                11.0    75.0
 9 18-30    2013–2015         0.287          3.26                11.4    78.2
10 18-30    2016–2018         0.290          3.27                11.4    78.5
11 18-30    2019–2021         0.264          3.25                12.4    78.0
12 18-30    2022–2024         0.268          3.20                12.0    76.8
# ℹ 2 more variables: dist_p90 <dbl>, var_distance <dbl>

Computing baseline as arithmetic mean across periods...
  ✓ Baseline metrics computed from period averages:
# A tibble: 5 × 8
  AgeGroup fraction_away mean_distance mean_distance_active volume dist_p90
  <fct>            <dbl>         <dbl>                <dbl>  <dbl>    <dbl>
1 10-17           0.275          1.51                  5.58   36.2     9.78
2 18-30           0.283          3.22                 11.5    77.4    14.6 
3 31-55           0.288          3.84                 13.5    92.2    14.5 
4 56-65           0.226          2.98                 13.2    71.5    14.7 
5 66+             0.0888         0.962                10.9    23.1    20.7 
# ℹ 2 more variables: var_distance <dbl>, Period <chr>

COMPARISON: This baseline is now the arithmetic mean of the six period values,
            NOT the pooled KDE baseline from Step 2.

Computing changes from arithmetic mean baseline...
  ✓ Changes computed ( 30  rows)

Sample of percentage changes:
# A tibble: 30 × 5
   AgeGroup Period    mean_distance_active mean_distance_active_baseline
   <fct>    <fct>                    <dbl>                         <dbl>
 1 10-17    2007–2009                 5.14                          5.58
 2 10-17    2010–2012                 5.52                          5.58
 3 10-17    2013–2015                 5.55                          5.58
 4 10-17    2016–2018                 5.68                          5.58
 5 10-17    2019–2021                 5.73                          5.58
 6 10-17    2022–2024                 5.87                          5.58
 7 18-30    2007–2009                10.9                          11.5 
 8 18-30    2010–2012                11.0                          11.5 
 9 18-30    2013–2015                11.4                          11.5 
10 18-30    2016–2018                11.4                          11.5 
# ℹ 20 more rows
# ℹ 1 more variable: pct_change_distance <dbl>

VALIDATION: Sum of percentage changes by age group (should be ≈ 0):
# A tibble: 5 × 3
  AgeGroup sum_pct_change sum_absolute_change
  <fct>             <dbl>               <dbl>
1 10-17         -4.85e-14           -2.66e-15
2 18-30          4.63e-14            5.33e-15
3 31-55          2.70e-14            3.55e-15
4 56-65          4.09e-14            5.33e-15
5 66+            1.61e-14            1.78e-15

Creating updated plots...
  ✓ mean_distance_trend_TRIPWEIGHTED_REVISED.png
  ✓ action_space_trajectory_TRIPWEIGHTED.png
  ✓ mobility_decomposition_TRIPWEIGHTED_REVISED.png
  ✓ Figure_R2_5.png (2-panel heatmap)

Creating summary table...

=== Summary: mean distance when away by age group (Eq. 7) ===
# A tibble: 5 × 6
  AgeGroup baseline_dist mean_dist min_dist max_dist range_dist
  <fct>            <dbl>     <dbl>    <dbl>    <dbl>      <dbl>
1 10-17             5.58      5.58     5.14     5.87       0.73
2 18-30            11.5      11.5     10.9     12.4        1.46
3 31-55            13.5      13.5     12.4     14.3        1.85
4 56-65            13.2      13.2     11.9     14.8        2.89
5 66+              10.9      10.9      9.65    12.0        2.33

Saving data tables...
  ✓ action_space_metrics_TRIPWEIGHTED.csv
  ✓ action_space_changes_TRIPWEIGHTED_REVISED.csv

======================================================================
KEY DIFFERENCES FROM ORIGINAL VERSION:
======================================================================

ORIGINAL APPROACH:
  • Baseline = pooled KDE on all 2007-2024 data
  • Dashed lines ≠ arithmetic mean of visible points
  • Heatmap values relative to pooled baseline

REVISED APPROACH:
  • Baseline = arithmetic mean of six period values
  • Dashed lines = arithmetic mean of visible points
  • Heatmap values relative to arithmetic mean
  • Changes now sum to ≈0 for each age group

VISUAL CONSISTENCY:
  • Line plot and heatmap now use SAME baseline definition
  • Dashed lines directly interpretable from data
  • Percentage changes balanced around zero

======================================================================
STEP 4 REVISED COMPLETE - ARITHMETIC MEAN BASELINE
======================================================================

NEW plots created (with _REVISED suffix):
  1. mean_distance_trend_TRIPWEIGHTED_REVISED.png
  2. action_space_trajectory_TRIPWEIGHTED_REVISED.png
  3. mobility_decomposition_TRIPWEIGHTED_REVISED.png
  4. distance_change_heatmap_TRIPWEIGHTED_REVISED.png

NEW data tables (with _REVISED suffix):
  • action_space_metrics_TRIPWEIGHTED.csv
  • action_space_changes_TRIPWEIGHTED.csv

NEXT STEPS:
  1. Compare _REVISED.png files with originals
  2. Verify that heatmap values now make sense
  3. Check that dashed lines in trend plot equal arithmetic mean
  4. Update manuscript captions accordingly

All outputs saved to:  results/baseline 

======================================================================

--------------------------------------------------------------
>> step7 - Supplementary Figure S4 
--------------------------------------------------------------

=== STEP 7: URBAN ROBUSTNESS COMPARISON ===

Loading step 4 outputs...
  ✓ Loaded: baseline ( 35 rows)
  ✓ Loaded: city_10000 ( 35 rows)
  ✓ Loaded: city_25000 ( 35 rows)
  ✓ Loaded: city_50000 ( 35 rows)
  ✓ Loaded: city_100000 ( 35 rows)

Loaded 5 of 5 scenarios.

Computing drift vectors per scenario...
  ✓ Drift vectors computed for all scenarios

--- Drift summary (% change in mean distance, baseline → 2022-24) ---
# A tibble: 25 × 4
   scenario    AgeGroup pct_change_distance pct_change_time
   <fct>       <fct>                  <dbl>           <dbl>
 1 baseline    10-17                   5.76           -3.15
 2 baseline    18-30                   5.76           -6.35
 3 baseline    31-55                   6.61           -6.17
 4 baseline    56-65                  12.9             8.15
 5 baseline    66+                     2.92            4.16
 6 city_10000  10-17                  13.2            -3.51
 7 city_10000  18-30                   7.43           -7.22
 8 city_10000  31-55                   4.57           -6.90
 9 city_10000  56-65                  14.2             6.15
10 city_10000  66+                     5.22            5.44
11 city_25000  10-17                  13.0            -3.87
12 city_25000  18-30                   4.76           -7.98
13 city_25000  31-55                   5.38           -6.85
14 city_25000  56-65                  17.6             5.04
15 city_25000  66+                     3.11            7.16
16 city_50000  10-17                  12.5            -5.67
17 city_50000  18-30                   6.66           -7.16
18 city_50000  31-55                   5.39           -7.57
19 city_50000  56-65                  15.7             3.67
20 city_50000  66+                    -2.00            8.20
21 city_100000 10-17                  15.1            -5.64
22 city_100000 18-30                   7.09           -7.95
23 city_100000 31-55                   3.80           -8.55
24 city_100000 56-65                  11.4             3.97
25 city_100000 66+                    -8.41            5.28

Creating 5-panel drift comparison figure...
Advarselsbesked:
I ggrepel::geom_text_repel(data = label_data, aes(x = x_end, y = y_end,  :
  Ignoring unknown parameters: `segment.linewidth`
Advarselsbeskeder:
1: Removed 4 rows containing missing values or values outside the scale range
(`geom_segment()`). 
2: Removed 4 rows containing missing values or values outside the scale range
(`geom_point()`). 
3: Removed 4 rows containing missing values or values outside the scale range
(`geom_point()`). 
4: Removed 36 rows containing missing values or values outside the scale range
(`geom_text_repel()`). 
5: Removed 5 rows containing missing values or values outside the scale range
(`geom_hline()`). 
  ✓ urban_drift_comparison.png
Creating drift summary dot plot...
  ✓ urban_drift_summary.png
  ✓ urban_drift_data.csv

--- Consistency check: age-group ordering preserved? ---
(Spatial expansion ranking should be: 18-30 > 10-17 ≈ 31-55 > 56-65 ≈ 66+)

# A tibble: 5 × 6
  AgeGroup baseline city_10000 city_100000 city_25000 city_50000
  <fct>       <dbl>      <dbl>       <dbl>      <dbl>      <dbl>
1 56-65        12.9       14.2        11.4       17.6       15.7
2 31-55         6.6        4.6         3.8        5.4        5.4
3 10-17         5.8       13.2        15.1       13         12.5
4 18-30         5.8        7.4         7.1        4.8        6.7
5 66+           2.9        5.2        -8.4        3.1       -2  

=================================================================
STEP 7 COMPLETE: Urban robustness comparison
=================================================================

Outputs written to:  results/urban_robustness 
  urban_drift_comparison.png  — 5-panel drift figure (replaces SI4)
  urban_drift_summary.png     — % change summary across thresholds
  urban_drift_data.csv        — underlying data

Interpretation guidance:
  If drift direction and age-group ordering are consistent across
  panels, this confirms that the headline results are not driven by
  rural/urban composition.
  Larger absolute magnitudes in city-restricted panels are expected
  because rural individuals (who have less spatial expansion) are
  progressively excluded.

Note on non-nested strata:
  Truly non-nested strata (rural-only, small-urban-only, etc.) would
  require re-running step2_kernel_generation.R on raw microdata with
  stratum-specific filters. These results use the best evidence
  available from the shared kernel artifacts.


--------------------------------------------------------------
>> step8 (R2) - arrow fan: All individuals 
--------------------------------------------------------------

=== STEP 8: BOOTSTRAP ARROW-FAN UNCERTAINTY (R2 VERSION) ===

Scenario   : baseline 
Replicates : 500 

Loading step 4 KDE-based point estimates...
  ✓ KDE drift vectors (full) loaded
  ✓ KDE drift vectors (pre-pandemic) loaded

Loading grid_mv_step2.rds...
  ✓ Loaded: 11,072,448 rows, 115,338 sessions

Precomputing per-cell KDE structures for the Eq. (7) bootstrap...
  OK 30 of 30 age-period cells prepared

Running 500 bootstrap replicates (Full Scenario)...
    replicate 50 / 500 
    replicate 100 / 500 
    replicate 150 / 500 
    replicate 200 / 500 
    replicate 250 / 500 
    replicate 300 / 500 
    replicate 350 / 500 
    replicate 400 / 500 
    replicate 450 / 500 
    replicate 500 / 500 
  OK Full Scenario Bootstrap complete

Running 500 bootstrap replicates (Pre-Pandemic)...
  OK Pre-Pandemic Bootstrap complete

  ✓ bootstrap_summary.csv saved
  OK bootstrap_timing_summary.csv saved
# A tibble: 5 × 7
  AgeGroup hour_base hour_end hour_shift hour_shift_median hour_shift_lo
  <chr>        <dbl>    <dbl>      <dbl>             <dbl>         <dbl>
1 10-17         12.9     12.8    -0.0859           -0.0877        -0.18 
2 18-30         13.6     13.3    -0.213            -0.214         -0.296
3 31-55         12.9     12.7    -0.161            -0.163         -0.215
4 56-65         13.0     12.8    -0.223            -0.224         -0.318
5 66+           14.1     14.0    -0.0581           -0.0572        -0.214
# ℹ 1 more variable: hour_shift_hi <dbl>
  ✓ prepandemic_drift_summary.csv saved
  ✓ prepandemic_drift_replicates.csv saved

--- Pre-pandemic drift (2007-2009 to 2016-2018) ---
 AgeGroup      dx   dx_lo  dx_hi dx_significant     dy   dy_lo  dy_hi
    10-17  0.0180  0.0101 0.0259           TRUE 0.5459  0.0980 1.0095
    18-30 -0.0110 -0.0218 0.0001          FALSE 0.4539 -0.2601 1.3086
    31-55  0.0086  0.0026 0.0152           TRUE 1.3449  0.8700 1.8857
    56-65  0.0312  0.0195 0.0413           TRUE 0.9642  0.0572 1.7853
      66+  0.0064  0.0000 0.0127          FALSE 1.7652  0.4718 3.0605
 dy_significant
           TRUE
          FALSE
           TRUE
           TRUE
           TRUE

Creating Figure_R2_6a.png...
  exported as Figure_R2_6a.png 
  ✓ Figure_R2_6a.png saved to Overleaf and results
Creating Figure_R2_S8.png...
  ✓ Figure_R2_S8.png saved to Overleaf and results
Creating diagnostic % change distribution plot...
  ✓ bootstrap_pct_change.png saved

=== STEP 8 COMPLETE: Bootstrap Arrow-Fan Uncertainty (R2 Version) ===


--------------------------------------------------------------
>> step8 (R2) - arrow fan: Males 
--------------------------------------------------------------

=== STEP 8: BOOTSTRAP ARROW-FAN UNCERTAINTY (R2 VERSION) ===

Scenario   : sex1 
Replicates : 500 

Loading step 4 KDE-based point estimates...
  ✓ KDE drift vectors (full) loaded
  ✓ KDE drift vectors (pre-pandemic) loaded

Loading grid_mv_step2.rds...
  ✓ Loaded: 5,403,936 rows, 56,291 sessions

Precomputing per-cell KDE structures for the Eq. (7) bootstrap...
  OK 30 of 30 age-period cells prepared

Running 500 bootstrap replicates (Full Scenario)...
    replicate 50 / 500 
    replicate 100 / 500 
    replicate 150 / 500 
    replicate 200 / 500 
    replicate 250 / 500 
    replicate 300 / 500 
    replicate 350 / 500 
    replicate 400 / 500 
    replicate 450 / 500 
    replicate 500 / 500 
  OK Full Scenario Bootstrap complete

Running 500 bootstrap replicates (Pre-Pandemic)...
  OK Pre-Pandemic Bootstrap complete

  ✓ bootstrap_summary.csv saved
  OK bootstrap_timing_summary.csv saved
# A tibble: 5 × 7
  AgeGroup hour_base hour_end hour_shift hour_shift_median hour_shift_lo
  <chr>        <dbl>    <dbl>      <dbl>             <dbl>         <dbl>
1 10-17         12.8     12.7     -0.085           -0.0877        -0.201
2 18-30         13.4     13.2     -0.214           -0.209         -0.338
3 31-55         12.8     12.6     -0.148           -0.150         -0.213
4 56-65         12.7     12.5     -0.219           -0.221         -0.342
5 66+           13.9     13.7     -0.150           -0.160         -0.343
# ℹ 1 more variable: hour_shift_hi <dbl>
  ✓ prepandemic_drift_summary.csv saved
  ✓ prepandemic_drift_replicates.csv saved

--- Pre-pandemic drift (2007-2009 to 2016-2018) ---
 AgeGroup      dx   dx_lo   dx_hi dx_significant     dy   dy_lo  dy_hi
    10-17  0.0217  0.0110  0.0339           TRUE 0.6999  0.0596 1.3726
    18-30 -0.0173 -0.0322 -0.0032           TRUE 0.1553 -1.0345 1.3499
    31-55  0.0101  0.0009  0.0193           TRUE 1.2691  0.5518 2.0306
    56-65  0.0284  0.0127  0.0428           TRUE 0.5767 -0.7502 1.7359
      66+  0.0041 -0.0054  0.0143          FALSE 0.6971 -0.9509 2.5257
 dy_significant
           TRUE
          FALSE
           TRUE
          FALSE
          FALSE

Creating Figure_R2_6a.png...
  exported as drift_vectors_males.png 
  ✓ Figure_R2_6a.png saved to Overleaf and results
Creating Figure_R2_S8.png...
  ✓ Figure_R2_S8.png saved to Overleaf and results
Creating diagnostic % change distribution plot...
  ✓ bootstrap_pct_change.png saved

=== STEP 8 COMPLETE: Bootstrap Arrow-Fan Uncertainty (R2 Version) ===


--------------------------------------------------------------
>> step8 (R2) - arrow fan: Females 
--------------------------------------------------------------

=== STEP 8: BOOTSTRAP ARROW-FAN UNCERTAINTY (R2 VERSION) ===

Scenario   : sex2 
Replicates : 500 

Loading step 4 KDE-based point estimates...
  ✓ KDE drift vectors (full) loaded
  ✓ KDE drift vectors (pre-pandemic) loaded

Loading grid_mv_step2.rds...
  ✓ Loaded: 5,668,512 rows, 59,047 sessions

Precomputing per-cell KDE structures for the Eq. (7) bootstrap...
  OK 30 of 30 age-period cells prepared

Running 500 bootstrap replicates (Full Scenario)...
    replicate 50 / 500 
    replicate 100 / 500 
    replicate 150 / 500 
    replicate 200 / 500 
    replicate 250 / 500 
    replicate 300 / 500 
    replicate 350 / 500 
    replicate 400 / 500 
    replicate 450 / 500 
    replicate 500 / 500 
  OK Full Scenario Bootstrap complete

Running 500 bootstrap replicates (Pre-Pandemic)...
  OK Pre-Pandemic Bootstrap complete

  ✓ bootstrap_summary.csv saved
  OK bootstrap_timing_summary.csv saved
# A tibble: 5 × 7
  AgeGroup hour_base hour_end hour_shift hour_shift_median hour_shift_lo
  <chr>        <dbl>    <dbl>      <dbl>             <dbl>         <dbl>
1 10-17         13.0     12.9    -0.0881           -0.0972        -0.230
2 18-30         13.7     13.5    -0.210            -0.210         -0.334
3 31-55         12.9     12.8    -0.176            -0.178         -0.239
4 56-65         13.3     13.0    -0.225            -0.226         -0.374
5 66+           14.3     14.4     0.0615            0.0592        -0.131
# ℹ 1 more variable: hour_shift_hi <dbl>
  ✓ prepandemic_drift_summary.csv saved
  ✓ prepandemic_drift_replicates.csv saved

--- Pre-pandemic drift (2007-2009 to 2016-2018) ---
 AgeGroup      dx   dx_lo  dx_hi dx_significant     dy   dy_lo  dy_hi
    10-17  0.0144  0.0026 0.0262           TRUE 0.3841 -0.2612 1.0395
    18-30 -0.0057 -0.0204 0.0093          FALSE 0.8155 -0.2963 1.9821
    31-55  0.0061 -0.0020 0.0135          FALSE 1.3707  0.6918 2.0305
    56-65  0.0359  0.0211 0.0501           TRUE 1.5909  0.4426 2.8526
      66+  0.0075 -0.0007 0.0151          FALSE 2.7272  1.3426 4.4062
 dy_significant
          FALSE
          FALSE
           TRUE
           TRUE
           TRUE

Creating Figure_R2_6a.png...
  exported as drift_vectors_females.png 
  ✓ Figure_R2_6a.png saved to Overleaf and results
Creating Figure_R2_S8.png...
  ✓ Figure_R2_S8.png saved to Overleaf and results
Creating diagnostic % change distribution plot...
  ✓ bootstrap_pct_change.png saved

=== STEP 8 COMPLETE: Bootstrap Arrow-Fan Uncertainty (R2 Version) ===


--------------------------------------------------------------
>> step9 - Supplementary Figure S6, Table S6 
--------------------------------------------------------------

=== STEP 9: Bandwidth Sensitivity Analysis ===

Loading H_D = 3 km ...
  Rows: 276480 
  Eq. (7) reference: 'base5' over 5 periods, per age group
Loading H_D = 5 km (baseline) ...
  Rows: 276480 
  Eq. (7) reference: 'base5' over 5 periods, per age group
Loading H_D = 7 km ...
  Rows: 276480 
  Eq. (7) reference: 'base5' over 5 periods, per age group

Metrics computed. Periods found: 2007-2009, 2010-2012, 2013-2015, 2016-2018, 2019-2021, 2022-2024 

Drift in final period (2022–2024):
# A tibble: 15 × 5
   AgeGroup bw_label              mean_distance_active baseline_mda  drift
   <fct>    <chr>                                <dbl>        <dbl>  <dbl>
 1 10-17    H_D = 5 km (baseline)                 5.87         5.58 0.290 
 2 10-17    H_D = 3 km                            5.53         5.22 0.306 
 3 10-17    H_D = 7 km                            6.19         5.91 0.277 
 4 18-30    H_D = 5 km (baseline)                12.0         11.5  0.483 
 5 18-30    H_D = 3 km                           11.7         11.2  0.494 
 6 18-30    H_D = 7 km                           12.3         11.8  0.472 
 7 31-55    H_D = 5 km (baseline)                14.3         13.5  0.777 
 8 31-55    H_D = 3 km                           14.0         13.3  0.782 
 9 31-55    H_D = 7 km                           14.6         13.8  0.774 
10 56-65    H_D = 5 km (baseline)                14.8         13.2  1.57  
11 56-65    H_D = 3 km                           14.5         13.0  1.58  
12 56-65    H_D = 7 km                           15.1         13.5  1.54  
13 66+      H_D = 5 km (baseline)                10.9         10.9  0.0866
14 66+      H_D = 3 km                           10.6         10.5  0.0983
15 66+      H_D = 7 km                           11.3         11.2  0.0792

Saved: bw_trajectory.png
Saved: bw_drift_comparison.png
Saved: bw_drift_bars.png
Saved: bw_drift_summary.csv

=== DRIFT SUMMARY (final period) ===
# A tibble: 5 × 4
  AgeGroup baseline    bw3    bw7
  <fct>       <dbl>  <dbl>  <dbl>
1 10-17      0.290  0.306  0.277 
2 18-30      0.483  0.494  0.472 
3 31-55      0.777  0.782  0.774 
4 56-65      1.57   1.58   1.54  
5 66+        0.0866 0.0983 0.0792

=== STEP 9 COMPLETE ===
Outputs in:  ./results/bandwidth_sensitivity 

--------------------------------------------------------------
>> step9b - Supplementary Table S7 
--------------------------------------------------------------

=== STEP 9b: Temporal Bandwidth Sensitivity Analysis ===

Loading H_T = 0.5 h ...
  Rows: 276480 
  Eq. (7) reference: 'base5' over 5 periods, per age group
Loading H_T = 1 h (baseline) ...
  Rows: 276480 
  Eq. (7) reference: 'base5' over 5 periods, per age group
Loading H_T = 2 h ...
  Rows: 276480 
  Eq. (7) reference: 'base5' over 5 periods, per age group
Advarselsbesked:
I compute_cell_metrics(dat, HOME_CUTOFF) :
  Eq. (7): 21 slice(s) carry no away mass and enter the fixed-weight mean as zero distance.

Metrics computed. Periods found: 2007-2009, 2010-2012, 2013-2015, 2016-2018, 2019-2021, 2022-2024 

Drift in final period (2022-2024):
# A tibble: 15 × 4
   AgeGroup bw_label             drift_distance drift_fraction
   <fct>    <chr>                         <dbl>          <dbl>
 1 10-17    H_T = 1 h (baseline)         0.290        -0.00477
 2 10-17    H_T = 0.5 h                  0.296        -0.00476
 3 10-17    H_T = 2 h                    0.287        -0.00477
 4 18-30    H_T = 1 h (baseline)         0.483        -0.0145 
 5 18-30    H_T = 0.5 h                  0.484        -0.0145 
 6 18-30    H_T = 2 h                    0.482        -0.0145 
 7 31-55    H_T = 1 h (baseline)         0.777        -0.0141 
 8 31-55    H_T = 0.5 h                  0.779        -0.0141 
 9 31-55    H_T = 2 h                    0.776        -0.0141 
10 56-65    H_T = 1 h (baseline)         1.57          0.0161 
11 56-65    H_T = 0.5 h                  1.56          0.0161 
12 56-65    H_T = 2 h                    1.57          0.0161 
13 66+      H_T = 1 h (baseline)         0.0866        0.00364
14 66+      H_T = 0.5 h                  0.0820        0.00364
15 66+      H_T = 2 h                    0.0890        0.00364

Saved: ht_drift_bars.png
Saved: ht_drift_summary.csv
Saved: table_ht_sensitivity.tex

=== TEMPORAL BANDWIDTH DRIFT SUMMARY (final period) ===

Distance when away (km):
# A tibble: 5 × 4
  AgeGroup baseline   ht05   ht20
  <fct>       <dbl>  <dbl>  <dbl>
1 10-17      0.290  0.296  0.287 
2 18-30      0.483  0.484  0.482 
3 31-55      0.777  0.779  0.776 
4 56-65      1.57   1.56   1.57  
5 66+        0.0866 0.0820 0.0890

Fraction of day away:
# A tibble: 5 × 4
  AgeGroup baseline   ht05   ht20
  <fct>       <dbl>  <dbl>  <dbl>
1 10-17      -0.477 -0.476 -0.477
2 18-30      -1.45  -1.45  -1.45 
3 31-55      -1.41  -1.41  -1.41 
4 56-65       1.61   1.61   1.61 
5 66+         0.364  0.364  0.364

All signs stable across temporal bandwidths: TRUE

=== STEP 9b COMPLETE ===
Outputs in:  ./results/bandwidth_sensitivity 

--------------------------------------------------------------
>> check - drift period comparison table 
--------------------------------------------------------------

=== DRIFT PERIOD COMPARISON (baseline) ===

 AgeGroup endpoint_pre_dx endpoint_pre_dy s8_window_dx s8_window_dy
    10-17           1.805           0.546        1.453        0.212
    18-30          -1.095           0.454       -0.118        0.181
    31-55           0.856           1.345        0.631        0.602
    56-65           3.123           0.964        2.355        0.196
      66+           0.640           1.765        0.611        0.852
 fig6a_full_dx fig6a_full_dy
        -0.477         0.290
        -1.447         0.483
        -1.412         0.777
         1.605         1.567
         0.364         0.087

dx = change in fraction of day away from home (percentage points) 
dy = change in mean distance when away (km)

Written: results/baseline/drift_periods_comparison.csv


--------------------------------------------------------------
>> step11 - Supplementary Table S4, pandemic departures 
--------------------------------------------------------------

=== STEP 11: DEPARTURE FROM PRE-PANDEMIC TREND ===

  Sessions: 115,338 

Preparing 30 age-period cells...
