"replicate","AgeGroup","dx","dy"
1,"10-17",0.00335858072029571,0.34554238117873
1,"18-30",-0.0307822538409609,-0.182869241777185
1,"31-55",0.0025339869311082,0.0983478026690865
1,"56-65",0.016552507887989,1.22195439181538
1,"66+",0.0013295123262846,0.664329097926401
2,"10-17",0.00297046683125923,-0.0709985696911577
2,"18-30",-0.0202549099007741,0.275690423013435
2,"31-55",0.00163847972521926,1.14841872766666
2,"56-65",0.0393962299012369,1.02784793439251
2,"66+",0.00904458516595289,0.825619042775339
3,"10-17",0.0100642599322103,0.236944734445492
3,"18-30",-0.0297851356427559,0.258110960964867
3,"31-55",-0.00585393314894937,0.261736031628163
3,"56-65",0.0109134230882739,-0.198944535793133
3,"66+",0.00687117443981536,0.488099700330846
4,"10-17",0.0186833243732132,0.00440029305528267
4,"18-30",-0.00304230067470147,0.419396865851409
4,"31-55",-0.00313407788790324,0.352341476384196
4,"56-65",0.0164511486716547,0.579727661882467
4,"66+",0.0130710960448488,1.27065690365223
5,"10-17",0.0114644163053532,0.233621760399498
5,"18-30",-0.0123139260569796,0.112584642448604
5,"31-55",-0.00158307336799017,0.434542800165657
5,"56-65",0.0304998947181748,1.07462186866894
5,"66+",0.00356862242247448,1.06457512792882
6,"10-17",0.0186510882179357,-0.0354175091567033
6,"18-30",-0.0137080479385095,-0.603701651628226
6,"31-55",0.00903717199666173,-0.0290171201157683
6,"56-65",0.0405847431489218,0.73084122324776
6,"66+",0.000326415383772333,0.668581089963412
7,"10-17",-0.00171366112392974,0.0964168069596374
7,"18-30",-0.00213991519857033,0.513762395575965
7,"31-55",0.0073464104138022,0.170001361636167
7,"56-65",0.00979914524701356,-0.535775345331691
7,"66+",0.00319449876174494,0.670271691873071
8,"10-17",0.00354081499292496,0.0262009188701007
8,"18-30",-0.0086817742665057,0.265742462558993
8,"31-55",-0.000396816949521242,0.166709459893889
8,"56-65",0.0275213566067531,0.837730733837794
8,"66+",0.000945565012994202,0.548785520160298
9,"10-17",0.00772003739819437,0.0919675253426626
9,"18-30",-0.0222913464714507,0.292675428256113
9,"31-55",0.000675590641945242,0.17599534053654
9,"56-65",0.0292006829678269,0.574820781434292
9,"66+",0.008263554384207,0.284325091252725
10,"10-17",0.00372137290653212,-0.574822443738762
10,"18-30",-0.011746597879605,0.103681601190774
10,"31-55",-0.00754069300890956,-0.031203605487059
10,"56-65",0.0203693020118521,0.458947588280559
10,"66+",0.00410556848308841,0.669156467926096
11,"10-17",0.001222534228484,0.267305214383638
11,"18-30",-0.0102668149212553,-0.364686907380084
11,"31-55",0.0108198997570927,0.154840180837924
11,"56-65",0.025977269143173,0.083476398068716
11,"66+",-0.00261096702045046,0.544771610501281
12,"10-17",0.00502272467085179,-0.904290436230862
12,"18-30",-0.0139192459359571,0.69893496210966
12,"31-55",-0.00183161430259119,0.161283857153328
12,"56-65",0.03628317622337,0.745868067670726
12,"66+",0.000393147445443987,0.635550079550025
13,"10-17",0.00917686616284496,0.359500286810807
13,"18-30",-0.0125597585552752,0.193802933426229
13,"31-55",0.000568064651968866,0.488821508412567
13,"56-65",0.0284504769789092,0.254611200341957
13,"66+",0.0012370636881941,0.296699924931635
14,"10-17",0.00555695527014127,0.0947723768816191
14,"18-30",-0.00860579372642752,0.556723539777213
14,"31-55",0.00630580163112489,0.409297517137176
14,"56-65",0.0265756843809248,0.028854074006024
14,"66+",0.00327923135163512,0.465951731509106
15,"10-17",0.00495364699021849,0.2297994008258
15,"18-30",-0.0187190546838164,0.522563932023231
15,"31-55",-0.00270770881921188,0.376047525525706
15,"56-65",0.0210195306236404,-0.115932181469468
15,"66+",0.00195905511367401,0.369557469482592
16,"10-17",0.00207654041442928,-0.0462436634313077
16,"18-30",-0.00191841133177735,-0.0579891539085468
16,"31-55",0.00821709060018463,0.457236146112894
16,"56-65",0.0406672896816936,0.516288012598101
16,"66+",0.00207696704818028,0.253792148219807
17,"10-17",0.00608083646282686,0.0289490170966258
17,"18-30",-0.0263813583035511,-0.0795829954935145
17,"31-55",0.00436265508542285,0.044529237850645
17,"56-65",0.0276521012728274,-0.348441011609883
17,"66+",0.00437543244116011,0.568748319461945
18,"10-17",0.0154376043042844,0.177632672119803
18,"18-30",-0.0152389256003724,0.367127088322175
18,"31-55",0.00103697387648046,0.201916652993794
18,"56-65",0.0260733188214787,-0.00159687183619839
18,"66+",0.00676381968393614,0.0193121183921459
19,"10-17",0.0103466510527364,0.116757561913301
19,"18-30",-0.0173948011433284,0.15882114269434
19,"31-55",0.00439558852989521,0.602994323176567
19,"56-65",0.0321052153639887,1.10173972944703
19,"66+",0.00686774560665794,0.641250419468709
20,"10-17",0.00572456445190411,-0.13430530155114
20,"18-30",-0.0155803189097553,0.793036144018331
20,"31-55",0.00514117784891312,0.498263539715751
20,"56-65",0.0243595325658757,0.535914342946353
20,"66+",0.0102381520906598,1.01503060254034
21,"10-17",0.00474666968258197,-0.413079694128961
21,"18-30",-0.0143548213274972,-0.112603823477117
21,"31-55",0.00856961271898784,-0.0310076143717397
21,"56-65",0.00753247544981359,0.196591436569591
21,"66+",0.0105653814074529,1.09779721688616
22,"10-17",0.00781333505064451,-0.072192100054679
22,"18-30",-0.0186445255730822,0.493775512094255
22,"31-55",0.00887122401535819,0.227542363766212
22,"56-65",0.0358824152959444,0.468749517798921
22,"66+",0.00727757923977328,0.651641891950605
23,"10-17",0.0037445501764714,0.0481904250783534
23,"18-30",-0.0325032406098835,0.35351983752768
23,"31-55",0.00587456987393938,0.480440624673826
23,"56-65",0.0319804256843058,0.375790059603133
23,"66+",0.00558461283557339,0.379914263671459
24,"10-17",0.00450231271898704,0.211698172471255
24,"18-30",-0.0181320731314526,0.226151175271275
24,"31-55",-0.00457661283812758,0.601534519594207
24,"56-65",0.0255088490065918,0.362160682515532
24,"66+",0.00673375115389061,0.767535660206301
25,"10-17",0.0158058883700972,0.309846951994214
25,"18-30",-0.0176181222397034,-0.373328951444908
25,"31-55",0.00429591568122203,0.0234887113778541
25,"56-65",0.0184643942230595,0.517165358486601
25,"66+",0.0100501121787257,0.67251876043945
26,"10-17",0.00399407092961101,0.343851910228054
26,"18-30",-0.0142985838399734,-0.166010202388842
26,"31-55",-0.000649009381867108,0.580648726083077
26,"56-65",0.0216082086262409,0.82517953095797
26,"66+",0.00784993814332697,0.792471488268956
27,"10-17",7.46930290228477e-05,0.0641290010686513
27,"18-30",-0.00729024729738616,-0.0385471628051554
27,"31-55",0.00297859319020174,-0.217450660322511
27,"56-65",0.0357476240214285,0.292133290705134
27,"66+",0.00461199584076586,0.252135801023242
28,"10-17",-0.00291254682112625,-0.0441551024844369
28,"18-30",-0.0203043467443647,-0.0483048410870931
28,"31-55",0.00346305070960098,0.347499514671061
28,"56-65",0.037881043286214,0.513408914517637
28,"66+",0.00426451725960826,0.64301513524752
29,"10-17",0.000321641505248154,0.13051339305333
29,"18-30",-0.0151370549317219,0.51633596197588
29,"31-55",-0.000359343953567274,0.197415774369467
29,"56-65",0.0309802424214854,0.238036484181385
29,"66+",0.00293455939646306,0.418476823881744
30,"10-17",-0.00530313854498039,0.0395850778315703
30,"18-30",-0.0155945470586495,-0.203812547736532
30,"31-55",0.00249619383921064,0.665063263871203
30,"56-65",0.0320976870453523,0.752762049133659
30,"66+",0.00777577318329936,0.708963386778924
31,"10-17",0.00282637910095934,-0.292479374227693
31,"18-30",-0.012902774552504,-0.217654464215385
31,"31-55",0.00625812769656738,0.330708750554173
31,"56-65",0.026089607121344,0.782420157140695
31,"66+",-0.00157995417488735,0.8044529895788
32,"10-17",0.00415484936272664,0.305648975531149
32,"18-30",-0.0212428840627235,0.507851624877584
32,"31-55",-0.000481972488234986,0.256246738704577
32,"56-65",0.0228505617853591,0.321107708390915
32,"66+",0.00569088552085537,0.768224735087367
33,"10-17",-0.000905347070993885,0.179353713840039
33,"18-30",-0.0168111521363155,0.576065246126851
33,"31-55",-0.000647936412880227,0.331905074153438
33,"56-65",0.0185918405542717,0.0425802478621186
33,"66+",0.00953124116135722,0.933151880051381
34,"10-17",0.00374490526175719,-0.157792740831592
34,"18-30",-0.0326545144615265,0.349476045521699
34,"31-55",-0.0021709169511591,0.492072085393464
34,"56-65",0.0316800462499551,0.477641711565914
34,"66+",0.00896042490293429,0.599301537249515
35,"10-17",0.0114894573232263,-0.22988329517745
35,"18-30",-0.0197153584926371,-0.0526842004511429
35,"31-55",-0.00310478318986888,0.531936345025427
35,"56-65",0.0226356225983758,0.646576012083295
35,"66+",0.000444305629605932,0.589965041776645
36,"10-17",0.0114586039176925,0.0307367578264408
36,"18-30",-0.00867140806058826,-0.338145852444451
36,"31-55",0.00191375854952132,0.560358903734034
36,"56-65",0.0135089307312977,0.753313372818877
36,"66+",0.0060702996573897,0.224164466158004
37,"10-17",0.00461118771796364,0.0555029647643623
37,"18-30",-0.013449827890577,-0.139869493782525
37,"31-55",0.00586360837026586,-0.104737781629219
37,"56-65",0.0270746189462026,0.0497159866694711
37,"66+",0.000509787091708572,0.492341620856182
38,"10-17",-0.000702938206620492,0.262215151639556
38,"18-30",-0.0276772639830288,-0.517660799150209
38,"31-55",0.00436408341356333,0.279674515498062
38,"56-65",0.0369600742803315,0.94780624929319
38,"66+",-0.00057568747648366,0.363246379750004
39,"10-17",0.00559229496600532,0.132931006579659
39,"18-30",-0.012085596474749,-0.185190473841736
39,"31-55",-0.00166571829644772,-0.0420953098780028
39,"56-65",0.0327928980119934,0.597042289641348
39,"66+",0.00326743760458115,0.872996465070003
40,"10-17",0.00143709812940317,-0.278374797050173
40,"18-30",-0.0121549881349084,0.0527768987622191
40,"31-55",-0.000378127246628593,0.43070686396527
40,"56-65",0.0214471285531685,0.41369453601962
40,"66+",0.00351158452714079,1.01856390648886
41,"10-17",0.00689007567484461,0.520598494839676
41,"18-30",-0.0162007436699652,-0.0159947809060518
41,"31-55",0.000135221567075813,0.513831039516273
41,"56-65",0.0106739711482857,0.198172811192221
41,"66+",0.00642070108740847,0.0868889191060018
42,"10-17",0.00628497916901743,0.436122219106681
42,"18-30",-0.0217258163685668,0.525734533786449
42,"31-55",-0.00031364986559305,0.084951300175421
42,"56-65",0.0221385956661463,-0.616205374274105
42,"66+",0.00589930662025194,0.921889920995089
43,"10-17",0.00417237738989561,0.432416711259363
43,"18-30",-0.0115965603158214,0.00451441737886746
43,"31-55",0.000174342024632476,0.127651262260762
43,"56-65",0.0290513174050148,0.0158568378614597
43,"66+",0.00973428959470889,0.561556139907227
44,"10-17",0.00598723249078752,0.083328938329251
44,"18-30",-0.0161207881678997,-0.514482189995095
44,"31-55",0.00552323085010516,0.273390654828049
44,"56-65",0.0261685194272449,-0.104214673886294
44,"66+",0.00596494006458326,0.571771021673254
45,"10-17",0.00512536457201428,-0.320670408923975
45,"18-30",-0.0237238674855519,-0.225870889900589
45,"31-55",0.0046051489582409,0.208627527139148
45,"56-65",0.0251856740416142,0.396972302947295
45,"66+",0.000456826429138694,0.452257460146534
46,"10-17",-0.00461238200517911,0.168293365233366
46,"18-30",-0.0224357421536226,0.26366365149178
46,"31-55",-0.000756349678304494,-0.0562662621070176
46,"56-65",0.0316009254097256,-0.0685676145709379
46,"66+",0.00931235392857805,0.699914925633362
47,"10-17",0.00684321784081453,0.0795342187936248
47,"18-30",-0.0181145871240995,1.33684214477545
47,"31-55",0.0111482181659518,0.74160477946381
47,"56-65",0.0217890601333596,0.543932820583973
47,"66+",0.00860523866493772,0.23130017854905
48,"10-17",0.00985276759110059,0.29026159034436
48,"18-30",-0.0138004212239943,0.910971077050901
48,"31-55",-0.00241570048031884,-0.0105906438350816
48,"56-65",0.0229974556532837,0.885258562778943
48,"66+",0.00714243497767486,0.866749378214673
49,"10-17",-0.00190883478390614,-0.0865872321050887
49,"18-30",-0.0161575871208047,0.0696675255520428
49,"31-55",0.00969184097515143,0.0908650710636814
49,"56-65",0.0249805282377978,0.216799231161915
49,"66+",-0.00140008424720998,0.492972343658274
50,"10-17",-0.00917725936766218,0.0526666683296755
50,"18-30",-0.0299199180684153,0.26413228162896
50,"31-55",0.0153056018453546,0.671507130371744
50,"56-65",0.0147084478095367,0.568494023090448
50,"66+",-0.000711427794437874,0.359709452956183
51,"10-17",0.00387673150998879,-0.0481656102954431
51,"18-30",-0.024862915999383,-0.0771357155444593
51,"31-55",0.00312620589002812,0.00393963707738476
51,"56-65",0.028498701142407,0.492637803362341
51,"66+",0.0117381664362687,0.310099965859035
52,"10-17",0.00379585186175179,0.0515842128514481
52,"18-30",-0.0176626824776509,0.327066278240636
52,"31-55",-0.00126827976714614,0.249395607985364
52,"56-65",0.0390552017955938,1.07377732910407
52,"66+",0.00688442235281874,0.978807283907542
53,"10-17",0.00495057834637846,0.0655515729393283
53,"18-30",-0.0121010601876743,0.860195417535795
53,"31-55",-0.00488423390412999,0.118093620193593
53,"56-65",0.0278626086211221,0.620513045084255
53,"66+",0.0143805311190574,1.04826582647275
54,"10-17",0.00206287911976166,0.047662237030861
54,"18-30",-0.0027657128589489,0.172514604365387
54,"31-55",0.0084933930982853,0.821929856688688
54,"56-65",0.0363091637517727,1.49986866363368
54,"66+",0.00989186508152947,0.653266178962566
55,"10-17",0.00491463075243153,0.192492621376744
55,"18-30",-0.0164495072402508,-0.200891864024123
55,"31-55",-0.00904731488967934,0.0834017361932935
55,"56-65",0.018927442110958,0.175739365480329
55,"66+",0.0106883920151318,0.319122669255011
56,"10-17",0.0150038982583898,0.232939201866023
56,"18-30",-0.00876588978521727,-0.0619409382041844
56,"31-55",0.0109242341315252,-0.00962705313153012
56,"56-65",0.0194152602948018,0.650282780360608
56,"66+",0.00364429819858022,0.831263297745364
57,"10-17",0.00656129619478967,0.108058471869523
57,"18-30",-0.0236240920927537,-0.0118829910659017
57,"31-55",0.00297118502155143,0.0901230959825228
57,"56-65",0.0304095269187623,0.545527539305488
57,"66+",0.00128133874639493,0.707779825452232
58,"10-17",0.012008838976163,0.177509123267876
58,"18-30",-0.0101465845409368,0.414182638037981
58,"31-55",-4.08619861561408e-05,0.0981043464145845
58,"56-65",0.0267960836836872,0.552015739043267
58,"66+",-0.00333970994113024,0.0951619069612863
59,"10-17",0.00458107082708519,-0.52354517717017
59,"18-30",-0.00799094346875308,-0.330371356413782
59,"31-55",-0.000272118597578733,0.216806783587708
59,"56-65",0.0186299002322551,0.711772382377211
59,"66+",-0.00513956365792643,0.170096368803677
60,"10-17",0.00992208715587877,0.0910962160565365
60,"18-30",-0.0100103770382069,0.19961331784327
60,"31-55",0.00655937293993593,0.24903855223051
60,"56-65",0.0300005415148978,0.90263111703684
60,"66+",0.00806129053014132,0.650060402847233
61,"10-17",0.00716166013541441,0.228502191557108
61,"18-30",-0.0184931872208438,-0.302849209510206
61,"31-55",0.00225963883639898,-0.240405498716154
61,"56-65",0.0298933641086771,1.14133380559448
61,"66+",0.000800795498441673,0.340367045817848
62,"10-17",0.00807655126114564,-0.0277770265596464
62,"18-30",-0.013262677483653,-0.139087970682259
62,"31-55",0.00408370203518529,0.620577859138251
62,"56-65",0.0295772002089547,0.76853452565848
62,"66+",0.00396016847572391,0.0322999761178571
63,"10-17",0.00852398638938023,0.0234335475339158
63,"18-30",-0.0183623556878209,0.361517401916268
63,"31-55",0.00778041791320601,0.483850701536958
63,"56-65",0.0323755813540911,0.120962936401301
63,"66+",0.0108772542434161,0.646079381545048
64,"10-17",0.000468431294321941,0.110719181996662
64,"18-30",-0.022044616346993,-0.27471335294669
64,"31-55",0.00253444688952616,0.136361802246246
64,"56-65",0.0206572329860278,0.372693869152993
64,"66+",0.00442488110841505,0.808450558958741
65,"10-17",-0.0040218632256906,0.00774520600657214
65,"18-30",-0.0177531395656854,-0.0407413730904222
65,"31-55",-0.000592068251424918,0.173661082458448
65,"56-65",0.030014501077797,0.607820493985261
65,"66+",0.0126069703109841,0.661538282983344
66,"10-17",0.00326880840556248,0.124979874023963
66,"18-30",-0.0120599391545626,0.256898764107193
66,"31-55",0.0084258508563241,1.0399923257539
66,"56-65",0.0254722747383296,0.844093360825916
66,"66+",0.00397727135431718,0.475873733858294
67,"10-17",0.00869500866868943,0.0437033736113221
67,"18-30",-0.0224345421292834,0.523121966382234
67,"31-55",0.00888750038364074,0.0389722688550045
67,"56-65",0.0248606708473734,0.604619171578442
67,"66+",-0.000951144629693628,0.807678249352437
68,"10-17",-0.0027658794175573,0.782988813378842
68,"18-30",-0.00851817162393,0.0456872675077689
68,"31-55",0.00460241829340204,0.45074646985406
68,"56-65",0.0128937194980388,0.273033197318234
68,"66+",0.00332528200936214,0.483170378599443
69,"10-17",0.00200066185081537,0.0630780775917077
69,"18-30",-0.0261892141260944,0.208793459007592
69,"31-55",0.0100342217463002,0.165685281343443
69,"56-65",0.0176268028756845,0.41957586556895
69,"66+",0.00281414742466557,0.590032769251108
70,"10-17",0.00594651304412152,-0.147794278146706
70,"18-30",-0.00549944726789493,-0.0842837966091556
70,"31-55",0.00240947186971654,0.539253483396507
70,"56-65",0.0329294239471088,0.13929754613214
70,"66+",0.00269231440960787,0.622587735719868
71,"10-17",0.00999909923148739,0.471777986485274
71,"18-30",-0.0187836084940729,-0.234345368684649
71,"31-55",0.0080446225263038,-0.371167797719121
71,"56-65",0.0134999550131871,0.652920957026455
71,"66+",0.00385004472799576,0.855632545628376
72,"10-17",0.0200450565531596,0.0623497210396602
72,"18-30",-0.0225186818826356,-0.115139648316059
72,"31-55",-0.00200714491410895,-0.278872027215606
72,"56-65",0.0104546296340859,0.0308451363669749
72,"66+",0.00524436412419039,0.0460463627511809
73,"10-17",0.00401767425612525,0.0788627635048798
73,"18-30",-0.0197745707423085,-0.578826848297293
73,"31-55",-0.00590526692245905,0.834333121410231
73,"56-65",0.035362630084925,0.253123037220989
73,"66+",0.00146030727214064,0.71500372328099
74,"10-17",0.00549934382996108,0.394339673236675
74,"18-30",-0.00876234160769064,0.327529412674663
74,"31-55",0.00831390300846321,0.669760724638224
74,"56-65",0.0292383849381673,0.0860578461048488
74,"66+",-0.00232464410653507,0.683572979779239
75,"10-17",-0.00159521094230542,0.00277199368580039
75,"18-30",-0.00816563162847884,0.24695942916387
75,"31-55",0.00756487121175794,0.406300976266359
75,"56-65",0.030387587239447,0.135388580730945
75,"66+",0.00179591654785717,0.391954302541704
76,"10-17",0.00222698028244771,-0.079033200153539
76,"18-30",-0.0183872662896383,-0.308354546050411
76,"31-55",-0.00153912293247097,-0.00602893712331531
76,"56-65",0.0277321167964245,0.609294127287922
76,"66+",0.0088624979374684,0.646361204792995
77,"10-17",0.0083169517004874,0.230729686470508
77,"18-30",-0.0190631132061648,1.18048644420342
77,"31-55",-0.00266788659567589,0.314954729436433
77,"56-65",0.0282269205608848,0.243832714295933
77,"66+",0.00903091090458727,0.324615246206917
78,"10-17",-0.00158059761473262,0.235835893464551
78,"18-30",-0.0121822083284997,0.17954552938432
78,"31-55",0.00600245130409329,0.781817355181188
78,"56-65",0.0303081679380458,0.672886306648747
78,"66+",0.00946636554570918,0.662365700758833
79,"10-17",0.00526987353468616,-0.237793322591827
79,"18-30",-0.0197234097542913,0.189408371209037
79,"31-55",0.00391713496034653,0.113923627154277
79,"56-65",0.0354314730974765,0.675151589661456
79,"66+",0.012187844484186,0.81724146690333
80,"10-17",0.00800435304261254,0.313753610135816
80,"18-30",-0.00948355303330252,0.00544711319691346
80,"31-55",0.00734810151240663,0.572364485625341
80,"56-65",0.0249819307356466,0.938721006420563
80,"66+",0.00589656609656302,0.776423907286521
81,"10-17",0.00924490639704811,-0.119635801119986
81,"18-30",-0.006461796170269,0.478977756428841
81,"31-55",0.00417079713159537,0.355258199280384
81,"56-65",0.028737521100027,0.614932504900333
81,"66+",0.00531807614891854,1.14688344110807
82,"10-17",0.00803491518308335,-0.266674086992776
82,"18-30",-0.00928955798469651,-0.033024480868569
82,"31-55",-0.00216561763113058,0.827167922768427
82,"56-65",0.0284069855726579,0.239648665710371
82,"66+",0.00149497639960471,0.718939710789474
83,"10-17",0.00444511938767361,0.228403455933278
83,"18-30",-0.00728400193445235,0.654004159790464
83,"31-55",-0.00270143548367095,0.319516177541833
83,"56-65",0.0181464499755743,-0.0447335281751692
83,"66+",0.00430803766890185,0.672666273331294
84,"10-17",-0.00862260928662612,0.128945142822034
84,"18-30",-0.0156185775069175,0.00234041009071548
84,"31-55",-0.00378675934994608,0.143682927289149
84,"56-65",0.0325748273416148,0.338262951594601
84,"66+",0.0102833992262121,0.447074031293029
85,"10-17",0.00866384443156259,0.0382809286315982
85,"18-30",-0.013956142762084,-0.436928849633818
85,"31-55",-0.000866020349280997,0.107079255978661
85,"56-65",0.0158177795087097,0.51349719009279
85,"66+",0.00142017464246676,0.631374982633828
86,"10-17",0.00254327812646182,-0.00614117964534788
86,"18-30",-0.00129222275805398,-0.146264055889146
86,"31-55",0.00134480975170861,0.442193133343514
86,"56-65",0.0317359824146139,0.292568550488799
86,"66+",0.00936707920844873,0.637043830095702
87,"10-17",0.00270794841929339,0.0861900016936898
87,"18-30",-0.00605429390809899,0.417416572509415
87,"31-55",-0.00217816523368134,0.36389544689552
87,"56-65",0.0279072151714861,0.00331561162608385
87,"66+",0.00713663268093751,0.686035184581352
88,"10-17",0.00529463883608555,0.329951604617886
88,"18-30",-0.0259322414750237,-0.175396918879223
88,"31-55",0.00626625124145748,0.515839082468168
88,"56-65",0.0165541837862641,0.956965334224669
88,"66+",0.00424185301812445,0.64805276459539
89,"10-17",9.74786663004924e-05,0.230875456611233
89,"18-30",-0.00677165078298926,0.852599517223508
89,"31-55",0.00868990985933873,0.587090398435646
89,"56-65",0.0259517439943445,0.0869757038142925
89,"66+",0.0117882212818002,0.622837465344022
90,"10-17",0.0059919538848655,-0.262365048162223
90,"18-30",-0.0211387954917377,-0.273383201086013
90,"31-55",0.000634145771015634,0.165934287273456
90,"56-65",0.0211814134760452,0.683436137505974
90,"66+",0.00676982724551484,0.652556860344574
91,"10-17",0.00264612435043726,0.0217662259454663
91,"18-30",-0.0275528287966623,0.299781024150468
91,"31-55",1.28305435453027e-05,0.0375126292514498
91,"56-65",0.0117886244202445,0.799691864951145
91,"66+",0.0022746881288965,0.859312269563462
92,"10-17",0.00567851781185873,-0.157210256036466
92,"18-30",-0.0165479356599281,-0.196307173514111
92,"31-55",0.000160653394791618,0.630492622566193
92,"56-65",0.00935308032572355,0.335068228918401
92,"66+",0.00295984547259916,0.545247176608644
93,"10-17",0.00415230675149513,-0.168295146072637
93,"18-30",-0.0167759917234278,-0.912429306870401
93,"31-55",0.0106923739707357,0.519935315966074
93,"56-65",0.0249598395718209,0.788880539005793
93,"66+",0.0086270883183545,0.781911553099728
94,"10-17",0.00101869932215259,0.133385370705199
94,"18-30",-0.0157774946083914,0.304101735036881
94,"31-55",0.00339814532964901,0.689708364843533
94,"56-65",0.0282315937503024,0.910104618221819
94,"66+",0.00640865882633292,0.82930189599412
95,"10-17",0.00745721460226861,0.657134696647798
95,"18-30",-0.0118420575401462,0.12123796552493
95,"31-55",0.00230626430445731,0.519748177041549
95,"56-65",0.0379241354332053,0.736996814915536
95,"66+",-0.00314071563842335,0.846670912757387
96,"10-17",-0.0025052898619209,0.205173826570997
96,"18-30",-0.0226285662574032,-0.427738103796908
96,"31-55",0.00240010648318203,0.129999994014791
96,"56-65",0.0324946085513141,0.525883858938676
96,"66+",0.00867398618771949,0.708979963869044
97,"10-17",0.0056805382128543,0.17002783882591
97,"18-30",-0.0209667278636621,0.40092759299066
97,"31-55",-0.00335698726909004,0.455359275058832
97,"56-65",0.0367801698461244,0.794980613662158
97,"66+",0.00380334366460098,0.383570141784815
98,"10-17",0.00853525139213584,0.344136068217177
98,"18-30",-0.0173176317198988,-0.00725511135377302
98,"31-55",0.00498135177458627,0.137660171010318
98,"56-65",0.0331351120494038,0.920704048795611
98,"66+",0.00231135601552114,0.570793202364315
99,"10-17",0.00699821115036164,-0.640491150090572
99,"18-30",-0.0311310879695057,0.568534702324754
99,"31-55",-0.00537320100644327,0.236180926304499
99,"56-65",0.014005899349398,0.385533082345575
99,"66+",-0.000886487730621301,0.348291805716832
100,"10-17",0.0138819571841208,0.0836902092728558
100,"18-30",-0.0224895955317269,0.719854350038663
100,"31-55",0.00478950808338543,0.511147073737333
100,"56-65",0.0255536971991652,0.522974433073464
100,"66+",-0.00018111220517469,1.05981325060119
101,"10-17",0.00119424549627206,0.150955767496448
101,"18-30",-0.00830678845397011,0.379026047964936
101,"31-55",0.00343126173983007,-0.192027788669408
101,"56-65",0.0255947102966794,0.272436195941587
101,"66+",0.000469929636874093,0.732434904605738
102,"10-17",0.00604371602480835,0.0726310955504368
102,"18-30",-0.0129798655283419,-0.29491630977943
102,"31-55",0.0123107076765325,0.721880114789547
102,"56-65",0.0208353948597138,0.443459819929342
102,"66+",8.67833303831202e-05,0.258029758069392
103,"10-17",0.00109717592328395,0.291744358323183
103,"18-30",-0.0145519508944037,0.137883250359528
103,"31-55",-0.000654685793574953,-0.117263220384955
103,"56-65",0.0343897466025743,0.0600021973131525
103,"66+",0.0023406711123806,0.748861048477818
104,"10-17",8.66138621651762e-06,0.00150786953174009
104,"18-30",-0.00390791763723337,0.619339173847588
104,"31-55",0.00270845094128937,0.549768830049627
104,"56-65",0.030295696074624,0.0143079920888251
104,"66+",0.00791494088624122,1.10751827999338
105,"10-17",0.00446473997737173,-0.134867850745755
105,"18-30",-0.0124987774518423,1.00917212702914
105,"31-55",-0.00102531416158095,0.347438431881641
105,"56-65",0.0375958739618011,0.580182906422605
105,"66+",0.0072416626799838,0.696840839759991
106,"10-17",3.58765643023108e-05,-0.0511742977387364
106,"18-30",-0.0261123452975831,0.351494995739209
106,"31-55",1.3506417521977e-05,0.342724622266682
106,"56-65",0.025486564546963,0.909630202073428
106,"66+",-0.000910773867503139,0.326208997491612
107,"10-17",0.00445179791188482,-0.062003024590759
107,"18-30",-0.0274644196618166,0.2446290686575
107,"31-55",-0.000435526160405023,0.428430985211862
107,"56-65",0.0199926355988861,0.175044460767509
107,"66+",0.0122296522779277,1.00632967284326
108,"10-17",0.0114759768196284,0.0591106757223745
108,"18-30",-0.0202494172582697,0.174836498198937
108,"31-55",0.00857718515292118,-0.0230591490944547
108,"56-65",0.030818732322843,0.807807181170167
108,"66+",0.0114848621327878,0.997458036871188
109,"10-17",0.000170309854894018,-0.0258062684332345
109,"18-30",-0.0149658504009972,-0.809627163650362
109,"31-55",-0.00736094106707051,-0.0815361632323837
109,"56-65",0.0268417508417286,0.614838779456869
109,"66+",0.00629523748157682,0.659309971544244
110,"10-17",0.0123522637312897,0.133264983858232
110,"18-30",-0.0152719774924211,0.0908916501317175
110,"31-55",0.0125902665731441,0.161475980795524
110,"56-65",0.019926593842775,0.998727397907578
110,"66+",0.00423231950717546,0.825982469761772
111,"10-17",0.00796928821784092,0.183345908647089
111,"18-30",-0.0129789159802593,-0.024081375973913
111,"31-55",0.00460859819772476,0.0189331667108672
111,"56-65",0.037491912578224,0.328780277726229
111,"66+",0.00997276390139478,0.0943231718035091
112,"10-17",0.0073365357731106,0.202360258469231
112,"18-30",-0.0348630187092688,-0.22130960136065
112,"31-55",0.00519981779126801,-0.0287591954958859
112,"56-65",0.0240323959297888,0.591268088963129
112,"66+",0.00526414386779051,0.619885628918344
113,"10-17",-0.00280270780999293,-0.0710973589696828
113,"18-30",-0.0145828137495543,-0.0227827314951824
113,"31-55",0.0017424838722779,-0.0752175726006479
113,"56-65",0.0328281392226268,0.569711206161521
113,"66+",0.00487491278163928,0.477869046630322
114,"10-17",0.00631917037317497,-0.166208729925728
114,"18-30",-0.0270892220320708,-0.363038855649609
114,"31-55",0.00714448660568486,-0.119818066923917
114,"56-65",0.0223840835806917,0.626223192130562
114,"66+",0.00506609427238526,0.549322429132036
115,"10-17",-0.00162971880933111,-0.042632757161384
115,"18-30",-0.0209897497029905,0.169095300223285
115,"31-55",0.0094389177406984,0.769978554814773
115,"56-65",0.0257898461775273,0.725331809123051
115,"66+",0.0106171923139568,0.814045101125481
116,"10-17",-0.0041665210963065,0.0892471687142713
116,"18-30",0.00234807110805683,1.04769052856688
116,"31-55",0.00114714973827392,1.32202357460371
116,"56-65",0.0253523801390621,0.667391830588939
116,"66+",3.5902090151408e-05,0.425880647949908
117,"10-17",0.00773672622042681,0.238322962861957
117,"18-30",-0.0109053912806709,0.445640667297213
117,"31-55",0.00977512213290629,0.00698077057133095
117,"56-65",0.0299215590438695,0.510252044421359
117,"66+",0.00346160056534788,0.780952586799646
118,"10-17",0.00223337201761641,0.137259085647785
118,"18-30",-0.0272951914841016,-0.00885937815504959
118,"31-55",6.8735174487319e-05,0.223872216470585
118,"56-65",0.0295751857315289,0.22723715049838
118,"66+",0.0147207215734354,0.898352433151204
119,"10-17",-0.00642303575737758,0.0755099588407733
119,"18-30",-0.00756391084445675,0.40339589054615
119,"31-55",0.00337210680844532,0.919657701126933
119,"56-65",0.0273053316396327,-0.20305876554228
119,"66+",0.0116277844122151,0.803130257933487
120,"10-17",0.00555101459676104,0.224753817486249
120,"18-30",-0.0301211754046679,-0.369799816182083
120,"31-55",0.00466703018107369,0.00125063904959188
120,"56-65",0.0202285351097471,0.733368660595733
120,"66+",0.00517840476977466,0.170842057791985
121,"10-17",-0.00274501350393031,-0.258720528907111
121,"18-30",-0.00118739854180368,-0.534120430545374
121,"31-55",0.00460892490122052,0.549342063172695
121,"56-65",0.0366732070037241,0.417969875321599
121,"66+",0.00600535665202547,0.78714209937626
122,"10-17",0.0064128976697238,0.48897774791633
122,"18-30",-0.0158789046561049,-0.121079496232276
122,"31-55",0.000487099971704394,0.523809636689393
122,"56-65",0.027343811619902,0.469937751616092
122,"66+",0.00910383125449209,0.942681182579736
123,"10-17",0.0124273234270016,-0.0172710697244369
123,"18-30",-0.011978235393648,0.311157779118649
123,"31-55",-0.00482099038888016,0.107149163947486
123,"56-65",0.0406187146683934,0.801395012906645
123,"66+",0.00136871795793772,0.513965191672739
124,"10-17",0.00861302978079808,0.210582467391121
124,"18-30",-0.0257229311745689,-0.278281114642953
124,"31-55",0.00177403821559487,0.694412080128428
124,"56-65",0.0349980216183879,1.10518229264585
124,"66+",0.0100016034990598,0.766960940571103
125,"10-17",0.00383821934301575,-0.0544745092078252
125,"18-30",-0.0174300003498154,0.0433911420906759
125,"31-55",0.00742546781031391,0.210406310240504
125,"56-65",0.0200830776549756,0.535363979296075
125,"66+",0.0025152281853202,0.582191194326507
126,"10-17",0.00483303764461678,-0.0724795545034684
126,"18-30",-0.0213632794320348,-0.0792983914968478
126,"31-55",0.00768632939473825,0.881152358844058
126,"56-65",0.0149559018132455,-0.154299392588559
126,"66+",0.000644264451624289,0.779097625138754
127,"10-17",-0.00012620872875619,0.115546925222213
127,"18-30",-0.0216970692333967,0.489475817042873
127,"31-55",0.00778315396198083,-0.266829354293917
127,"56-65",0.0248051104914691,-0.146114648338353
127,"66+",0.00269956584314958,0.519387418041527
128,"10-17",0.00739747529168643,-0.0467803447485364
128,"18-30",-0.0277503350966137,0.427453961398209
128,"31-55",0.00583920648968624,0.288313617580318
128,"56-65",0.0274107496656776,0.73207650534264
128,"66+",-0.000516751965931175,0.55351818744045
129,"10-17",-0.00643458054305569,0.294355430050079
129,"18-30",-0.0183748271523859,0.482707481600508
129,"31-55",0.0126519677066202,0.298375577384127
129,"56-65",0.0201763037231577,-0.138135722464008
129,"66+",0.00472495359887847,0.873396622264738
130,"10-17",0.00436592412511171,0.0334476010345766
130,"18-30",-0.0164714331767076,-0.0136547035776643
130,"31-55",0.00241248733918205,0.310784577416154
130,"56-65",0.0225489818696422,0.572652471780044
130,"66+",0.00528709399026896,0.500180346077651
131,"10-17",-0.00281914494640174,-0.111484877321275
131,"18-30",-0.0310616281771125,-0.359496956860982
131,"31-55",0.00776626095531615,0.320899154384288
131,"56-65",0.0192862775764547,0.430076567530027
131,"66+",0.00647904966073103,0.916739533429417
132,"10-17",0.00477055220068234,-0.0914375669961593
132,"18-30",-0.0172265721536922,-0.430202455974338
132,"31-55",0.00181587207942232,0.451856928888885
132,"56-65",0.0219416039990101,0.711889101220615
132,"66+",0.000933948271174923,0.217599416093316
133,"10-17",0.00291841275600346,0.0692635306647258
133,"18-30",-0.0227908894851656,-0.263273528400288
133,"31-55",-0.00110964836097436,0.144063689619381
133,"56-65",0.0357098212159901,0.814046531111126
133,"66+",0.00512473295247508,0.705229760952581
134,"10-17",0.00651898389104998,0.473713978752365
134,"18-30",-0.0275430751101173,0.206521777871579
134,"31-55",0.00371755116771873,0.460786764286979
134,"56-65",0.0277080802885367,0.269747661908324
134,"66+",0.000457214342637183,0.43110242234973
135,"10-17",-0.000557990448368358,0.417290740675234
135,"18-30",-0.0109049187919891,1.21005810521733
135,"31-55",0.0107253692676811,0.319020331668967
135,"56-65",0.0167804625462363,0.634919850553855
135,"66+",0.00684021553263081,0.402390601138113
136,"10-17",0.00308017856708053,-0.326247365533903
136,"18-30",-0.0165588415750039,0.733258460928975
136,"31-55",0.00388304296326233,0.146973285454579
136,"56-65",0.0349090151783637,0.590913392472825
136,"66+",0.0078081642255814,1.19203920963389
137,"10-17",0.0118631009428612,0.171979410444191
137,"18-30",-0.014658023545696,-0.35469488710538
137,"31-55",0.00358361148610072,0.639282044269265
137,"56-65",0.0263356753254785,0.18833268160119
137,"66+",0.00058921192414391,0.765605741716884
138,"10-17",0.00174340809492279,0.0594264567270484
138,"18-30",-0.0116428213869582,-0.257606665340281
138,"31-55",0.0101338821223326,0.834810144989955
138,"56-65",0.0150925132264015,0.245368920224284
138,"66+",0.00946352721521338,0.63934528259261
139,"10-17",-0.00205321492988021,0.208598709261348
139,"18-30",-0.0197678502601626,-0.0601293775145665
139,"31-55",-0.000698905932086472,0.299678054028158
139,"56-65",0.0186965277775966,-0.162238522370039
139,"66+",0.00321824322421989,0.494799623488576
140,"10-17",0.00657360782175725,0.238288272479858
140,"18-30",-0.0088126999985665,0.0962564123495887
140,"31-55",0.00506408919454545,0.184105277816748
140,"56-65",0.0278731563755439,0.651848014897339
140,"66+",0.0071860225856199,0.63555314486048
141,"10-17",0.00553321329486794,0.0216094246584202
141,"18-30",-0.0240051600352827,-0.270062918579059
141,"31-55",0.00672025056675953,0.260616064915828
141,"56-65",0.0296208102186628,0.523718178017796
141,"66+",0.000529545274796487,0.452418702267332
142,"10-17",-0.0105245294284086,0.134476390901349
142,"18-30",-0.0148557489704366,0.330257513983169
142,"31-55",0.00623161903520399,0.383787044717924
142,"56-65",0.0194067780518944,0.780932702019197
142,"66+",0.00225946806417391,0.671799275120273
143,"10-17",0.00812365111967488,-0.315509129073871
143,"18-30",-0.0260598189409961,-0.224377884358464
143,"31-55",-0.00310734978807418,0.60733137722439
143,"56-65",0.0244314254792074,1.03474073014248
143,"66+",0.00901103617336957,0.452683767266494
144,"10-17",-0.00246132205095357,0.56939045243255
144,"18-30",-0.0228070132145589,-0.253592803025878
144,"31-55",0.00960982421990571,0.288345457380461
144,"56-65",0.0251558037440441,0.567062397254037
144,"66+",-0.00186629305200898,0.354377020748392
145,"10-17",-0.000964291302590355,0.228625081541134
145,"18-30",-0.0167490524036382,-0.836613004644523
145,"31-55",0.00779512777964033,0.487527170707527
145,"56-65",0.0266721839903666,0.699201481029443
145,"66+",0.00177958439880998,0.352504058697813
146,"10-17",0.00191130614507528,0.151022012671245
146,"18-30",-0.00626137643590859,0.672466909478812
146,"31-55",0.010176216934303,0.681400761043038
146,"56-65",0.0330852586961018,-0.0254595005464039
146,"66+",0.00498598624470168,0.683428442594212
147,"10-17",0.0015942689747152,0.314739766597135
147,"18-30",-0.00840945738596084,1.01900883007087
147,"31-55",0.00122000598878504,0.151674815852888
147,"56-65",0.00965137007226069,0.383494978979031
147,"66+",0.00166110131264681,0.209972690500936
148,"10-17",0.0028390178156723,-0.360086382546966
148,"18-30",-0.00443478526641956,-0.013462902452244
148,"31-55",0.00751522625212011,0.427031030903152
148,"56-65",0.0171820914544133,0.929638084668042
148,"66+",-0.00134706983090998,0.724700804624491
149,"10-17",0.00419048104805258,0.274816218528473
149,"18-30",-0.0225792173208506,-0.322038387527062
149,"31-55",0.00571892456198766,0.0802413788915601
149,"56-65",0.0188141076244092,0.462561041095687
149,"66+",0.0126074384082246,0.929348961776671
150,"10-17",-0.0119913142731019,-0.180777368779399
150,"18-30",-0.0203401522034161,0.540606351236224
150,"31-55",0.000517969491752887,0.461190315030185
150,"56-65",0.0248745541620819,1.51898805575363
150,"66+",0.00316176651896235,0.891524144000313
151,"10-17",-0.00268010468484709,0.219622019186244
151,"18-30",-0.017254773267842,0.4867083232396
151,"31-55",0.00730305648934056,0.336552038685982
151,"56-65",0.0137115289285891,-0.0514828746958588
151,"66+",0.00435698721654708,0.60083905110203
152,"10-17",0.00931296668088904,0.128305750230998
152,"18-30",-0.0256866473283266,-0.0368642030832626
152,"31-55",0.00599261213284654,0.25716520998889
152,"56-65",0.0310762892268547,0.975654144539783
152,"66+",0.00151977696765463,0.528053801754047
153,"10-17",0.00100067363753042,-0.00441798080224931
153,"18-30",-0.0189609830804945,0.659289050457463
153,"31-55",0.00271906854779382,0.782631154155945
153,"56-65",0.0163738583749151,0.538689483284343
153,"66+",0.00120889166450984,0.282667866212623
154,"10-17",0.00381365946050016,-0.310143342036869
154,"18-30",-0.0296966025521968,0.191395479255124
154,"31-55",0.00468302696515212,-0.0353296842944661
154,"56-65",0.0366040319634647,1.27962004335781
154,"66+",0.00603219607867979,0.693871854365821
155,"10-17",0.00743058151636505,0.196815923767758
155,"18-30",-0.0125947917478157,0.059723799201092
155,"31-55",0.00719232375109998,0.388703701797891
155,"56-65",0.0301193013223132,0.425412464536061
155,"66+",0.00726951386911708,0.629779650882615
156,"10-17",0.000305585582586692,0.0796039985312542
156,"18-30",-0.00182926708104976,0.289170352011586
156,"31-55",-0.00111370051256613,0.340743137326592
156,"56-65",0.0168419725823633,1.07365554447741
156,"66+",-0.00674201227947232,0.395847507325107
157,"10-17",0.00435545515771157,-0.312815297748583
157,"18-30",0.00334493335437662,0.477012617328326
157,"31-55",0.000241236119193541,0.375998213100458
157,"56-65",0.0362445845166756,0.394241423148116
157,"66+",0.00774277892381125,0.200540816456371
158,"10-17",0.00836767920041786,-0.248207328395616
158,"18-30",-0.00843431740734947,0.241932666124402
158,"31-55",0.00808225825292249,0.630582175611513
158,"56-65",0.0235180082108253,0.903690878759805
158,"66+",0.00557401461312359,0.711820483066103
159,"10-17",0.00304907153010414,-0.203538047540205
159,"18-30",-0.0112933497508024,-0.374624804771381
159,"31-55",0.00655460342799404,0.542748908576894
159,"56-65",0.0304965413976788,0.359699992744339
159,"66+",0.00115662141498767,0.426841948671735
160,"10-17",0.00791307465247725,0.135246586671991
160,"18-30",-0.0221076211166345,-0.393971015932889
160,"31-55",0.00396453678470689,0.0518627373627079
160,"56-65",0.0168422029149167,0.138909279748299
160,"66+",0.00274458429048615,0.386638013318277
161,"10-17",0.000488056098113858,-0.106214662071893
161,"18-30",-0.0171260355896907,0.451245412239663
161,"31-55",0.00777483793694069,0.254478376438261
161,"56-65",0.0295219301068688,0.213123909114237
161,"66+",0.00359163112427849,0.352620002241326
162,"10-17",-0.00107203929246803,0.529200111440628
162,"18-30",-0.015994638550073,0.556027688292387
162,"31-55",0.00539521213753288,0.0811540669655637
162,"56-65",0.0276609538940069,0.611857866205802
162,"66+",0.00495154282493316,0.817819641232594
163,"10-17",0.00586298082358194,0.0603900471537959
163,"18-30",-0.026327646776029,-0.318800220442989
163,"31-55",-0.00203855663474837,0.132456733362128
163,"56-65",0.0229786775355688,0.833649569030529
163,"66+",0.00630666430473219,0.986433353224604
164,"10-17",0.00738876762331319,-0.101868079023379
164,"18-30",-0.0153489503758066,0.238754209975368
164,"31-55",0.00905575484339124,-0.303155887687671
164,"56-65",0.0184217000915674,0.17010555123735
164,"66+",0.0074121384981014,0.856823974409365
165,"10-17",0.000507339762649377,-0.0134109595537879
165,"18-30",-0.0222515374151822,-0.398661926722997
165,"31-55",0.00369896888810286,0.274781636463788
165,"56-65",0.0221802802308857,-0.216885675728254
165,"66+",0.00837725372665424,0.565992076505293
166,"10-17",0.00767049025929433,-0.150850041306639
166,"18-30",-0.00775193906788453,-0.353382623816246
166,"31-55",0.0101804110502721,0.475606564346432
166,"56-65",0.025111107560523,-0.292220288193819
166,"66+",0.005287803870277,0.927698208545681
167,"10-17",0.00107654541024365,0.17229727670787
167,"18-30",-0.000433015625832214,-0.134255492596997
167,"31-55",-0.00543621456670693,-0.271672960102865
167,"56-65",0.0209173410720726,0.702388688966163
167,"66+",0.00360340873933782,0.771274265599527
168,"10-17",0.00307192823813051,0.280508153141869
168,"18-30",-0.00751451321334458,0.0187472465467354
168,"31-55",9.27328632909421e-05,0.165688778111571
168,"56-65",0.037639662508147,0.392377430153472
168,"66+",-0.000135838986175595,0.661275413441497
169,"10-17",-0.00602164660692268,-0.148297298680487
169,"18-30",-0.0205686723398559,0.504255547345699
169,"31-55",0.00493568176600919,0.540493989646198
169,"56-65",0.0122325462421795,0.521938094963383
169,"66+",0.00533765573548374,0.659177152673451
170,"10-17",0.00440884138903063,0.0430464993224287
170,"18-30",-0.00891660116154459,1.23624500195921
170,"31-55",0.00563984836335348,-0.384023134623409
170,"56-65",0.0243169909695831,0.249499904391326
170,"66+",0.00891001248209765,0.909544882128908
171,"10-17",-0.000218830005261191,-0.0883228033694459
171,"18-30",-0.0122675720031361,0.104705977279779
171,"31-55",0.00740130615887054,0.633069319619289
171,"56-65",0.0202979720167741,1.21404738933893
171,"66+",0.00221990679853515,0.991535557973717
172,"10-17",0.000295191431849356,0.126807208817503
172,"18-30",-0.011404055824906,-0.468463240019537
172,"31-55",-0.00113186566373694,0.228758804487999
172,"56-65",0.0176610021150032,0.642318453723816
172,"66+",0.00978235300612393,0.74716805107042
173,"10-17",0.00773848607264593,-0.208149528845434
173,"18-30",-0.00797834299933299,-0.42176885048193
173,"31-55",0.0032414880753245,0.224768507778414
173,"56-65",0.0266724176130087,1.27085260290365
173,"66+",0.00230149437406781,0.674210341627304
174,"10-17",0.00769261491001049,0.612873217020829
174,"18-30",-0.0214589211402733,-0.755206860741868
174,"31-55",0.00453595614695975,0.10724542154804
174,"56-65",0.0120684399131969,0.175284292638142
174,"66+",0.00398436055230084,0.532335389634914
175,"10-17",-0.000129694973382673,0.115004499692615
175,"18-30",-0.0130287866315219,0.299366554959751
175,"31-55",0.0100696511222964,0.366057284922517
175,"56-65",0.0266142630108497,0.783861090914248
175,"66+",0.0127413151480268,0.705440411083648
176,"10-17",0.00285149371790793,-0.0539466834729323
176,"18-30",-0.0218546499455753,0.217028920454053
176,"31-55",0.00956846515219658,0.41457431026996
176,"56-65",0.0259334011540293,1.54064083992798
176,"66+",0.00701868876754909,0.670983843738755
177,"10-17",0.003784816431112,0.152581784807982
177,"18-30",-0.010770610205001,-0.252744277179035
177,"31-55",0.00320986148068455,0.135978374042409
177,"56-65",0.0363300156762912,0.205107183066381
177,"66+",0.0052928421649526,1.0816015719321
178,"10-17",0.00565743606277957,-0.487870052748168
178,"18-30",0.00241779388018042,0.193416300281244
178,"31-55",0.00385589248299536,0.129148845335293
178,"56-65",0.0167308661248672,0.428154992458993
178,"66+",0.00627498616057558,0.744977924016993
179,"10-17",0.00184683526309253,0.211724028695457
179,"18-30",-0.0157325472322382,-0.270577714992118
179,"31-55",0.0032006363050179,-0.379058157125977
179,"56-65",0.0164335251358963,0.566973394015935
179,"66+",0.00287266426683171,0.482595997959772
180,"10-17",0.00859475920966667,0.147729396430726
180,"18-30",-0.0078152232704934,0.427866128075907
180,"31-55",0.0112619329953132,-0.137553149996106
180,"56-65",0.0170101721000728,0.0308357582638706
180,"66+",0.000690969118351582,0.377017971279982
181,"10-17",0.00385941128493266,0.031680706592192
181,"18-30",-0.033747547497824,-0.284878663411897
181,"31-55",0.00169553404054009,0.0840524682853785
181,"56-65",0.0244375173022515,0.677095328492974
181,"66+",0.00513755772296312,0.97387587615141
182,"10-17",0.000404586420943924,0.060759118689826
182,"18-30",-0.0161130978345801,0.578598438550682
182,"31-55",0.00669075022604034,0.244392132319897
182,"56-65",0.0357778121157674,-0.00779749475664182
182,"66+",0.00267188082738074,0.755743634300932
183,"10-17",0.00753226157257413,0.0355410961917562
183,"18-30",-0.020002805372705,0.0975795996691234
183,"31-55",0.000295375399735084,-0.384315573512161
183,"56-65",0.0258475140166777,0.573938745978243
183,"66+",0.00384257378260028,1.06435473935689
184,"10-17",0.000682601710480562,0.027558777126536
184,"18-30",-0.0158270706984169,0.370663785690654
184,"31-55",0.00382542558981243,0.918338103456513
184,"56-65",0.0152436400340337,0.736988266538807
184,"66+",0.00803964429338664,0.583205487197027
185,"10-17",0.0114645401584562,0.334859059241225
185,"18-30",-0.00987773433137497,-0.117964545599473
185,"31-55",0.00257398190968318,0.406652067957637
185,"56-65",0.0138669573691138,0.353219943362006
185,"66+",0.011015491594022,0.537987468881232
186,"10-17",0.00477976803960355,-0.0395149004976481
186,"18-30",-0.0163922512246779,-0.543040542511397
186,"31-55",0.00316304442270856,0.30003041964482
186,"56-65",0.0220666821480441,0.51882597585768
186,"66+",0.00701480186169022,0.577867541274546
187,"10-17",0.0078655767786116,-0.0703826683775759
187,"18-30",-0.0330554658639925,-0.0451386657763501
187,"31-55",-0.00125306509095972,-0.328377992676659
187,"56-65",0.00913100598843739,0.140865419067509
187,"66+",0.00606166140814732,0.872146736609046
188,"10-17",0.00991762078671354,-0.0102301501344599
188,"18-30",-0.0187119924439435,0.0855725903432757
188,"31-55",0.00589511284335938,0.107347764179642
188,"56-65",0.0401127192401488,0.497231340725221
188,"66+",0.00327248812111299,0.781418107795237
189,"10-17",0.00372615765354483,0.138237384780055
189,"18-30",-0.0349530361543608,0.0939161797496323
189,"31-55",0.00137940914027881,0.524364700651558
189,"56-65",0.0164865878218491,0.583599105824886
189,"66+",0.00457258210755095,0.848644784148747
190,"10-17",0.00313978530735936,0.28373376460631
190,"18-30",-0.0158468036167491,0.0721668659852171
190,"31-55",0.00785748457136572,0.130687405018455
190,"56-65",0.0250541978344881,1.2309022407858
190,"66+",0.00455403599071711,0.286358422904168
191,"10-17",0.00192129801024959,0.14013363288787
191,"18-30",-0.0205110899429553,0.410075883426434
191,"31-55",0.00636437742216197,-0.0684318512645949
191,"56-65",0.0257867526060893,-0.236770453666171
191,"66+",0.00564107215578593,0.888450880042462
192,"10-17",0.00328203747358474,-0.318038994864306
192,"18-30",-0.0162236948416731,0.19948322633592
192,"31-55",-0.00129961667480697,0.111796474421426
192,"56-65",0.0285854860083346,0.942179721563373
192,"66+",0.00101016878012284,0.574768092832494
193,"10-17",0.0159706813740918,0.364977824928819
193,"18-30",-0.0185604932236249,0.992079773217586
193,"31-55",0.00717517480930837,0.0861392409157127
193,"56-65",0.026732856138537,0.0251316916075154
193,"66+",-0.00208216321263185,0.145726736427246
194,"10-17",-0.00413623173047623,-0.147472761936615
194,"18-30",-0.0159138250005428,-0.294774382950545
194,"31-55",-0.00407432151024204,0.117506453801
194,"56-65",0.0252896404309322,1.08000390354691
194,"66+",0.00150949717226303,0.37897291075642
195,"10-17",0.00613840319737229,0.142422302789925
195,"18-30",-0.0080911953674085,0.0752343305254969
195,"31-55",0.00159720869299903,0.514762118713829
195,"56-65",0.0414284995087972,1.05590242348897
195,"66+",0.00726033231306495,0.759546972324091
196,"10-17",0.00358755162572871,-0.157070024706491
196,"18-30",-0.00858304684155355,0.239922202907329
196,"31-55",0.00881888127485527,0.498174183577587
196,"56-65",0.0277750018883827,0.127875278163117
196,"66+",0.00611324870962975,0.989159111189386
197,"10-17",0.00403241858798658,0.191640750388938
197,"18-30",0.0012640208805048,-0.467149550980996
197,"31-55",0.00227921076561279,0.150031981803845
197,"56-65",0.0142551018362167,0.213751133924622
197,"66+",0.00261616281164257,0.220224045324749
198,"10-17",-0.0048027935116804,0.221129812931632
198,"18-30",-0.0238323280350781,-0.315017824997235
198,"31-55",0.00673375419732854,0.0230418126530527
198,"56-65",0.0116794037854466,-0.195936968484433
198,"66+",0.00136169535907396,0.768336612011034
199,"10-17",0.00472073736798578,0.288982563166051
199,"18-30",-0.0226278742492825,0.270002357039354
199,"31-55",-0.00655401086824512,0.161410619516094
199,"56-65",0.0201320711620202,0.49609004101215
199,"66+",0.00943215265988257,1.23803217831521
200,"10-17",0.0114510980159855,0.0454410313493248
200,"18-30",-0.0194313677103154,0.493334386072793
200,"31-55",0.00262102691674783,0.471245967339942
200,"56-65",0.0230958885549577,0.791626628813011
200,"66+",0.00385751630287325,0.601074338900534
201,"10-17",0.00845767833959931,-0.134398486698967
201,"18-30",-0.0227632751322045,-0.0742500413230721
201,"31-55",0.00845179999458542,0.425667731111905
201,"56-65",0.0120576073719919,0.326813374243313
201,"66+",-0.000738106518578193,0.834544361987372
202,"10-17",0.00196664708699645,0.0977641164404295
202,"18-30",-0.0153479479967033,-0.393562988036285
202,"31-55",-0.000486661909835965,-0.104574203043514
202,"56-65",0.0248831580625032,0.869357358017827
202,"66+",0.00759655117533731,0.72249912217403
203,"10-17",0.00411591539395589,0.236912578036306
203,"18-30",-0.0210233844551955,-0.0602558925037248
203,"31-55",0.00559471856629247,0.671061070190848
203,"56-65",0.0310264173695035,0.413036906495087
203,"66+",0.0054318835571689,0.33756216756516
204,"10-17",0.00835311611157524,0.492566013594115
204,"18-30",-0.0197047344072631,-0.076235919385581
204,"31-55",0.00706941368623678,0.436159908025245
204,"56-65",0.0355646474950049,0.709707822913405
204,"66+",0.00481464686299514,0.375886395220089
205,"10-17",0.0033216639756366,0.131145272585409
205,"18-30",-0.0183575376386949,-0.118495290513561
205,"31-55",0.00327233064153866,0.419203753859093
205,"56-65",0.0256623534285751,0.847007965609715
205,"66+",0.00543448704845636,0.729135663416584
206,"10-17",0.0141139719104166,-0.241654128062425
206,"18-30",-0.0221446373004149,0.485823012127402
206,"31-55",0.012157767457473,0.406712634254075
206,"56-65",0.0265006356630945,0.265070112845299
206,"66+",-0.0033196030482128,0.0166166952475415
207,"10-17",-0.0016652699692672,-0.160074826349242
207,"18-30",-0.0168002357156157,-0.0258966425356712
207,"31-55",0.00418324172422098,0.0422860838432879
207,"56-65",0.0241332872373207,0.126659854220146
207,"66+",0.00504341960626917,0.569955290904009
208,"10-17",0.00736117046073591,-0.0574555489126154
208,"18-30",-0.0229200043370049,-0.0677753268058083
208,"31-55",-0.00274778350866704,0.327975831463779
208,"56-65",0.0194477935325352,0.787180022858985
208,"66+",0.00445279533651049,0.704599656079351
209,"10-17",0.00541913193634318,-0.151400500979742
209,"18-30",-0.0157887515661654,0.298616150061431
209,"31-55",0.00613687949914401,0.0635411743792587
209,"56-65",0.0356324263235935,0.971941020738639
209,"66+",0.00408493208387376,0.696583959546824
210,"10-17",0.00411100899490157,-0.0483216940499807
210,"18-30",-0.017616397560321,-0.13363375608
210,"31-55",0.00873057865891249,0.67982585324232
210,"56-65",0.0235958720175589,0.53187892115005
210,"66+",0.0117545395680956,0.720571279118832
211,"10-17",0.00262997757935223,-0.397153948031654
211,"18-30",-0.0134296405567653,0.448932210480717
211,"31-55",0.00195816476114992,0.247539218046842
211,"56-65",0.033570786246748,1.15513438841888
211,"66+",0.00396881201989511,0.482404303725326
212,"10-17",0.00145627840807155,0.803981014884155
212,"18-30",-0.0150255481457883,0.0487832922874852
212,"31-55",0.00391997714441224,0.325861185568868
212,"56-65",0.0221274633810299,-0.412149533174435
212,"66+",0.00407591228724769,0.584344473174601
213,"10-17",-0.00696370932457619,0.110768416098399
213,"18-30",-0.00968498787371554,-0.111278051517261
213,"31-55",0.00439956386995684,0.744654422623282
213,"56-65",0.0190860519131972,0.501363777381008
213,"66+",0.00129204978242132,0.521517551908922
214,"10-17",0.0111325994037983,0.175054361230637
214,"18-30",-0.0155107865071996,0.142964667459141
214,"31-55",0.000900589196532983,0.45996746600154
214,"56-65",0.0327496041047161,0.948764292375423
214,"66+",0.0150019222379015,0.734168033809484
215,"10-17",0.00430880360416324,-0.0367010317657959
215,"18-30",-0.00736125519825077,-0.157628137717403
215,"31-55",0.00506119121127942,0.417233044214566
215,"56-65",0.0320498689686428,1.07774213193994
215,"66+",-0.00155084523509556,0.554582098247297
216,"10-17",0.0135462251098322,0.423169552462389
216,"18-30",-0.0034491359587608,0.875030307859138
216,"31-55",0.00529848051200012,0.00735000473871961
216,"56-65",0.0168686479049097,0.952920324768673
216,"66+",0.0103555407451304,0.707487747762622
217,"10-17",0.0116758766834834,-0.155174339568851
217,"18-30",-0.0117979539069903,0.0407419261449587
217,"31-55",0.0031414357408416,0.0638101428516642
217,"56-65",0.0127643240189484,0.137081470112437
217,"66+",0.00690086310556819,1.18091904391007
218,"10-17",-0.00159693207473106,0.297303318562651
218,"18-30",-0.0180166939279844,0.32848483415898
218,"31-55",-0.000380241269445894,0.373804956803492
218,"56-65",0.0311796801448273,0.646659663698099
218,"66+",0.00879742833630493,0.247011314386281
219,"10-17",0.00538293149567964,0.19563513478284
219,"18-30",-0.0162219175411899,-0.233059164137491
219,"31-55",0.00293348293160624,0.0976842960600692
219,"56-65",0.0253011921956151,0.610218887600444
219,"66+",0.00437982519892609,0.563084763378507
220,"10-17",0.00830363434018504,0.0384500804557586
220,"18-30",-0.0158043109673988,-0.504697877720319
220,"31-55",0.0054199467716344,0.263817741510789
220,"56-65",0.0278415323468035,0.975800505900947
220,"66+",0.00571148077587372,0.295269968807484
221,"10-17",0.0026502408325052,0.0543136214512581
221,"18-30",-0.0191571734071462,0.691581552226139
221,"31-55",-0.000577479588824573,0.191233299815097
221,"56-65",0.0297663238370313,0.159435439769918
221,"66+",0.00563309057013582,0.113297175896127
222,"10-17",0.00577261704742132,0.188978534739988
222,"18-30",-0.0262923894406395,0.479191919484796
222,"31-55",-0.000554813341124097,0.415068011246935
222,"56-65",0.0240663128912852,-0.299650768779809
222,"66+",0.00915519735033935,0.853684258497521
223,"10-17",0.000112712266903008,-0.0620713554097514
223,"18-30",-0.0220683234275028,0.222220328638927
223,"31-55",0.0048596021346843,-0.103271193609289
223,"56-65",0.0134328243985364,0.652359395979939
223,"66+",0.00781193840253097,0.64958389543688
224,"10-17",0.00235507941100915,0.135704029735558
224,"18-30",-0.0187325190151818,0.58395593494304
224,"31-55",-0.00264788610203818,0.0507310275637771
224,"56-65",0.0260262284651732,0.316511956082745
224,"66+",0.000827458958322789,1.00950779945272
225,"10-17",0.0114210791418328,0.14740364306219
225,"18-30",-0.00534330454849137,0.205174410867554
225,"31-55",0.00350326461403457,0.218386531647663
225,"56-65",0.0410269783270117,0.462049407420351
225,"66+",0.00421094293888164,0.480900545695243
226,"10-17",-0.00187118797303749,0.397035220616893
226,"18-30",-0.0129694494053148,0.189128719547429
226,"31-55",-0.00515674736314096,0.484281375889474
226,"56-65",0.0183164804803999,0.515349011689196
226,"66+",-0.00200158722975303,0.701770913708013
227,"10-17",0.00453228109834785,0.322111500092638
227,"18-30",-0.0162025627926072,0.454069877623129
227,"31-55",-0.000828484996205062,0.760836183222915
227,"56-65",0.0266599746633492,-0.0191534493109161
227,"66+",0.000947266335018408,0.470360636155128
228,"10-17",0.0109236036389322,0.247137452311286
228,"18-30",-0.024816879246221,0.0311436310433529
228,"31-55",-0.00106358116253611,0.48481176159121
228,"56-65",0.014668505214166,0.430133565114507
228,"66+",0.00330898038491395,0.505989843363192
229,"10-17",0.00351136605467722,-0.308776809699353
229,"18-30",-0.0162617051949805,-0.247908537854201
229,"31-55",-0.00537764524218857,0.291015133993888
229,"56-65",0.0288768941963833,0.625416751200316
229,"66+",0.00154916362597076,0.393777316833455
230,"10-17",0.00185100109649588,0.33433713432793
230,"18-30",-0.0143853959328854,-0.400123404668918
230,"31-55",0.0100208212394209,0.693605603269738
230,"56-65",0.0238022538438654,0.600737410250382
230,"66+",0.0145156944722177,0.680476133580007
231,"10-17",-0.00172934753129656,-0.304083486682386
231,"18-30",-0.00687116203030293,0.933900782286893
231,"31-55",0.00831344799114755,0.254082644542426
231,"56-65",0.0283002791880198,0.456056344935335
231,"66+",0.00326831373035844,0.724426798710714
232,"10-17",-0.00234875355382836,-0.0980168219183191
232,"18-30",-0.022578438317125,-0.0235087531472113
232,"31-55",0.0109550105797662,0.105158122328534
232,"56-65",0.0328395339131403,0.457159198946311
232,"66+",0.000851440934706311,0.493491191364155
233,"10-17",0.00226089930178346,-0.118017214471348
233,"18-30",-0.0215147197311233,-0.0429107261782588
233,"31-55",0.00266334470906156,0.152905454751206
233,"56-65",0.0156121339050656,0.159551226757309
233,"66+",-1.14010583939471e-05,0.310658308534414
234,"10-17",-0.00495147354091569,0.201794790687952
234,"18-30",-0.0153016039198449,0.459130752367454
234,"31-55",0.00442707971564878,0.195959949801787
234,"56-65",0.0307207418458859,0.445894217455012
234,"66+",0.00299487460057663,0.381133812351839
235,"10-17",0.00877172008232607,0.401408269478748
235,"18-30",-0.0192208276396557,-0.131231284085484
235,"31-55",0.000530007811270791,0.262003543532942
235,"56-65",0.0216336130849985,0.791537327244347
235,"66+",0.000701295234754765,0.771440300500199
236,"10-17",0.00510216955900821,0.282577085951065
236,"18-30",-0.00548635815231509,-0.120978948452292
236,"31-55",0.00535645556337063,0.324828335146351
236,"56-65",0.0109526267913526,-0.122423743122488
236,"66+",0.00266198154877268,0.489303908535128
237,"10-17",0.00636883341967153,0.614362749133746
237,"18-30",-0.0114074805265104,0.26991457684833
237,"31-55",-0.00378988271901874,0.43826727598894
237,"56-65",0.0193384381357999,0.869713830257396
237,"66+",0.00559546475298183,0.163899360711937
238,"10-17",-0.000920283667092965,0.0726547695789592
238,"18-30",-0.0237174990828529,0.0254542322042664
238,"31-55",0.003675358913617,0.409696627180231
238,"56-65",0.0260090296721355,0.558590733168726
238,"66+",0.00285447102703561,0.528095156432976
239,"10-17",0.00940993372620973,0.08874992994149
239,"18-30",-0.013471201411389,0.730942074920312
239,"31-55",0.000271431578091638,0.273838635236301
239,"56-65",0.0231717125236191,1.21018488750915
239,"66+",0.00116600926675313,0.587165646859468
240,"10-17",0.00394431751899415,0.0226753782742963
240,"18-30",-0.00989455478175967,0.168399401553895
240,"31-55",-0.00125729479960616,0.337640490378006
240,"56-65",0.0143775577571715,0.510342997381739
240,"66+",0.0138567719429396,0.820390258743505
241,"10-17",0.0149477551159881,-0.0229007291364858
241,"18-30",-0.0102350961123075,-0.0330014568556133
241,"31-55",0.00494579203906611,0.153721253976609
241,"56-65",0.0299332715116064,0.588257664128442
241,"66+",0.00420886475193699,0.32364629292911
242,"10-17",0.000794101858600565,-0.354385176392214
242,"18-30",-0.0121661720637648,0.526134149718597
242,"31-55",0.00138006548612326,0.438029701131621
242,"56-65",0.030699330541137,0.910595496010213
242,"66+",-0.000193384331053491,0.145309218316849
243,"10-17",0.00357028034093748,0.364515122851693
243,"18-30",-0.0231880906542608,-0.160316236875314
243,"31-55",-0.000469757423293674,0.407311753271747
243,"56-65",0.0221482381093185,0.455031400000659
243,"66+",0.00321960128733239,0.641168306753663
244,"10-17",-0.00129896636768507,0.162676259728352
244,"18-30",-0.0166847716468824,-0.519417829399979
244,"31-55",0.00315956628546107,0.819516662624748
244,"56-65",0.0177513250179928,0.634853988927635
244,"66+",0.00431067830457433,0.302518165854935
245,"10-17",0.0027329806010452,-0.332842182439487
245,"18-30",-0.00780105816635925,0.65141828245891
245,"31-55",0.00078706726969204,-0.241150647397735
245,"56-65",0.0253380541498336,1.04925233858244
245,"66+",0.0100064970966643,0.408231330914315
246,"10-17",0.00891265640738197,0.200506444733009
246,"18-30",-0.0169451408963797,0.477541216288501
246,"31-55",0.00129276305431877,0.370032873499508
246,"56-65",0.0192168453435678,0.0391181037947775
246,"66+",0.00821028124687537,0.553791830417449
247,"10-17",0.0054576990929927,-0.102434166994705
247,"18-30",-0.0132972029444457,0.423646113488468
247,"31-55",-0.00491511620712663,-0.0380124939061213
247,"56-65",0.0227810375935398,0.473002252810934
247,"66+",0.00518093706317627,0.227353544997071
248,"10-17",0.00379323591471319,0.0917554724500285
248,"18-30",-0.0178780569006993,0.37724718318975
248,"31-55",0.00687367919581019,0.93953599835585
248,"56-65",0.0214466750430542,0.130667644187776
248,"66+",0.00396022175844249,0.543784097822489
249,"10-17",0.0037167106065456,0.264968808111602
249,"18-30",-0.017243720232706,0.544675451126225
249,"31-55",0.00563160307563661,-0.101259956755984
249,"56-65",0.0323506795245565,0.364042334354473
249,"66+",0.00349523365071013,0.364862028137946
250,"10-17",0.0131336864978044,-0.405563711196218
250,"18-30",-0.0215979528921739,-0.122089450402989
250,"31-55",-0.00141480307902612,0.637197801081487
250,"56-65",0.0269128299827762,0.917553659489259
250,"66+",-0.00143969445504595,0.69783356208574
251,"10-17",-0.00199994041097341,-0.0367915089536801
251,"18-30",-0.0115344032595001,0.594475891038033
251,"31-55",-0.00376875522571566,0.821648258531436
251,"56-65",0.0281175517680135,0.0690524704907843
251,"66+",0.00293110904829071,0.876618789664791
252,"10-17",0.00492572312116667,-0.0511292327311992
252,"18-30",-0.0119318516255682,-0.449797717752746
252,"31-55",0.00329924461597316,0.102237019694197
252,"56-65",0.00829482592660178,0.254335338180496
252,"66+",0.0121777485899338,0.708706935047511
253,"10-17",-0.00172141697923712,-0.0700413874813015
253,"18-30",-0.018782374155657,0.802059030457051
253,"31-55",0.00475076407158594,0.254876261377088
253,"56-65",0.0222713150295077,-0.258708263129342
253,"66+",0.00043496573220091,0.816459133695811
254,"10-17",0.00967604587488651,0.179803432848398
254,"18-30",-0.00976060343734549,-0.0498351536608722
254,"31-55",0.00988828474880595,-0.181577234752568
254,"56-65",0.0234275847479816,-0.152866272582516
254,"66+",0.00145413357268808,0.673071327055444
255,"10-17",0.0102049327143008,0.135979640213023
255,"18-30",-0.0078622474514012,-0.38366356970774
255,"31-55",-0.00381140298282937,-0.185547550491209
255,"56-65",0.0256386384598523,0.483899604056674
255,"66+",0.00734874467668212,0.691806559280799
256,"10-17",0.00455560400080417,-0.495193087702242
256,"18-30",-0.025019845555865,-0.060783884154643
256,"31-55",0.00312992839293643,-0.116748810540339
256,"56-65",0.0250322941987068,0.454266247839427
256,"66+",0.0106070609316465,0.662113800397142
257,"10-17",-0.000394101609814797,-0.2340305654895
257,"18-30",-0.0113316533032911,0.583034356540075
257,"31-55",0.00287226070253634,0.462768523650049
257,"56-65",0.0325357927213802,0.189489244052156
257,"66+",0.00317582462020963,0.647031800328397
258,"10-17",-0.00268273183869284,0.307159706410618
258,"18-30",-0.0208793662358193,-0.0381042042695289
258,"31-55",-0.00244586434195974,0.767339334490042
258,"56-65",0.0341565081766541,0.693024934422673
258,"66+",0.00700726810167535,0.458791794254847
259,"10-17",0.00297961370141524,0.110363474686231
259,"18-30",-0.0154929046498577,0.650655887566937
259,"31-55",0.00396771702109096,0.520725718138564
259,"56-65",0.0251907406304462,0.554388427335501
259,"66+",0.00804530692116006,0.620175413603499
260,"10-17",-0.00336798578549275,0.0892726236708734
260,"18-30",-0.0156001159291933,0.134922152366491
260,"31-55",0.00841733258674245,0.289548336051235
260,"56-65",0.0287793855416885,1.21574553775285
260,"66+",0.0110555230392556,0.62828125385746
261,"10-17",0.00534250599344099,0.184474390433061
261,"18-30",-0.0165763559571579,0.0669809609459292
261,"31-55",0.00219666006920723,-0.0897879535027408
261,"56-65",0.0187644450273421,0.299033753919209
261,"66+",0.0120483852427666,0.912367659375172
262,"10-17",-0.00319315459357328,0.295607441491552
262,"18-30",-0.026778102627492,-0.0825112314460816
262,"31-55",0.00453707238074654,0.714768148071492
262,"56-65",0.0239252822018867,0.632269379107272
262,"66+",0.00552139459782125,0.624891494622387
263,"10-17",0.00186208697548656,0.203052601574801
263,"18-30",-0.012497653202621,1.06721352117169
263,"31-55",0.00620183376915186,0.36992159397393
263,"56-65",0.038472307991906,0.688466397458666
263,"66+",0.00115270815020223,0.611755575601281
264,"10-17",-0.00241050470264027,-0.0488869807414685
264,"18-30",-0.0126282660529784,0.0431860837984664
264,"31-55",0.0101230457607243,0.231664388805415
264,"56-65",0.0121012070187053,0.459058016341066
264,"66+",0.00182078148795208,0.97606198828313
265,"10-17",0.00751955604692422,-0.0457886679306307
265,"18-30",-0.0139949536734436,-0.169200411142298
265,"31-55",0.00331466695405882,0.135432243518789
265,"56-65",0.0200111243623496,1.16035224366082
265,"66+",-0.000155416697581592,0.140219345384848
266,"10-17",0.0107275901429688,-0.0561800246127455
266,"18-30",-0.0213909885149617,-0.200053349605733
266,"31-55",-0.00149493001395388,0.422198314883696
266,"56-65",0.0169944466562582,0.460381323019245
266,"66+",0.00321982187083707,0.776906843902324
267,"10-17",-0.00153102749878204,0.236721204188851
267,"18-30",-0.0105879360567532,-0.0386780393363137
267,"31-55",0.00698814705993508,0.351775191976181
267,"56-65",0.0205147542748128,0.326980365869039
267,"66+",0.00103601543380275,0.284707107823787
268,"10-17",-0.000853392775470314,0.135119877759188
268,"18-30",-0.0240459309236673,-0.144137005242313
268,"31-55",0.00826370314141974,0.0788599516606887
268,"56-65",0.0227299735123581,0.808442990959602
268,"66+",0.00140818338379466,0.842566435242184
269,"10-17",0.0117888170879312,-0.044848394050268
269,"18-30",-0.0319477541234908,0.258216293009896
269,"31-55",0.00671531413211165,0.228756264779676
269,"56-65",0.0168674730086547,0.155034131825699
269,"66+",-0.00154264968668874,0.637880448129164
270,"10-17",0.00377971392456383,-0.00258471216455503
270,"18-30",-0.0170932870102782,0.379990934826844
270,"31-55",-0.000250618776837666,0.00863706831945454
270,"56-65",0.0230027762362697,0.895633296419788
270,"66+",-0.00106724214494359,0.444463773923353
271,"10-17",0.00631726420769762,-0.147586913495178
271,"18-30",-0.00590538217815502,-0.0138030763855265
271,"31-55",0.00440111376487597,0.264211125117078
271,"56-65",0.0295651205936666,0.689763025890491
271,"66+",0.0118997041685813,0.742594962409024
272,"10-17",-0.000837825971837965,-0.120147900078875
272,"18-30",-0.0100369809820164,0.0834975102530181
272,"31-55",-0.00162893390184952,0.18921720939063
272,"56-65",0.0338058931356315,0.743781052511698
272,"66+",-0.00160399937054919,0.390209204242849
273,"10-17",0.00149783461980157,-0.0935158125837794
273,"18-30",-0.0174651471557275,-0.0234546994197781
273,"31-55",-0.000119809796393514,0.436148891209173
273,"56-65",0.0227613374222613,0.278411654846989
273,"66+",0.00167092440963188,0.675255307056164
274,"10-17",0.0104647488456391,0.0430105483481373
274,"18-30",-0.0271442423009905,-0.0227069297159143
274,"31-55",0.00980268394020697,0.212833445781627
274,"56-65",0.0127627676093429,0.677400225697685
274,"66+",0.00900223924505906,1.20042563705891
275,"10-17",0.00427882253741529,-0.276085240633654
275,"18-30",-0.0128638115577095,0.285062748944534
275,"31-55",-0.00367389327799237,-0.0531223798051703
275,"56-65",0.00921608945687619,0.985903127186578
275,"66+",0.0117663260881332,0.578308183720422
276,"10-17",-0.00182039515244909,0.383144339706331
276,"18-30",-0.0195534537760054,-0.133308846583063
276,"31-55",0.00323468221001207,0.605266042029288
276,"56-65",0.021759340362206,0.235812840485681
276,"66+",-0.000572137504669775,0.398650113737295
277,"10-17",0.0135682982027736,0.390728541209375
277,"18-30",-0.018063313432272,-0.304545164736794
277,"31-55",0.00960186641154727,0.225065918287333
277,"56-65",0.0406186869601076,0.188952044375786
277,"66+",0.00580557541720325,1.37572418335688
278,"10-17",0.00843265153897037,0.589184391822349
278,"18-30",-0.0109590147000524,0.615565088224603
278,"31-55",0.00674544591999723,0.206022556786906
278,"56-65",0.038978178095908,0.873565626658308
278,"66+",0.000500419367588909,-0.0877939261345795
279,"10-17",0.00408851383802044,0.343762043459483
279,"18-30",-0.0244619696240262,0.577297152763532
279,"31-55",0.00366264557004982,0.56702073981305
279,"56-65",0.0227968119689251,0.418429719075787
279,"66+",-0.00608620076773265,-0.136309845057548
280,"10-17",0.0069905091739637,0.297094383032623
280,"18-30",-0.0220750507268833,0.505917950921959
280,"31-55",-0.00279784073461851,0.0656434370811072
280,"56-65",0.0184299103828774,0.307820235727226
280,"66+",0.000886147158727233,0.493406739302735
281,"10-17",0.0121272691153233,0.388852738757208
281,"18-30",-0.0135532287787724,1.00759674280641
281,"31-55",0.00261362342032708,0.391498365360396
281,"56-65",0.0311458862471702,1.22878022645161
281,"66+",0.00512028899695544,0.717999801671723
282,"10-17",0.00441262652664825,-0.216091251605259
282,"18-30",-0.0183178936760835,-0.295434861497216
282,"31-55",0.00220202835234919,0.197543957143431
282,"56-65",0.0300564104207181,0.42117940522726
282,"66+",0.0077122713997813,0.308739053034886
283,"10-17",0.0113932617292702,0.126359191745598
283,"18-30",-0.00155221132365481,-0.604922162077175
283,"31-55",0.00730552504492706,0.059748262881681
283,"56-65",0.0168950702762428,0.110488852261357
283,"66+",0.0069757696591038,1.03169159081315
284,"10-17",-0.00031850837677095,0.0456997102550551
284,"18-30",-0.00275046285193188,0.401328347156487
284,"31-55",0.0134310846206162,0.196617031638164
284,"56-65",0.0164322896315547,0.96789915719246
284,"66+",0.00895515999088519,0.453399868993489
285,"10-17",0.00107730482867762,-0.138724680733924
285,"18-30",-0.0148462190734068,-0.382281657214522
285,"31-55",0.00551637565323839,0.279959633412102
285,"56-65",0.0238891694276103,0.414563265599449
285,"66+",0.00781455472393263,0.811870131483244
286,"10-17",0.00627814119244579,-0.18641491409136
286,"18-30",-0.0102181234692287,0.900799075359018
286,"31-55",0.00775794690564493,0.550452241688559
286,"56-65",0.0271234310423079,0.580207518787515
286,"66+",0.00759203005215598,0.899387860928535
287,"10-17",0.00397256711315169,0.15478063226623
287,"18-30",-0.00842322611016862,-0.515152034244953
287,"31-55",0.00204873696349713,0.203618971365978
287,"56-65",0.0381986421662846,0.375177511114343
287,"66+",0.00367695176747456,1.02911381293731
288,"10-17",0.00177759314342346,-0.080660943952235
288,"18-30",-0.0177003344889642,-0.174798470178966
288,"31-55",0.00373601823419469,0.200805578366667
288,"56-65",0.029452982870122,0.732603384740195
288,"66+",0.00688654059903536,0.83774613123102
289,"10-17",0.0028464116051059,0.635315218472244
289,"18-30",-0.0192019614630653,-0.443322275054435
289,"31-55",-0.00152311407159748,0.586636112779868
289,"56-65",0.0165721258517637,0.979737971997517
289,"66+",0.00158473101041262,0.419136108786638
290,"10-17",0.00263001371299897,-0.171985137523811
290,"18-30",-0.0100266641993436,0.410656316465719
290,"31-55",0.00285374638505383,0.362943988638608
290,"56-65",0.0226663498744028,0.704147086752502
290,"66+",0.00706385914040491,0.517647109480846
291,"10-17",-0.00669608430854269,0.184266340881923
291,"18-30",-0.0212850112293228,0.517032453584965
291,"31-55",0.00548070153716309,0.466180470841651
291,"56-65",0.0220611616100841,0.379291136363157
291,"66+",0.00523335227952161,0.929911340705439
292,"10-17",0.00463258533175042,-0.275225051106883
292,"18-30",-0.0223755493321885,0.0962963141041638
292,"31-55",-0.004214365771167,0.457890555351934
292,"56-65",0.0256624364956957,0.220251997893886
292,"66+",0.00176525521041056,-0.115817847736561
293,"10-17",0.0088609906183174,0.263491721122859
293,"18-30",-0.023913203497388,-0.620225084618696
293,"31-55",0.00234678180227656,0.188711227657594
293,"56-65",0.0338855336270175,0.655273722099879
293,"66+",-0.00112913732649014,-0.127295307759907
294,"10-17",0.00619377228155354,-0.10343871884708
294,"18-30",-0.0232913406382643,0.627683569494448
294,"31-55",-0.000928772087476862,0.219945354274348
294,"56-65",0.0300228109515782,1.05756221261399
294,"66+",-0.000839921545181917,0.391789753742054
295,"10-17",0.0120546491017732,0.0668153064398713
295,"18-30",-0.0109795606086385,0.0164505157941869
295,"31-55",-0.000855161428803633,0.278999627948747
295,"56-65",0.0220261649174878,0.82075987360423
295,"66+",0.00656844905039325,0.748571513538866
296,"10-17",0.00275578866546316,-0.334988379550714
296,"18-30",-0.00181221729107724,0.624537031313894
296,"31-55",0.00661342142101791,0.656097908287055
296,"56-65",0.0222305341219303,0.977077175825867
296,"66+",0.00638535478776413,0.824912209811943
297,"10-17",0.0122456902042872,0.19863260199431
297,"18-30",-0.0180399429197157,-0.0545063455645866
297,"31-55",0.0107098570067385,0.328822803126899
297,"56-65",0.0297643959944331,0.387044351921734
297,"66+",0.00861677104526768,0.375029954413706
298,"10-17",0.000350261205471818,0.0395138706138347
298,"18-30",-0.00413948687594808,-0.0514185222573439
298,"31-55",0.00247319129920905,0.831443813201378
298,"56-65",0.0134180789594126,0.23025630565733
298,"66+",0.0026365457431679,0.400912349017511
299,"10-17",0.00604593872433567,0.220012033266473
299,"18-30",-0.0188328402830308,0.075367776030479
299,"31-55",0.000441715843397658,0.317861235363503
299,"56-65",0.0124876807986479,0.442385800434107
299,"66+",0.00319662906448781,0.5972235003475
300,"10-17",0.000245796191354502,0.22495624909374
300,"18-30",-0.0128317800928919,0.82599965694025
300,"31-55",0.00738746536892173,0.275215633018952
300,"56-65",0.0271109372868307,-0.626215139806635
300,"66+",0.00231292071746813,0.546893321602945
301,"10-17",0.00774686741979485,0.231952394121292
301,"18-30",-0.0128805922789556,0.264253280855643
301,"31-55",0.00382805435787588,0.127554868162078
301,"56-65",0.0328187030136303,0.400764071453008
301,"66+",0.00631949064264244,0.980727853336101
302,"10-17",0.00204392434282796,0.0823623183992064
302,"18-30",-0.0204158736781922,-0.249079328482042
302,"31-55",-0.00251531023554589,-0.267365388944133
302,"56-65",0.0245812751687499,0.823743935609614
302,"66+",0.00849714735057679,0.910443717360085
303,"10-17",0.011762619490147,-0.0395119311497161
303,"18-30",-0.0247524095982184,0.053471998416808
303,"31-55",0.00384991388099067,-0.182232602494791
303,"56-65",0.024156933673311,0.299278511233276
303,"66+",0.00358770747680844,0.797756027262721
304,"10-17",-0.00629331375045484,-0.155128817426512
304,"18-30",-0.00248786395533586,0.481106754313703
304,"31-55",0.0118574439242915,0.767458137865144
304,"56-65",0.0259778729218189,-0.131336204680673
304,"66+",0.00841465978359964,0.82841334872048
305,"10-17",0.00298909564801369,0.602155363187193
305,"18-30",-0.0159368418279625,0.717004825573787
305,"31-55",0.00270373412557969,0.648487651396528
305,"56-65",0.0286115854738979,0.197783984540878
305,"66+",0.00636161886171526,0.378684644090957
306,"10-17",0.0106802860104881,0.122989175099567
306,"18-30",-0.0265629497199482,0.526736871025922
306,"31-55",0.0036383514064828,0.112271934789362
306,"56-65",0.0340760541323447,0.338694789979695
306,"66+",0.00346111401834436,0.96703189484186
307,"10-17",0.00188630982389176,0.0356109500341635
307,"18-30",-0.0193831527758328,-0.186095233847243
307,"31-55",0.010769680252238,0.191932757283103
307,"56-65",0.0278052560146023,0.797061401943866
307,"66+",0.00597753795908457,1.09726876460959
308,"10-17",0.00138970402651766,0.0949461456948484
308,"18-30",-0.0249404048069458,0.132152634189045
308,"31-55",0.000674281576594179,0.415663882387435
308,"56-65",0.0225532557006449,0.530105839657706
308,"66+",0.0106544745439399,0.731442142616513
309,"10-17",0.000319206784938291,0.132847794731889
309,"18-30",-0.00464343362557347,0.730886091223575
309,"31-55",-0.00313836062737136,-0.333212666042305
309,"56-65",0.0204610876735997,0.397844693047294
309,"66+",0.0129765374976845,0.776306923997564
310,"10-17",0.00121043478056509,0.0983535432756342
310,"18-30",-0.02522044309738,-0.230383829902215
310,"31-55",0.0097954752509732,0.742111251462769
310,"56-65",0.0206202272295654,0.106864745708952
310,"66+",0.00564195042260599,0.756507086286708
311,"10-17",0.0140116073831436,-0.0545578832773321
311,"18-30",-0.0199997848326207,0.536826577589188
311,"31-55",0.00284171946548502,0.412948905100954
311,"56-65",0.0212613787338042,0.346743325013434
311,"66+",-0.00286258573221516,0.132918529075793
312,"10-17",0.00210564910973498,-0.106808456961026
312,"18-30",-0.0307486829137007,-0.499671147360638
312,"31-55",0.00368575182287192,0.271995063983041
312,"56-65",0.0210277497263593,0.745382912865986
312,"66+",-0.00417869442001001,0.0680171107584127
313,"10-17",0.00363845718031457,0.00106765531097031
313,"18-30",-0.0229042482632658,-0.621545347116217
313,"31-55",0.00287375043009848,0.448494071556499
313,"56-65",0.0326914265260685,1.07822197377052
313,"66+",0.00297827434686976,0.555748093463626
314,"10-17",0.00715954477191138,0.296459567295114
314,"18-30",-0.00971828690241079,0.17525656630953
314,"31-55",-0.00165577799841108,-0.0483591416647176
314,"56-65",0.0237633065242931,0.466728513617183
314,"66+",0.00579427148504479,0.919109646308991
315,"10-17",0.00821151907051969,0.255092765074171
315,"18-30",-0.0262668817744946,-0.685844305218743
315,"31-55",0.00324373155910786,-0.615429310840681
315,"56-65",0.0263760948754154,0.276733751667144
315,"66+",0.00325103943075421,0.263773304051031
316,"10-17",0.00649643528434329,0.521435740683386
316,"18-30",-0.016236560120054,-0.816081655493123
316,"31-55",-0.0037602432213991,0.317245928792695
316,"56-65",0.0167781081744749,-0.0382574678252888
316,"66+",0.00786313551617169,0.577300693516472
317,"10-17",-0.00117285051086186,-0.0248156946574403
317,"18-30",-0.0248646636021794,0.500474668524961
317,"31-55",0.00939997390616162,0.0345951656030181
317,"56-65",0.0195576996398345,0.587417630118076
317,"66+",0.00742160994587933,0.565168944935749
318,"10-17",0.000884901090703432,-0.359280745406234
318,"18-30",-0.00655700910555269,0.665590719967027
318,"31-55",0.00538794439295911,0.428983837078698
318,"56-65",0.0125738087023833,-0.0690727889640995
318,"66+",0.00645607564343329,0.78213898209756
319,"10-17",0.00957675581570998,0.0431784146331626
319,"18-30",-0.0130409505507508,0.248160735237767
319,"31-55",-0.00131935075127458,0.468450961744605
319,"56-65",0.0200168333018621,1.03988111480686
319,"66+",0.0147229461227722,0.726716989320968
320,"10-17",-0.000250100119593706,0.035494400124203
320,"18-30",-0.011839925742713,0.124651818888919
320,"31-55",0.00441104351461754,0.805699662604707
320,"56-65",0.0288684123086831,1.0116799061442
320,"66+",0.00853858119945152,0.78233369026817
321,"10-17",-0.00433620572550448,-0.161708307381084
321,"18-30",-0.0114568043339923,0.142156928443986
321,"31-55",0.00480138074265703,0.293110070838101
321,"56-65",0.0367266953018356,0.730062482668482
321,"66+",0.00400717689712345,0.673589454158127
322,"10-17",0.00411537458059235,0.257317791582599
322,"18-30",-0.00652613818105992,-0.0057834087041603
322,"31-55",0.00912154672869066,0.496642156611129
322,"56-65",0.0306131225843756,0.42877523081731
322,"66+",0.00776887406485806,0.937371794415406
323,"10-17",0.00244916735148509,-0.0436639327556074
323,"18-30",-0.0155119793521956,0.370307866262909
323,"31-55",0.00181032247391673,0.523313881123771
323,"56-65",0.0117099230130355,0.48180059076271
323,"66+",-0.00401241550424697,0.265227069574434
324,"10-17",0.00121546451540704,0.0510525427773549
324,"18-30",-0.0376703779799665,0.248372337904545
324,"31-55",-0.00113512741936271,-0.0428943403866586
324,"56-65",0.0182079892342403,-0.141630786225655
324,"66+",0.006052820414817,0.924046251638765
325,"10-17",0.00498423418868831,-0.00665141562592853
325,"18-30",-0.0179808564437479,-0.264838985561026
325,"31-55",0.00544765601342841,0.164116473621082
325,"56-65",0.0398130803876474,1.2862007413314
325,"66+",-8.52976960236361e-05,-0.155912185427052
326,"10-17",0.00262168763654346,0.00938495136354289
326,"18-30",-0.0216580543815958,0.167880804317243
326,"31-55",-0.00566205741121576,0.0326383122642719
326,"56-65",0.0262935402620384,0.144135854380118
326,"66+",0.00143541045197807,0.264733089852957
327,"10-17",0.00225721092271746,-0.236950151790765
327,"18-30",-0.0233358642069451,-0.176618644920333
327,"31-55",0.00270900638797052,0.313099579928624
327,"56-65",0.0206174804955982,0.303739277941761
327,"66+",0.00835181277579368,1.14752246511117
328,"10-17",-0.0048667872562872,0.288204650936546
328,"18-30",-0.00110436934720905,0.67896869266034
328,"31-55",0.00188561229686886,0.0887318094955092
328,"56-65",0.0252986372051492,0.0674021740706211
328,"66+",-8.21445188152851e-05,0.650980937600949
329,"10-17",0.00849914590153111,-0.358353078513198
329,"18-30",-0.02190420492979,0.208149067997903
329,"31-55",0.0043102898114434,0.649785502763617
329,"56-65",0.0267116205566825,0.101581342821065
329,"66+",0.00651480363975336,0.811965803658888
330,"10-17",-0.00120545713306858,0.0387682899261419
330,"18-30",-0.0154301350309931,0.132333221188321
330,"31-55",0.0051254740053305,0.421644037147997
330,"56-65",0.0168801229589375,-0.12432560520133
330,"66+",0.00470814827084017,0.452925960877554
331,"10-17",0.00166031074134464,0.176848949617387
331,"18-30",-0.0073331363929184,-0.192853616035018
331,"31-55",0.00549981716069122,-0.0453777625966862
331,"56-65",0.033321496367136,0.58404185813891
331,"66+",0.00736495086103902,0.552142356873845
332,"10-17",-0.00598161260626191,0.283720287311567
332,"18-30",-0.0263605907746677,0.0266331434740695
332,"31-55",0.00195453301241562,0.384252374143797
332,"56-65",0.0334206169562078,0.327692428870894
332,"66+",0.00243528951939747,0.580021659373062
333,"10-17",0.00554724907130449,0.0377822920738193
333,"18-30",-0.0113046737272658,0.74590538859325
333,"31-55",0.0109353828638544,0.685673035737463
333,"56-65",0.0249676821817384,0.251558726411427
333,"66+",0.00927346837284449,0.611476017399291
334,"10-17",0.0136833110840028,0.208513243590029
334,"18-30",-0.0208640404107626,-0.255128122866012
334,"31-55",-0.00151112368606863,0.138272302795386
334,"56-65",0.034168637794545,1.08137722846681
334,"66+",0.00135141548571988,0.403872939932335
335,"10-17",0.00495419732850116,-0.0603191901779425
335,"18-30",-0.0134880305249838,0.771129256298192
335,"31-55",0.00203892334420976,0.31566615810839
335,"56-65",0.020946030044463,-0.141073473020548
335,"66+",0.00307530474896441,0.652521405021974
336,"10-17",0.00986553652773053,0.404905855858058
336,"18-30",-0.0171586796450188,-0.216019428104343
336,"31-55",0.0122431570214817,0.848161696818839
336,"56-65",0.0220089075196633,-0.0218012463277723
336,"66+",0.00705001126976904,0.605331906449227
337,"10-17",0.0123645083899115,-0.590014707268238
337,"18-30",-0.00606945464804422,-0.00464632310934379
337,"31-55",-0.000789867888124388,0.651286301704976
337,"56-65",0.0183041744637677,0.00646678453708882
337,"66+",-0.00764380680484289,0.154387559547813
338,"10-17",-0.00390494086954091,0.140290771039646
338,"18-30",-0.0120483831408088,0.500855766010233
338,"31-55",0.0111442938986579,0.124851834188991
338,"56-65",0.0229352662144529,0.593985469362381
338,"66+",0.00613648746850412,0.730285893519155
339,"10-17",0.00404296057467862,0.0206062017555628
339,"18-30",-0.0109914247633192,-0.577193903753279
339,"31-55",0.00648894878967356,0.865790850308678
339,"56-65",0.035080114285115,0.696884588166856
339,"66+",0.00196439513202783,0.624475097102622
340,"10-17",0.00586232666161739,-0.0285784134037317
340,"18-30",-0.006778948537097,0.0125894116512427
340,"31-55",0.0129194404395092,0.806440735400136
340,"56-65",0.0183489372769041,0.380213339293003
340,"66+",0.00137164485697114,0.120965272534165
341,"10-17",0.00037009040289842,-0.34672735246547
341,"18-30",-0.00306735710487356,-0.605707408453699
341,"31-55",0.00433775125750998,0.192273555401022
341,"56-65",0.00538743283661486,0.441154930784344
341,"66+",0.00534871432260566,0.253074588809618
342,"10-17",-0.00578003769762948,0.15517740397059
342,"18-30",-0.0258922749384423,-0.380828126550412
342,"31-55",0.00381900927681197,-0.381433308318513
342,"56-65",0.0185106083860472,0.539370581898162
342,"66+",0.00443268482800127,0.521116630375493
343,"10-17",0.000132481052229066,-0.204655452095038
343,"18-30",-0.0275544206682902,1.16238805674427
343,"31-55",0.00849725238005341,0.450726264678965
343,"56-65",0.0382700425856884,0.627433942595261
343,"66+",0.00740234638146549,0.870811445409097
344,"10-17",-0.0111532815873574,0.0776282446999588
344,"18-30",-0.0178410275223688,0.537947147372847
344,"31-55",-0.00257404381762614,-0.367859796132413
344,"56-65",0.027529073086157,0.250739992417731
344,"66+",0.00233118214795816,0.941959961228368
345,"10-17",0.0074650257016835,0.344389091203404
345,"18-30",-0.0175126985758156,0.344474958255364
345,"31-55",-0.00409940863760276,-0.26944577545714
345,"56-65",0.032953910172173,-0.338349678907421
345,"66+",0.00860095833742166,0.81463323682157
346,"10-17",0.0020700329207714,0.520296621082915
346,"18-30",-0.00657860224995678,-0.331978105489629
346,"31-55",-0.00185098961902162,0.597441456975071
346,"56-65",0.0185855321190894,0.553904801884612
346,"66+",0.00464307559295352,0.707245267287894
347,"10-17",0.000449615169757549,-0.0695075961253822
347,"18-30",-0.0238863747216396,0.494206519439306
347,"31-55",0.00194833620095949,0.19876999805729
347,"56-65",0.0424831802219827,0.716995276577096
347,"66+",-0.00498317594499116,0.370528230183017
348,"10-17",0.00401959853783045,0.297970230808388
348,"18-30",-0.0140366768427558,-0.240107074676493
348,"31-55",-0.00130331483230282,0.401505200270438
348,"56-65",0.0219325290671402,0.0404570403564267
348,"66+",0.00704268044015334,0.842365312874183
349,"10-17",0.00541333521359188,0.20783175896305
349,"18-30",-0.0257407341434951,-0.364515646253312
349,"31-55",0.0129971151963276,0.492488734286483
349,"56-65",0.0221076385670765,0.0421797163772372
349,"66+",0.0066211786126801,0.90548026301641
350,"10-17",0.000920239922742365,0.207198369376213
350,"18-30",-0.00275233847231128,0.243528762710555
350,"31-55",0.00198689054154357,0.388937043008204
350,"56-65",0.021206205607369,1.05556594246733
350,"66+",0.00457387727926226,0.841186421819844
351,"10-17",0.0118721823665035,0.145640289329592
351,"18-30",-0.0368127854101314,-0.263914327411199
351,"31-55",0.00836897594866295,0.320934518357133
351,"56-65",0.0304732140161595,0.538733791188279
351,"66+",0.0147532065633257,1.02949079452911
352,"10-17",0.000790844455298971,-0.333569767903253
352,"18-30",-0.0216826103978506,0.480459225399133
352,"31-55",0.00187380517174015,-0.0943807786094852
352,"56-65",0.028048228444236,0.384676903119401
352,"66+",0.00202491529565606,0.282832985214605
353,"10-17",0.006619158923231,-0.0436702807350429
353,"18-30",-0.0110502228494939,0.963642020717684
353,"31-55",0.00203114849423932,0.0344735403330285
353,"56-65",0.0140562713287504,0.102754678076432
353,"66+",0.00127456771591117,0.432381060385295
354,"10-17",0.0118973341733603,-0.0716752601872019
354,"18-30",-0.0287948748525676,-0.568748750621285
354,"31-55",0.00985769240530162,0.332506204500272
354,"56-65",0.0203820871385288,0.603233008983785
354,"66+",0.000448940137071519,0.535430351895343
355,"10-17",0.00366778074370477,0.476104986804075
355,"18-30",-0.017661497763994,-0.479801939785634
355,"31-55",-0.0028677801120041,0.148265670009948
355,"56-65",0.0281290196712338,-0.110530127617501
355,"66+",-0.000183842543095485,0.430136013589359
356,"10-17",0.00188138023754585,0.057273914540398
356,"18-30",-0.0119070629213954,0.0482308751344301
356,"31-55",0.00530173426540344,0.390802205783091
356,"56-65",0.0228169218257169,-0.163904605637342
356,"66+",0.000438919857122123,0.124413773379322
357,"10-17",0.00375643556290833,0.0925299315778041
357,"18-30",-0.0119983801246417,-0.166396330003957
357,"31-55",0.00740389528973381,0.165270110528767
357,"56-65",0.0184356666005785,0.265121189207234
357,"66+",0.00654803753778009,1.01197272331246
358,"10-17",0.00472115718802634,0.48447189124482
358,"18-30",-0.00501017729057059,-0.0984744131394039
358,"31-55",0.00699438637884666,0.361636555768256
358,"56-65",0.041808808878319,0.507416866665027
358,"66+",-0.00585094626030463,0.945882808080709
359,"10-17",0.00761543963614385,0.359967352393725
359,"18-30",-0.0196563139320477,0.396001389959007
359,"31-55",0.00597614668495413,0.0684125335754413
359,"56-65",0.0209113898149491,0.270984964193357
359,"66+",0.00393347588249285,0.0461252586230139
360,"10-17",0.00165321225115882,-0.0908470452659187
360,"18-30",-0.0307551486662559,-0.515518145217076
360,"31-55",0.0142809059437077,0.467752187194459
360,"56-65",0.0231151378053315,0.318453383405409
360,"66+",0.000691897932343175,0.523287340798085
361,"10-17",-0.00170564371532479,-0.0539291680065044
361,"18-30",-0.0123516555199361,0.130111082903705
361,"31-55",0.00625814382337111,0.31295064807357
361,"56-65",0.00524189796774066,0.47500221287177
361,"66+",0.00447385436779272,0.256644323795167
362,"10-17",0.00375832429659184,0.261059050006101
362,"18-30",-0.0177992376740992,0.393354520197264
362,"31-55",0.00120550716295006,0.317768533213135
362,"56-65",0.0122219633666084,0.205867118510552
362,"66+",0.00450762109567685,0.455437489845311
363,"10-17",0.00123950032372588,-0.177992803177216
363,"18-30",-0.0133423260448445,-0.00540568141532907
363,"31-55",0.0067218519711176,0.423941136622071
363,"56-65",0.0251280280370766,-0.261068269739413
363,"66+",0.00814157932159061,1.12063463349858
364,"10-17",0.0127861615392003,0.247636979430304
364,"18-30",-0.0123095552939335,0.0563067848666342
364,"31-55",0.00145280582691667,0.139695679946557
364,"56-65",0.0369512709974473,0.889443949086983
364,"66+",0.00302463369983967,0.176636572283792
365,"10-17",0.00868535346108417,-0.0329276274475843
365,"18-30",-0.00689919655138067,0.225047193982637
365,"31-55",0.00441664337148403,0.119364772015168
365,"56-65",0.0266021796918437,0.167227450468509
365,"66+",0.0125041720880005,1.24340988855967
366,"10-17",0.00990603555069674,0.0980275091902612
366,"18-30",-0.000585746701163584,0.261326742222032
366,"31-55",0.00182147111681693,0.332704116948081
366,"56-65",0.0295124721003436,0.704093368395655
366,"66+",0.00531365621646593,0.397396384513043
367,"10-17",0.0069491180187185,0.092197188789878
367,"18-30",-0.025353638894873,-0.448375831204244
367,"31-55",0.00480062920553827,0.193213411267244
367,"56-65",0.0227488540430483,-0.151562784433446
367,"66+",0.0125660936021744,0.654709004806416
368,"10-17",0.0030647236897211,-0.1884673871862
368,"18-30",-0.0210197990565168,0.239029292906574
368,"31-55",-0.00107899818038829,0.430968910939354
368,"56-65",0.0231180962816203,0.103018775129745
368,"66+",0.00928377670412126,0.830236138107125
369,"10-17",0.00386902453989401,0.0933454169639711
369,"18-30",-0.0244690252194441,-0.519301090426822
369,"31-55",-0.00198821357358423,-0.0387841823982498
369,"56-65",0.024126882309993,0.946559257815713
369,"66+",0.00671066247751394,0.412972002381779
370,"10-17",0.00629329279605866,-0.0152569015557962
370,"18-30",-0.0122062405102653,0.139886343246848
370,"31-55",0.00618550121830365,0.263501106605976
370,"56-65",0.0304038150553634,1.30267096940651
370,"66+",0.0037632134116099,0.602497879656558
371,"10-17",-0.00406148533573265,-0.0680897147928947
371,"18-30",-0.0229791219015116,0.103991865181959
371,"31-55",0.00580249876492402,0.0531440019569669
371,"56-65",0.0173477234234859,0.282146995076655
371,"66+",0.00300020108628289,0.523495971125019
372,"10-17",-0.00171947759225578,-0.299018733822747
372,"18-30",-0.0293506824141021,0.46192946712641
372,"31-55",0.00598091939989994,-0.117951866028038
372,"56-65",0.0184665716715925,0.975245123335985
372,"66+",0.00714352842666877,0.343088463097022
373,"10-17",0.00289663839471526,-0.00819441043183122
373,"18-30",-0.0262712080465409,-0.174114132114769
373,"31-55",0.000208187523042155,0.378514280907227
373,"56-65",0.0266451539600591,0.975549684812783
373,"66+",0.00146860527676631,0.775536071105663
374,"10-17",0.00855995151010851,0.00813362238919346
374,"18-30",-0.0256181282649326,0.180125892693232
374,"31-55",0.00801084758936995,0.778530065757854
374,"56-65",0.0155625423573692,0.278832595062366
374,"66+",0.00376210524523176,0.692973447628696
375,"10-17",-0.000698306174316883,-0.146028699936206
375,"18-30",-0.0361733225750319,0.151125047256922
375,"31-55",0.00711229507587421,0.582918943737736
375,"56-65",0.0326754512156573,0.731232572054887
375,"66+",0.00150198338731218,0.523219087029549
376,"10-17",0.00583835989035707,0.407915565627835
376,"18-30",-0.0158860428316248,0.670713451262363
376,"31-55",0.00108902272768248,0.573088120622264
376,"56-65",0.0288691469725637,0.921411823257908
376,"66+",0.00630914802749092,0.632410386267307
377,"10-17",0.00644285187245707,-0.159806025893713
377,"18-30",-0.0157786013707655,-0.111583531168597
377,"31-55",-0.00184158217363343,0.409262551480528
377,"56-65",0.0330540295084593,0.825815419836215
377,"66+",0.00946376759546149,0.912148407427248
378,"10-17",0.00964679055589573,0.293578032098485
378,"18-30",-0.0103491845775741,0.482969130471048
378,"31-55",0.00688272405157721,0.478903783197216
378,"56-65",0.0208989499932347,0.591774657041286
378,"66+",0.00787347287114153,0.56981334558197
379,"10-17",0.00836494274429799,0.0270389918087486
379,"18-30",-0.0306888900018232,0.650655451947934
379,"31-55",0.00639069744725364,0.533481982307398
379,"56-65",0.0290421894204796,0.406168553074758
379,"66+",0.00487123868236242,0.454208860559224
380,"10-17",-5.19992439017639e-05,0.10685160242066
380,"18-30",-0.0140142679510297,-0.393690722294244
380,"31-55",0.0031841606537086,0.60529071575494
380,"56-65",0.0344901846023198,0.67432655639576
380,"66+",0.00499205088781044,0.772325231291442
381,"10-17",0.00653847537774937,0.335214945716693
381,"18-30",-0.0300168832175573,-0.33881934060556
381,"31-55",0.00561746997001963,0.415715486705964
381,"56-65",0.0193856466956486,0.729224338283893
381,"66+",0.00803785744249897,0.56341113391385
382,"10-17",0.00153409348419475,-0.22093629911457
382,"18-30",-0.00545964807961748,6.2936088727733e-05
382,"31-55",-0.00393177932921999,0.278766988376643
382,"56-65",0.0426053824143978,1.12206026830359
382,"66+",0.0095108687114263,0.337197319303418
383,"10-17",0.00252489953794376,-0.00338728089995577
383,"18-30",-0.0111432109817988,-0.206437519594869
383,"31-55",0.002664449918681,0.322646665206593
383,"56-65",0.0206024425955858,-0.109596840807141
383,"66+",0.00187321053186815,0.750429598690232
384,"10-17",-0.00598133100328958,0.489684424907331
384,"18-30",-0.0124382867359353,0.112305753795043
384,"31-55",0.00306095221166205,0.244977261692122
384,"56-65",0.0238344109329679,0.116784290986368
384,"66+",0.00323558836978773,0.846476250676039
385,"10-17",0.00172777339580587,-0.0130184885989229
385,"18-30",-0.012168436268734,0.620858932566252
385,"31-55",-0.00204773999317407,0.731107987531505
385,"56-65",0.0267384321363811,0.947883091077399
385,"66+",0.00926246398317708,1.16226220908624
386,"10-17",0.00472139976931134,0.272422827900567
386,"18-30",-0.00893994139289479,-0.0546446780680511
386,"31-55",0.00972861265009053,0.901477778438689
386,"56-65",0.0179536943619324,-0.329758618581433
386,"66+",0.00255583695386601,0.480139549833118
387,"10-17",0.00587446922379147,0.168932841791601
387,"18-30",-0.0153848314150399,-0.0932250793441217
387,"31-55",0.00378555315752012,0.715950420190018
387,"56-65",0.0279787628067524,0.500761808238494
387,"66+",0.0103973633296795,0.863372502257772
388,"10-17",0.00629341788591086,0.260576485804442
388,"18-30",-0.0140810335540034,-0.050466249189359
388,"31-55",0.00869805043008883,0.238620254677253
388,"56-65",0.0215358735794433,0.237333230279024
388,"66+",0.00738985770843103,0.600902065852319
389,"10-17",0.00735173552735007,0.227766612481974
389,"18-30",-0.0266092263423435,0.831681871900681
389,"31-55",0.0058151947704855,0.550267184156434
389,"56-65",0.0162139413590477,0.635325682040722
389,"66+",0.00167602706822756,0.268164313472506
390,"10-17",0.00130207398682385,0.285314696568148
390,"18-30",-0.0191799836346358,-0.475033097607025
390,"31-55",-0.000168476587694514,0.251079620011183
390,"56-65",0.0220480024142598,-0.106650068227843
390,"66+",0.00337930449336908,-0.130940474134474
391,"10-17",0.00923673463888829,0.028662688719967
391,"18-30",-0.0130401365656643,-0.375152478920468
391,"31-55",0.00861644022674448,0.246805212730411
391,"56-65",0.0190488122231645,0.533957330807835
391,"66+",0.00947127044212136,0.825721516207379
392,"10-17",-0.00234659343493932,-0.305615624486483
392,"18-30",-0.0342191070917927,0.0210882640889763
392,"31-55",0.001381067245623,0.723796405033324
392,"56-65",0.0116034359682742,0.708842005975779
392,"66+",-0.000374318047615185,0.974497188234337
393,"10-17",0.00899140900271899,-0.139520353183026
393,"18-30",-0.0242736320975655,-0.567361832734091
393,"31-55",0.00133398520898589,0.149511570964853
393,"56-65",0.0189879406351215,0.154648905328553
393,"66+",0.00620990093431082,0.880387849185165
394,"10-17",0.00136339343609081,-0.265467579859382
394,"18-30",-0.0161416009248305,-1.21914100240726
394,"31-55",-0.00171922129889827,-0.457521120203069
394,"56-65",0.0290895337417955,0.867961710924117
394,"66+",0.00134690232085359,0.572293023317288
395,"10-17",0.00575791302964589,0.236394703900042
395,"18-30",-0.0228827668655823,-0.127130905307856
395,"31-55",0.012112476744096,1.04839840204139
395,"56-65",0.0284817834502538,0.502059603100369
395,"66+",0.0101298066309491,1.11458096013951
396,"10-17",-0.00332967358334125,-0.0339195242153649
396,"18-30",-0.0111213141137571,0.148438548110858
396,"31-55",0.00605255951388635,0.590394368023444
396,"56-65",0.0288974236577537,1.37426930282267
396,"66+",0.00122594157520713,0.196641941127584
397,"10-17",0.002147158620309,0.0731425724988517
397,"18-30",-0.0161342375603247,0.198698225895847
397,"31-55",0.000198173589751735,0.434466798153172
397,"56-65",0.0218508373992525,0.589957396822156
397,"66+",0.00355455983059207,0.30028584258816
398,"10-17",0.0070459949595436,0.116348060770229
398,"18-30",-0.011025003836385,-0.675644729636349
398,"31-55",-0.00640876566738089,0.544104916856588
398,"56-65",0.0096555625822064,0.451542325185422
398,"66+",0.0056296313497046,0.776782564948271
399,"10-17",0.00417675494735197,0.0185415678058898
399,"18-30",-0.0225649908379423,-0.328523522632362
399,"31-55",-0.00164210192824147,0.329711450585861
399,"56-65",0.0223550332985925,0.272895492663643
399,"66+",0.00445369427093789,0.479167451505997
400,"10-17",0.000876072071711358,-0.120997946908804
400,"18-30",-0.0180833788909337,-0.175564084927759
400,"31-55",0.0104608105327066,0.453565454255078
400,"56-65",0.020548186135934,1.21480281270163
400,"66+",0.00671215037111287,1.09518771191401
401,"10-17",-0.00322118260269311,0.188142231469729
401,"18-30",-0.0203901740377097,0.388383974851951
401,"31-55",0.00538079154408318,0.190365201250437
401,"56-65",0.013629897057847,0.83885349544535
401,"66+",0.00798231676992334,0.429739413109144
402,"10-17",0.00307987346665727,-0.28227392789594
402,"18-30",-0.0156128420114433,-0.292162296966841
402,"31-55",0.00115850192420649,0.297834218314918
402,"56-65",0.0333750807355283,0.381435831317158
402,"66+",0.00148758156449519,0.229935798871277
403,"10-17",0.00218015985667729,0.135861345328052
403,"18-30",0.00700426129687386,0.352140676165727
403,"31-55",0.00816038575661228,0.303289165495285
403,"56-65",0.0141587851500566,0.188140915421575
403,"66+",-0.00368470664757231,0.964021103575039
404,"10-17",0.00393814154661497,0.120442006743579
404,"18-30",-0.0112811726570897,0.146442081068308
404,"31-55",-0.00152428922596879,0.239579456440306
404,"56-65",0.0241214898458579,0.338899621911478
404,"66+",0.00821973147341429,1.01998831856455
405,"10-17",0.0100177683890121,-0.0849062119222599
405,"18-30",-0.0170082472680326,0.299358042218703
405,"31-55",0.00668852226413393,0.424645579496563
405,"56-65",0.0172317176041091,0.836615560459041
405,"66+",0.00897283411965999,0.932430393163133
406,"10-17",0.0065874061991713,0.0932460133001443
406,"18-30",-0.0179242301911288,0.220594229963582
406,"31-55",0.00692170825796508,0.57169227113183
406,"56-65",0.0238307546814848,0.288319082863724
406,"66+",-0.000509318625997218,0.65096973103859
407,"10-17",-0.00148149927748976,0.254100475972617
407,"18-30",-0.0157338288591468,0.47144405050779
407,"31-55",0.00532270131039538,0.381031600438977
407,"56-65",0.0236663994042668,0.941359630588173
407,"66+",0.00198417282537962,0.593991503280398
408,"10-17",0.00863027641878488,0.403234475652567
408,"18-30",-0.0336422528759234,-0.0379194713758641
408,"31-55",0.00174133114057675,0.353586946172474
408,"56-65",0.0234618729853664,0.641162006808858
408,"66+",0.00531219875365565,0.679162113561615
409,"10-17",0.00343974235154886,0.476312956344009
409,"18-30",-0.0155212509933745,0.634439420591544
409,"31-55",-0.005779562120358,0.171779800040986
409,"56-65",0.0177438522811407,0.869729324033727
409,"66+",0.00209886792324757,0.739038299165643
410,"10-17",0.00804013675889819,-0.0766450070123521
410,"18-30",-0.018657909032502,-0.490064100427755
410,"31-55",0.00743177271141906,0.436010904641172
410,"56-65",0.0205092240687851,0.0873138320166743
410,"66+",0.00619264597300466,0.76501887289063
411,"10-17",0.00087976604833389,0.294228346858509
411,"18-30",-0.0200168681951228,0.277652766216422
411,"31-55",0.00572583377129728,0.466788265466422
411,"56-65",0.017805043259461,0.900589711565833
411,"66+",-0.00129765982613433,0.555004662517935
412,"10-17",0.00365121792815625,0.103252715888778
412,"18-30",-0.0206625865365901,0.584688390132412
412,"31-55",0.00742401959367424,0.467357935537905
412,"56-65",0.0349473317453834,0.901575429160865
412,"66+",0.00684544789357773,0.649186886726992
413,"10-17",0.00535216866990717,0.170713084848205
413,"18-30",-0.0158685274885011,-0.00817152116271461
413,"31-55",0.00556346725288189,0.0757080042760416
413,"56-65",0.0294193571949214,0.49994596447903
413,"66+",-0.000557943867864032,0.652626968391472
414,"10-17",0.00391869093397906,0.569181322746556
414,"18-30",-0.00650007983776281,-0.0927789851648288
414,"31-55",-0.00161352835075383,0.279354818712066
414,"56-65",0.0299166797166527,0.210002101904499
414,"66+",0.011385474823809,0.29606617831786
415,"10-17",-0.00292860619252989,-0.0465702064640441
415,"18-30",-0.0187157562732338,-0.318257145058546
415,"31-55",0.00300232691659704,0.543086602505755
415,"56-65",0.021790483535171,-0.170149886421389
415,"66+",0.0047338034484529,0.591727636648016
416,"10-17",-0.00214512915154925,-0.143152485409529
416,"18-30",-0.0161996282935542,0.390366365872315
416,"31-55",-0.00057795149613347,0.0794896127850502
416,"56-65",0.0241399906846609,1.24210309875606
416,"66+",0.000836393554280338,0.301519758075196
417,"10-17",0.00508865353463594,-0.228491052530083
417,"18-30",-0.0200904656282409,0.332628708896519
417,"31-55",-0.00299712546591539,0.258029272480105
417,"56-65",0.0161806037108281,0.536666024621805
417,"66+",0.00658289072510019,0.935823064909804
418,"10-17",0.00190364046129454,-0.345364519416948
418,"18-30",-0.0190853788112797,0.408909194436532
418,"31-55",0.00347044546297761,0.0410274774254111
418,"56-65",0.0335706607545637,0.283937921902426
418,"66+",0.00616821800712715,0.542260346835241
419,"10-17",0.0108614631386348,0.267902203159598
419,"18-30",-0.0157959827713741,0.421209698539471
419,"31-55",0.00185063571214524,0.332497251339673
419,"56-65",0.0194581483995211,0.705880795889349
419,"66+",0.00150157406379073,0.420795082311876
420,"10-17",-0.000320851412088159,-0.591198018354231
420,"18-30",-0.0179251439310339,0.970886035416468
420,"31-55",0.00063301511496607,0.305625638022452
420,"56-65",0.0277831153425484,0.0826950003592294
420,"66+",0.00461867703829083,0.596172793221537
421,"10-17",-0.00359615480472986,0.0328630459783281
421,"18-30",-0.0135575101714806,-0.467897475925937
421,"31-55",-1.81861813811947e-06,0.410329313361752
421,"56-65",0.0262218156333456,0.313351320165209
421,"66+",0.00573507716914004,0.510580898502025
422,"10-17",-0.0088074644927535,-0.21757276537709
422,"18-30",-0.000482688208541984,1.03152231077333
422,"31-55",0.00231562469432469,0.588131526318328
422,"56-65",0.0216929634842178,0.235883512540719
422,"66+",0.0129800934809502,0.888280829999457
423,"10-17",0.00906798688075399,0.448856817653926
423,"18-30",-0.00748575125572189,0.212157801427895
423,"31-55",0.00766735744628979,0.377420583500987
423,"56-65",0.0159601300627655,0.0148010657139676
423,"66+",0.00849241621830563,0.837951270834697
424,"10-17",0.00412377215871167,0.0462339196632033
424,"18-30",-0.0315154418151461,-0.424425454342394
424,"31-55",0.00163019367442171,0.265123053967088
424,"56-65",0.0339077348865193,1.23758096307152
424,"66+",0.00174951220461004,1.15745556067231
425,"10-17",0.00644874577311638,-0.0426151214333412
425,"18-30",-0.0248768171070509,0.205690901457204
425,"31-55",-0.000215903518432517,0.521292567559843
425,"56-65",0.0294346031838318,0.411291857115397
425,"66+",0.00666277698288404,0.438044991321397
426,"10-17",0.00154933783325372,0.13076010507285
426,"18-30",-0.0192739916301262,0.00419386360316762
426,"31-55",0.0183291903169553,0.0577296440347592
426,"56-65",0.0113690406841039,-0.185159413799815
426,"66+",0.00779751589873898,0.751900772285526
427,"10-17",0.00418265550037999,0.456010881499443
427,"18-30",-0.00723286983997636,-0.0337565976460911
427,"31-55",0.00100186454269204,-0.295366553112234
427,"56-65",0.0259763511470421,0.30182321707699
427,"66+",0.00481949217540566,0.419949043934545
428,"10-17",-0.00758516210306132,0.237755860701492
428,"18-30",-0.0167076387646729,-0.547252690832076
428,"31-55",-2.09728907209304e-05,0.566345673436257
428,"56-65",0.0282382907963888,0.780439347121329
428,"66+",0.0078567280782973,0.615175316284473
429,"10-17",0.00570774196362666,0.0351004103608052
429,"18-30",-0.0213817277513456,-0.281544207103354
429,"31-55",-0.000218185146968067,-0.0451395165668378
429,"56-65",0.0380119496360165,0.356353253119931
429,"66+",0.00391303816544646,0.380036657141732
430,"10-17",-0.00231800341476807,-0.115473410930891
430,"18-30",-0.00621460417700011,0.0828173508165856
430,"31-55",0.00385620043234327,0.0763201047989404
430,"56-65",0.0275808650013104,0.647046494808695
430,"66+",0.0128897797554739,0.982729301426869
431,"10-17",-0.00787833406384292,-0.120655739665133
431,"18-30",-0.0294111029185645,-0.0487678798703358
431,"31-55",0.00439765874734301,0.315863026941503
431,"56-65",0.019059545319696,0.0215602416133801
431,"66+",0.00697259629340215,0.628670104672988
432,"10-17",-0.00283157668520712,0.449861649910889
432,"18-30",-0.0235484661957739,0.610675021991916
432,"31-55",-0.00522641970604385,0.192432594569534
432,"56-65",0.0193736647645636,-0.0865892237342297
432,"66+",0.00775269533968966,0.343349682442004
433,"10-17",0.00325561941957735,0.231796285213687
433,"18-30",-0.0223508962477629,-0.205687444752388
433,"31-55",-0.000120447290070195,-0.132688655027152
433,"56-65",0.022088003237896,0.28290077089328
433,"66+",0.0119509448105547,0.871994172952085
434,"10-17",0.00247805651058152,0.0670605479247919
434,"18-30",-0.00357455739337066,0.00523249921349142
434,"31-55",-0.000872503069846856,0.075392809552348
434,"56-65",0.0268445737154572,0.414894573337853
434,"66+",0.0071963321257018,0.166054962617956
435,"10-17",0.000121455732476565,0.128910366481971
435,"18-30",-0.00198350266788246,0.291349138603974
435,"31-55",0.00597152348481452,0.547778595009204
435,"56-65",0.0218198364301605,0.604322837092822
435,"66+",0.00989614129803883,0.928132653425776
436,"10-17",-0.00209253595258613,0.105329820860171
436,"18-30",-0.0274689471291094,0.0936889696893913
436,"31-55",0.00329804770157168,-0.102834387999874
436,"56-65",0.0286367728720529,0.00355080911429451
436,"66+",0.00596490092895438,0.665416139938023
437,"10-17",0.005847086730134,-0.0321753481940275
437,"18-30",-0.0298696490904426,-0.848809237375731
437,"31-55",0.0110023077864373,0.0839684342813076
437,"56-65",0.0222203979520433,-0.0868992316851268
437,"66+",0.000897829021281316,0.59547475437203
438,"10-17",0.0106015437224906,0.460883277722701
438,"18-30",-0.0268794814007805,0.73222453919337
438,"31-55",0.00457659047529731,0.00979523949115113
438,"56-65",0.0136349195711077,-0.528158961456312
438,"66+",0.00424429825266869,0.731963889019422
439,"10-17",0.00220019480274174,-0.157416514952768
439,"18-30",-0.0177891955832947,-0.313133248769119
439,"31-55",0.0038511001978251,0.219564564006578
439,"56-65",0.0111605531306866,0.0940599564294274
439,"66+",0.0121506321031222,0.617352284737143
440,"10-17",0.00769091240849767,0.292311339414921
440,"18-30",-0.0087006791893416,0.210926678183548
440,"31-55",0.00718464484801742,0.432026215744158
440,"56-65",0.0258096626572467,0.729426456653566
440,"66+",0.00219382945455993,0.328534153943709
441,"10-17",0.00692085994375424,-0.298458143680702
441,"18-30",-0.0180063971396315,0.605322052134532
441,"31-55",0.00670299186158753,0.335381097741884
441,"56-65",0.0158250136595186,0.757260315147137
441,"66+",-0.00205835434860252,0.553415725461542
442,"10-17",0.00466770357362799,0.528515705952448
442,"18-30",-0.016001625431654,0.561622321286746
442,"31-55",0.00299356026474303,0.318132013855243
442,"56-65",0.0204257123215654,0.11245457906892
442,"66+",0.00451487688401911,0.151862826551958
443,"10-17",-0.00526292493649805,0.071692277946136
443,"18-30",-0.0181860738493565,-0.0925647162214162
443,"31-55",0.00292036856403729,0.209838537452247
443,"56-65",0.0398849449471073,1.52435969372584
443,"66+",0.00204518894998815,0.629281456070987
444,"10-17",0.00648803603286163,0.134485264732736
444,"18-30",-0.0101755780113315,0.38309114673018
444,"31-55",0.00466103882778686,0.281852662221777
444,"56-65",0.0262331907373336,-0.698001572096425
444,"66+",0.00806739797670012,0.369863876043809
445,"10-17",-0.00212010678850817,0.158326883473933
445,"18-30",-0.0223854362066987,-0.310455773114128
445,"31-55",-0.00235210199615669,0.125795409886735
445,"56-65",0.0142264437685692,-0.159740478475846
445,"66+",0.00966016821844712,0.708649658601828
446,"10-17",-0.00803680345115865,0.032550658922379
446,"18-30",-0.017052278034081,0.541137029983666
446,"31-55",-9.39318652103203e-05,0.653761809434899
446,"56-65",0.0291086902071196,0.457979147321236
446,"66+",0.00396895049880866,0.598078412030402
447,"10-17",0.00414966994357057,-0.255724102971739
447,"18-30",-0.0187044620805077,0.220542500862648
447,"31-55",0.00081036387080948,0.557538508749878
447,"56-65",0.0475866085325384,1.30793285051518
447,"66+",0.00483506053286286,0.794768978775405
448,"10-17",0.00262502500612532,-0.178161406485621
448,"18-30",-0.0221226944220056,0.131456792206938
448,"31-55",0.000391348413251299,-0.251882307986149
448,"56-65",0.0329808636704226,0.799328905302071
448,"66+",0.00544744572837997,0.680682184586592
449,"10-17",0.0132891188484894,-0.361055400206061
449,"18-30",-0.0213658343166315,-0.366832268795236
449,"31-55",0.00722676827784515,0.213932630641825
449,"56-65",0.0259828098786527,0.328475371380371
449,"66+",0.0137270693614895,0.920563556484428
450,"10-17",0.00272943455749313,0.255522408755356
450,"18-30",-0.0117835930658155,0.693045309252744
450,"31-55",-0.00128688170981992,0.248231578255954
450,"56-65",0.0175197799121544,0.294873406875392
450,"66+",0.00108807567327571,0.514879385354184
451,"10-17",-0.0066218347796564,0.154443687329509
451,"18-30",-0.0094203034621942,0.36312402818034
451,"31-55",0.00701937377280317,0.524124486471257
451,"56-65",0.0202727997764172,0.323960678187203
451,"66+",0.00707535949144407,1.02280382099657
452,"10-17",0.00355074861484955,0.489071224503819
452,"18-30",-0.0256830384528739,0.598600701099148
452,"31-55",0.0108778357257402,0.749650695076549
452,"56-65",0.0265108954887784,0.972245802628098
452,"66+",0.00256884473847844,0.785699269198306
453,"10-17",0.0135533578617147,0.1555750824514
453,"18-30",-0.0276313752521776,0.330329234618051
453,"31-55",0.00439351327048678,0.22931082407753
453,"56-65",0.0222425865275081,1.22328988826545
453,"66+",0.0129022921640502,0.875890916544006
454,"10-17",0.00300839309139644,-0.352116513136963
454,"18-30",-0.00991067386589146,-0.314106521315681
454,"31-55",0.00496818314531341,0.573637387261453
454,"56-65",0.0272973187152005,0.622054778092572
454,"66+",-0.000386171904732526,0.397943518434358
455,"10-17",0.00825796777046672,0.107722390998679
455,"18-30",-0.00475520691370764,0.782425043069942
455,"31-55",0.00634128110874745,0.337363583334786
455,"56-65",0.0322208055382801,0.407845771866326
455,"66+",0.0106995839395502,0.820645898024146
456,"10-17",0.00341677196076978,-0.195737351087357
456,"18-30",-0.0115087226304631,-0.0227968633284092
456,"31-55",0.00210477561983038,0.136647203359141
456,"56-65",0.0347265466347854,0.469826950327067
456,"66+",0.00332213088040205,0.410575862530332
457,"10-17",0.00214466535506074,0.195844687462586
457,"18-30",-0.0175502391585046,-0.256166066081798
457,"31-55",0.00177416556165479,0.84996718132937
457,"56-65",0.0314637079027126,1.00473472966703
457,"66+",0.00505907412130709,0.304509556827043
458,"10-17",0.00348252740929116,-0.12207421446986
458,"18-30",-0.00985055660602248,0.358938265532975
458,"31-55",-0.000272917243338314,0.371424267310284
458,"56-65",0.025285265996802,0.28732132179445
458,"66+",0.00450243051342645,0.734035003303583
459,"10-17",0.00727619604676132,0.310732816069534
459,"18-30",-0.0239245304903955,-0.0227544845716058
459,"31-55",0.0132885019533863,0.362523104239302
459,"56-65",0.0224358213044825,1.09372747359331
459,"66+",0.0108645714428669,0.555081608791414
460,"10-17",-9.79382789371222e-05,0.174156893013039
460,"18-30",-0.0143131421532988,0.133657006100467
460,"31-55",0.0117923836168779,0.82934526905734
460,"56-65",0.0139780579824541,0.319088963039167
460,"66+",0.00770174040979861,0.66465695475246
461,"10-17",0.00749669722181178,0.148630230787718
461,"18-30",0.000640093038267828,0.602595988869801
461,"31-55",0.00390202003105418,0.450002427124044
461,"56-65",0.0305597678935182,0.492687486338724
461,"66+",0.00652348298538371,0.861282273649123
462,"10-17",0.00682538004450561,0.208575322148907
462,"18-30",-0.0163371067530996,0.0390097296008297
462,"31-55",0.00370887681433609,-0.277312052054443
462,"56-65",0.0307163322029566,0.651649311734976
462,"66+",0.00179180278780304,0.82782884168872
463,"10-17",-0.00179880853680126,0.16928683014833
463,"18-30",-0.0208654767987633,0.362388886357477
463,"31-55",-0.00243788280455102,0.146944886921127
463,"56-65",0.0164933414677495,0.512625663945686
463,"66+",0.00398438321805249,-0.174130183889606
464,"10-17",0.00237886192552194,-0.107416092843671
464,"18-30",-0.0156728249121666,0.272801834018988
464,"31-55",-0.000886382875379491,0.857790032683707
464,"56-65",0.0200896260455908,0.787916265247354
464,"66+",0.00993491183881908,0.808603139956417
465,"10-17",0.00135016194144965,-0.189683499492229
465,"18-30",-0.0217995333304793,-0.186716146782813
465,"31-55",0.0118170443556525,0.14227321860416
465,"56-65",0.017555451689149,0.691679224820026
465,"66+",0.00210951722834439,0.798247062822566
466,"10-17",0.00471450329265682,0.2294999695014
466,"18-30",-0.0224539306944258,0.697444694057579
466,"31-55",0.00953019517656469,0.0973984357917399
466,"56-65",0.0338415968830575,0.822235370325577
466,"66+",0.00311453786947522,0.33753592928452
467,"10-17",0.00127155619366586,0.0503308246633556
467,"18-30",-0.019408544027539,-0.319931345168852
467,"31-55",0.00889317750634563,0.0222697673883341
467,"56-65",0.00642650866659883,-0.167611323021933
467,"66+",0.000770315333323838,0.96244443294063
468,"10-17",0.000645797395391217,0.284729882811373
468,"18-30",-0.0155738248567505,0.0418457698939215
468,"31-55",0.00342175634940802,0.679143605687223
468,"56-65",0.0203603994679991,0.447364945433081
468,"66+",0.00257433028411067,0.685884097412422
469,"10-17",0.00342162980197746,-0.0122328198440727
469,"18-30",-0.0267567401463488,0.986097735581894
469,"31-55",0.0105936749722082,0.806949039790607
469,"56-65",0.0286035447117532,0.272504500722355
469,"66+",0.00373221666060432,0.394454363277856
470,"10-17",0.00465433250163527,-0.233337028959386
470,"18-30",-0.0150200722127742,-0.082147756434383
470,"31-55",0.0114632121862529,0.552119247151886
470,"56-65",0.00876213276678564,0.352947236469226
470,"66+",0.00549873991032989,0.746976775000333
471,"10-17",0.00541601521291562,0.564068650478038
471,"18-30",-0.0104090940761957,-0.0889595126438393
471,"31-55",0.00670444792116605,-0.0145053694377679
471,"56-65",0.0284618654862706,0.420881806032814
471,"66+",0.00260672956489444,0.740038281495228
472,"10-17",0.0150563180775386,0.37933128628394
472,"18-30",-0.0186314841906123,-0.167769984877315
472,"31-55",-0.00204366787927172,0.145447891344488
472,"56-65",0.0187209552749309,0.835550593110369
472,"66+",0.00728581863661672,0.517549606279759
473,"10-17",-0.0125799114434131,-0.097386291525678
473,"18-30",-0.0158588176358343,-0.304050466310955
473,"31-55",0.00327797016506073,0.742595628301936
473,"56-65",0.0303751946745357,0.517628267798281
473,"66+",-0.00790750667375357,0.284224332913249
474,"10-17",0.00649536664287863,0.22817340047122
474,"18-30",-0.00582510809940291,0.0200129632053231
474,"31-55",0.000896363846446055,0.270652324285198
474,"56-65",0.0228580486327855,1.14146986249539
474,"66+",-0.00272739344512883,-0.0502816273119409
475,"10-17",0.01010096732066,0.121742649346816
475,"18-30",-0.028953084519489,0.11566301558645
475,"31-55",0.00496142400753254,0.192492426319548
475,"56-65",0.0280640537460773,0.82910688947154
475,"66+",0.00518820673603142,0.763763369849794
476,"10-17",0.00307774798790483,-0.140026639956723
476,"18-30",-0.021753746917043,-0.0908995821268198
476,"31-55",0.00977681909351759,0.900378039500872
476,"56-65",0.0321887487501824,-0.110520759607555
476,"66+",0.00550754877089714,0.0569194348082676
477,"10-17",0.00454569371998686,0.0106309770611888
477,"18-30",-0.0198199057215776,0.375017941022399
477,"31-55",0.00287128608106409,0.508737559653486
477,"56-65",0.0142846198459553,0.0332397061003334
477,"66+",-5.65340773939042e-05,0.342385843414146
478,"10-17",0.000534720023696083,0.105196703902385
478,"18-30",-0.00895728082979887,0.205258363124782
478,"31-55",0.0142835710864199,1.08563595023298
478,"56-65",0.0265900307448283,0.557816333082936
478,"66+",0.00917770952371722,0.29913934649568
479,"10-17",0.00755901127733937,0.324531952530252
479,"18-30",-0.0350900584925957,0.236587528262049
479,"31-55",0.00529214429837684,0.402812389565268
479,"56-65",0.0337275926387502,0.212385060539115
479,"66+",0.0138852836759718,0.651738368049698
480,"10-17",0.00566206525840861,-0.173720089663472
480,"18-30",-0.0337430269471515,0.387465456087512
480,"31-55",0.0159558749513595,0.362080678835041
480,"56-65",0.0269515897137925,0.425946131013412
480,"66+",0.000207529540833491,0.467677676798841
481,"10-17",0.00558619072101257,0.214383192507458
481,"18-30",-0.0146656507755541,-0.0729299811751395
481,"31-55",-0.00207406498673866,0.269668577349458
481,"56-65",0.0234283939745945,0.563003366300245
481,"66+",0.00892572358761658,0.817481324424638
482,"10-17",0.00412828300132983,-0.0294935939705128
482,"18-30",-0.00646476342391779,0.244473087284955
482,"31-55",0.011712856836621,0.475960094129095
482,"56-65",0.0277487451879423,1.07341207314957
482,"66+",-0.00160632136033935,0.440117394160966
483,"10-17",0.00644917862946819,0.139863918386384
483,"18-30",-0.0210397231975887,0.79002621221693
483,"31-55",0.00520503307656735,0.624271114021253
483,"56-65",0.0269055788962991,0.898834921714008
483,"66+",0.00428224455580828,0.678109013181751
484,"10-17",0.000145670180316686,0.490137507199699
484,"18-30",-0.0206567165484001,-0.578811585304984
484,"31-55",-0.00539910863843788,-0.0753998391273638
484,"56-65",0.0258066214644818,0.146106562767501
484,"66+",0.00464612556565002,0.82721634869116
485,"10-17",0.00401547976486216,0.0344931322124395
485,"18-30",-0.0123455985954122,0.257348131514506
485,"31-55",0.00384488269586443,0.411763467250085
485,"56-65",0.0220353055375687,0.414997078917793
485,"66+",0.00449281389138955,0.882390481014152
486,"10-17",-0.00066126214187457,0.11202822033599
486,"18-30",-0.0156298583102726,0.038846639259508
486,"31-55",0.01516568738313,0.483453013110894
486,"56-65",0.0502427914175829,1.4277944479844
486,"66+",0.00276154407694449,0.629717804712351
487,"10-17",0.00458026881424355,0.13957758959519
487,"18-30",-0.0189782105659346,0.348984635651819
487,"31-55",0.00147044323720926,0.765413056241644
487,"56-65",0.0332648127035968,0.109550332240725
487,"66+",-0.00148996202958504,0.423524644247593
488,"10-17",0.00808113404050103,0.594802711718412
488,"18-30",-0.0294155738031732,0.00857325688128627
488,"31-55",0.000382293798819619,0.260595827333145
488,"56-65",0.0173720015504071,0.381747472802422
488,"66+",0.00451026847718209,0.479180579209596
489,"10-17",0.00971406475975422,0.209231213814434
489,"18-30",0.00358274832407705,0.196732564482356
489,"31-55",0.00798483132133872,0.752287833414004
489,"56-65",0.0198165622387402,0.39859008102924
489,"66+",0.00270093537798377,0.953980800266912
490,"10-17",0.0014467446816212,0.0937510182644092
490,"18-30",-0.0252114513730618,0.249135610231441
490,"31-55",0.00553713790040124,0.230231371278578
490,"56-65",0.0292017743616453,-0.102823922675572
490,"66+",0.00387803159712831,0.509375741526003
491,"10-17",0.00302636187882176,-0.0280753587151459
491,"18-30",-0.00742443157633239,0.588056309445973
491,"31-55",0.00032380643030174,0.512521449151002
491,"56-65",0.0247356679326354,-0.413036486962449
491,"66+",0.0101812118589323,0.514997335810066
492,"10-17",0.00594469439216971,0.262134093201885
492,"18-30",-0.0114930770241402,0.192650214135841
492,"31-55",0.0125710457369739,0.897466101562286
492,"56-65",0.0354503031207373,0.815551494666879
492,"66+",0.00523083005549229,0.369991796828309
493,"10-17",0.00554060579760606,-0.00197985028231518
493,"18-30",-0.0218002377617733,-0.26276971293938
493,"31-55",-0.0028974584699599,0.250602361937809
493,"56-65",0.0347379942302616,-0.0496512432770392
493,"66+",0.00818994253212011,0.869363956228353
494,"10-17",0.00712465269269513,-0.02996675741413
494,"18-30",-0.01714403576116,0.0149113207387464
494,"31-55",-0.0076217634153206,0.0220638009981722
494,"56-65",0.0239909314310059,0.176541008840466
494,"66+",0.000400077593567947,0.449280467908431
495,"10-17",0.00234575979456835,0.280504138829971
495,"18-30",-0.0204810263952858,-0.302066364389526
495,"31-55",0.00863193989543855,0.376688842852462
495,"56-65",0.0122030974144716,-0.249303337082592
495,"66+",0.000628773321299129,0.871191497144375
496,"10-17",-0.00518145762712414,0.27292374011458
496,"18-30",-0.0230484432064974,-0.787825086068213
496,"31-55",0.00364452521240579,0.789940200555694
496,"56-65",0.0190319021035438,0.385604068880203
496,"66+",0.000776307066214694,0.917427245567666
497,"10-17",-0.000728551010453778,0.14636717338982
497,"18-30",-0.0190325988603187,0.067552665087126
497,"31-55",0.00164461523094069,0.265625139940463
497,"56-65",0.0228587720741098,-0.0684253370471833
497,"66+",0.00802464738937073,0.291586639215338
498,"10-17",0.00781191438618816,0.213638288878344
498,"18-30",-0.0122685326367608,0.962115449727663
498,"31-55",0.000382282961210364,0.450545392357556
498,"56-65",0.0289762915358111,0.0895124363994225
498,"66+",-0.00461809232403624,0.521877306727521
499,"10-17",0.00865503526152511,0.218636867843784
499,"18-30",-0.0275048681881025,-0.112933562497514
499,"31-55",0.00442337854606386,0.331139050795478
499,"56-65",0.0207614508635783,0.961923311793927
499,"66+",0.00716677682033126,1.04341914589759
500,"10-17",0.0110971741397002,-0.0640582197061277
500,"18-30",-0.0242720979673503,0.164290809066615
500,"31-55",0.0131039630868076,-0.000463733158112545
500,"56-65",0.0176052996168208,0.283522017914367
500,"66+",0.00603902249507722,0.57987476604619
