"AgeGroup","x_start","y_start","x_end","y_end","dx","dy","magnitude","angle","pct_change_distance","pct_change_time"
"10-17",0.248717940463108,3.70081906238126,0.234420286859201,3.69983302411562,-0.014297653603907,-0.000986038265640143,0.0143316143556342,-176.05484093383,-0.0266437847681666,-5.74854133050678
"18-30",0.241767070373626,4.16404636341422,0.202890602655636,5.19626396780505,-0.03887646771799,1.03221760439083,1.03294944820963,92.1569145771879,24.7888115142043,-16.0801335177328
"31-55",0.238646793535169,5.86190727014207,0.21664555690595,6.38724497723744,-0.022001236629219,0.525337707095366,0.525798213109774,92.3981560125877,8.96189043745541,-9.2191628906075
"56-65",0.160675548777288,5.20841056552467,0.151275078760168,5.04681344780755,-0.00940047001711952,-0.161597117717115,0.161870310097379,-93.3292730987491,-3.10261865273742,-5.85059151106403
"66+",0.0686060993217588,4.54967320583811,0.0692343816320563,4.59590169310631,0.000628282310297448,0.0462284872681948,0.0462327565019336,89.2213522288135,1.01608368726076,0.915782002633379
