"AgeGroup","endpoint_displacement","path_length","tortuosity","path_type","R","circular_sd","consistency"
"10-17",0.0143316143556342,1.92344985540138,134.210271618508,"Highly tortuous",0.20050786753624,102.714628084754,"Highly variable"
"18-30",1.03294944820963,2.37187279972365,2.29621382133921,"Highly tortuous",0.199862997993395,102.817532792189,"Highly variable"
"31-55",0.525798213109774,1.84931806874093,3.51716309152773,"Highly tortuous",0.593798767750283,58.4986705558011,"Highly variable"
"56-65",0.161870310097379,2.36854266500819,14.6323477330914,"Highly tortuous",0.200225562826576,102.759648595446,"Highly variable"
"66+",0.0462327565019336,2.34354189634721,50.6900750390948,"Highly tortuous",0.200025102708002,102.79164351345,"Highly variable"
