"AgeGroup","x_start","y_start","x_end","y_end","dx","dy","magnitude","angle","pct_change_distance","pct_change_time"
"10-17",0.26322047059695,3.17813332071867,0.242447017418921,3.8394714469236,-0.0207734531780285,0.66133812620493,0.661664305769313,91.7991401429891,20.809011437424,-7.89203557417744
"18-30",0.251420996922721,3.99109614946818,0.212559399095013,4.39809962390738,-0.038861597827708,0.407003474439205,0.408854560927608,95.4541936555961,10.1977867532317,-15.4567829669583
"31-55",0.244201668243156,5.06035433243404,0.217738556882867,5.21448494826961,-0.026463111360289,0.15413061583557,0.15638587852079,99.7422828449683,3.04584631253348,-10.8365809089966
"56-65",0.17173849746767,4.48475210356037,0.174277957477491,4.28829022684704,0.0025394600098215,-0.19646187671333,0.196478288517752,-89.2594378073735,-4.38066301496045,1.47867836697451
"66+",0.0762956290601721,4.24461452247376,0.0775124890719735,3.68099082451943,0.00121686001180135,-0.563623697954325,0.563625011549343,-89.8762989653224,-13.2785602784454,1.59492755586516
