"AgeGroup","dx_endpoint","dy_endpoint","mag_endpoint","angle_endpoint","dx_trajectory","dy_trajectory","mag_trajectory","angle_trajectory","dx_diff","dy_diff","mag_diff","angle_diff","dx_pct_diff","dy_pct_diff"
"10-17",-0.0207734531780285,0.66133812620493,0.661664305769313,91.7991401429891,-0.00415469063560571,0.132267625240986,0.132332861153863,91.7991401429891,0.0166187625424228,-0.529070500963944,-0.529331444615451,0,80,-80
"18-30",-0.038861597827708,0.407003474439205,0.408854560927608,95.4541936555961,-0.0077723195655416,0.081400694887841,0.0817709121855216,95.4541936555961,0.0310892782621664,-0.325602779551364,-0.327083648742086,0,80,-80
"31-55",-0.026463111360289,0.15413061583557,0.15638587852079,99.7422828449683,-0.00529262227205779,0.0308261231671141,0.031277175704158,99.7422828449683,0.0211704890882312,-0.123304492668456,-0.125108702816632,0,80,-80
"56-65",0.0025394600098215,-0.19646187671333,0.196478288517752,-89.2594378073735,0.0005078920019643,-0.0392923753426659,0.0392956577035504,-89.2594378073735,-0.0020315680078572,0.157169501370664,-0.157182630814202,0,-80,80
"66+",0.00121686001180135,-0.563623697954325,0.563625011549343,-89.8762989653224,0.00024337200236027,-0.112724739590865,0.112725002309869,-89.8762989653224,-0.000973488009441081,0.45089895836346,-0.450900009239474,0,-80,80
