"AgeGroup","x_start","y_start","x_end","y_end","dx","dy","magnitude","angle","pct_change_distance","pct_change_time"
"10-17",0.276033970830753,3.81842459924949,0.264129673992754,4.16630330406167,-0.011904296837999,0.347878704812175,0.348082325815322,91.9598782977767,9.11052963781321,-4.31262021923308
"18-30",0.257606749547751,4.34472977908628,0.22387584414466,5.07690723554512,-0.0337309054030905,0.732177456458835,0.732954024292003,92.6377116302685,16.8520827229171,-13.0939524924358
"31-55",0.256352600217307,5.81966802516289,0.230991586310357,6.43327316939526,-0.0253610139069505,0.613605144232365,0.614129020690938,92.3667541040485,10.5436451285413,-9.89301995979453
"56-65",0.186362604134039,4.92569788727724,0.185147097550193,5.09753788351765,-0.00121550658384598,0.17183999624041,0.171844295116712,90.4052737271199,3.48864262837277,-0.652226657538944
"66+",0.0892167036722439,4.42991381642528,0.0890595141095024,4.83619764445707,-0.00015718956274155,0.406283828031786,0.406283858439786,90.0221675032522,9.17137093108588,-0.176188489679038
