"AgeGroup","dx_endpoint","dy_endpoint","mag_endpoint","angle_endpoint","dx_trajectory","dy_trajectory","mag_trajectory","angle_trajectory","dx_diff","dy_diff","mag_diff","angle_diff","dx_pct_diff","dy_pct_diff"
"10-17",-0.026062034676413,0.84350284452014,0.843905372873667,91.7697269185948,-0.00521240693528259,0.168700568904028,0.168781074574733,91.7697269185948,0.0208496277411304,-0.674802275616112,-0.675124298298933,0,80,-80
"18-30",-0.0375193938318025,0.52388474683773,0.525226553862939,94.0963949811515,-0.00750387876636049,0.104776949367546,0.105045310772588,94.0963949811515,0.030015515065442,-0.419107797470184,-0.420181243090351,0,80,-80
"31-55",-0.0300459128326315,0.438401534293739,0.439429928599601,93.9206437336982,-0.0060091825665263,0.0876803068587478,0.0878859857199202,93.9206437336982,0.0240367302661052,-0.350721227434991,-0.351543942879681,0,80,-80
"56-65",-0.0015065912122855,-0.105647939326546,0.105658681143702,-90.8170104187658,-0.000301318242457099,-0.0211295878653091,0.0211317362287403,-90.8170104187658,0.0012052729698284,0.0845183514612366,-0.0845269449149613,0,80,80
"66+",0.00357877438833096,-0.234680755387345,0.234708041138981,-89.1263332369633,0.000715754877666192,-0.046936151077469,0.0469416082277962,-89.1263332369633,-0.00286301951066477,0.187744604309876,-0.187766432911185,0,-80,80
