"AgeGroup","x_start","y_start","x_end","y_end","dx","dy","magnitude","angle","pct_change_distance","pct_change_time"
"10-17",0.26441543264992,3.00559281980288,0.238353397973507,3.84909566432302,-0.026062034676413,0.84350284452014,0.843905372873667,91.7697269185948,28.0644416955807,-9.85647260268598
"18-30",0.254038112961623,3.73150408772361,0.216518719129821,4.25538883456134,-0.0375193938318025,0.52388474683773,0.525226553862939,94.0963949811515,14.0395061755734,-14.7691987609239
"31-55",0.245792473346037,4.82264180100277,0.215746560513406,5.26104333529651,-0.0300459128326315,0.438401534293739,0.439429928599601,93.9206437336982,9.09048509890538,-12.2240980057723
"56-65",0.177328129447274,4.16589620107768,0.175821538234989,4.06024826175113,-0.0015065912122855,-0.105647939326546,0.105658681143702,-90.8170104187658,-2.53601948361593,-0.849606442577096
"66+",0.074883098050913,3.83217083370462,0.078461872439244,3.59749007831728,0.00357877438833096,-0.234680755387345,0.234708041138981,-89.1263332369633,-6.12396382027873,4.77914840795949
