"AgeGroup","endpoint_displacement","path_length","tortuosity","path_type","R","circular_sd","consistency"
"10-17",0.843905372873667,2.59087797156158,3.07010484213309,"Highly tortuous",0.200291296801193,102.749161773233,"Highly variable"
"18-30",0.525226553862939,2.39309135267085,4.55630305640515,"Highly tortuous",0.482954638215942,69.1279003777862,"Highly variable"
"31-55",0.439429928599601,1.78065487498431,4.05219298707988,"Highly tortuous",0.198025305748311,103.112043593859,"Highly variable"
"56-65",0.105658681143702,3.12401750854952,29.5670689311433,"Highly tortuous",0.198619382966396,103.016630401602,"Highly variable"
"66+",0.234708041138981,2.66399974628638,11.3502704609465,"Highly tortuous",0.199870268397548,102.816371346794,"Highly variable"
