"AgeGroup","x_start","y_start","x_end","y_end","dx","dy","magnitude","angle","pct_change_distance","pct_change_time"
"10-17",0.26456222679187,3.21718593979848,0.239995365323367,3.75514463912155,-0.024566861468503,0.537958699323065,0.538519352354004,92.6146992715373,16.7214052712403,-9.28585375410742
"18-30",0.254042778997859,3.88110753382926,0.220899442946661,4.38966542235372,-0.033143336051198,0.50855788852446,0.50963673994823,93.7287625518836,13.1034217447383,-13.0463602161577
"31-55",0.245526434432072,4.83572422427383,0.218445468331135,5.28333744133248,-0.027080966100937,0.447613217058645,0.448431679088967,93.4622213721278,9.25638428287051,-11.0297557831514
"56-65",0.174376896184912,4.36153404074327,0.175168449212588,4.29803052658127,0.0007915530276765,-0.0635035141619955,0.0635084472107324,-89.2858615816025,-1.45599033662875,0.453932284032127
"66+",0.0763473978430385,3.84444981222537,0.0802032308923344,3.69822934369388,0.00385583304929595,-0.146220468531495,0.146271298845925,-88.4894606371979,-3.80341728136268,5.05037913305585
