"AgeGroup","endpoint_displacement","path_length","tortuosity","path_type","R","circular_sd","consistency"
"10-17",0.538519352354004,2.22164049501872,4.12546083127258,"Highly tortuous",0.203154059334053,102.294732491969,"Highly variable"
"18-30",0.50963673994823,2.81615071543507,5.52580003498401,"Highly tortuous",0.471915677510325,70.2173725938141,"Highly variable"
"31-55",0.448431679088967,2.09399945917453,4.66960644579949,"Highly tortuous",0.195430587713571,103.531111732399,"Highly variable"
"56-65",0.0635084472107324,3.46623474282659,54.5791134102996,"Highly tortuous",0.58683117149771,59.1573367538533,"Highly variable"
"66+",0.146271298845925,2.11730256512822,14.4751744315778,"Highly tortuous",0.191630676818654,104.151855019758,"Highly variable"
