"replicate","AgeGroup","dx","dy"
1,"10-17",0.0260020087136379,0.521385362697898
1,"18-30",-0.0176520498701845,-0.25299234739748
1,"31-55",0.00565593253366786,0.919247804492652
1,"56-65",0.0309959260974907,0.499855450739469
1,"66+",0.00574246391076562,1.64958426996959
2,"10-17",0.0183448291763653,0.536566728976954
2,"18-30",-0.0180255289264177,-0.0768363170222841
2,"31-55",0.00956834035662818,0.754795897668846
2,"56-65",0.0273211073372614,1.45457793412781
2,"66+",0.00283174786018309,0.191205973548362
3,"10-17",0.021397761803118,0.480996433372964
3,"18-30",-0.0117714306816145,0.701228586372467
3,"31-55",0.00564625494840759,1.24979281446829
3,"56-65",0.0375283091905053,0.452954369067236
3,"66+",0.0034204281880824,1.23853765982513
4,"10-17",0.016838612948413,0.867348991834858
4,"18-30",-0.00742903823410179,0.111695316950048
4,"31-55",0.00682651030361192,1.6735242738947
4,"56-65",0.0354782729136606,0.971876847737187
4,"66+",0.00792095486649094,2.17396165953477
5,"10-17",0.0201729135060691,0.34445677819073
5,"18-30",-0.0175480073622911,0.189503493321203
5,"31-55",0.00797273813345128,1.75088269038414
5,"56-65",0.0297315801771465,0.872474943085589
5,"66+",0.00370834079777024,1.37044492971543
6,"10-17",0.0155565589297884,0.402044397646483
6,"18-30",-0.0207958213960591,0.956129497634072
6,"31-55",0.00446865099197608,1.70380417578141
6,"56-65",0.0326763902539282,0.732514746440289
6,"66+",0.00717095407484457,0.301562950564618
7,"10-17",0.0170500943458704,0.433146077061386
7,"18-30",-0.00618714516618674,0.933280824681837
7,"31-55",0.00566371482430467,1.24186761071462
7,"56-65",0.0282085860897336,1.48365984461106
7,"66+",0.0117788999477347,1.86239115451986
8,"10-17",0.0273863103838125,0.814687802174041
8,"18-30",-0.0129901448463167,0.323623066563568
8,"31-55",0.00733425308032642,1.38366816447879
8,"56-65",0.0353173883594922,0.532780061176091
8,"66+",0.00681778726147157,2.00957060622819
9,"10-17",0.0164254784719507,0.557540250249404
9,"18-30",-0.00504924210204649,0.526521139476328
9,"31-55",0.00506675472577317,1.65505332061867
9,"56-65",0.026620253912736,0.970927804474719
9,"66+",0.00443535258834289,1.09069012270261
10,"10-17",0.0212161978914466,0.554371227270137
10,"18-30",-0.00970739458374886,0.338426326056371
10,"31-55",0.00715091826121844,1.4658147240301
10,"56-65",0.0244244315312276,-0.254874522716563
10,"66+",0.00786733595582587,0.554735362656213
11,"10-17",0.0215624707124847,0.758162137340542
11,"18-30",-0.00687441041287196,0.512024550093136
11,"31-55",0.014053032197071,1.26793774472156
11,"56-65",0.0344717160293641,0.78180658871101
11,"66+",0.00747840421914248,1.58854607328087
12,"10-17",0.0157119139864156,0.270384361915326
12,"18-30",-0.0150374350512146,-0.690523413107446
12,"31-55",0.0123523638211584,1.48571817036794
12,"56-65",0.0318794131866366,0.671283780151585
12,"66+",0.00806848149437839,1.53480600023362
13,"10-17",0.0160710449966083,0.780181566688698
13,"18-30",-0.00637423150340116,0.0671190225061125
13,"31-55",0.00542488712706263,1.84414206961758
13,"56-65",0.0378297421492778,0.718756571572142
13,"66+",0.0121144921871743,2.18135207299046
14,"10-17",0.0133830947477378,0.58126273850468
14,"18-30",-0.0145841006383343,0.188916965550955
14,"31-55",0.00350109898303669,0.947612019162072
14,"56-65",0.032421181902489,1.16187801989619
14,"66+",0.00723297178127609,2.86967302305268
15,"10-17",0.0167281508596681,0.432244858639016
15,"18-30",-0.0173606679807844,-0.277205885928554
15,"31-55",0.00289499462171799,1.08527126687934
15,"56-65",0.0405204710154135,1.04258480901163
15,"66+",0.00620097991679232,1.14457368553473
16,"10-17",0.0211322151112224,0.65660457014733
16,"18-30",-0.0170896833473915,0.145383202625785
16,"31-55",0.00803687262737046,1.31277972383563
16,"56-65",0.0330778171607222,1.08484114933345
16,"66+",0.00555659547945012,0.861254019859926
17,"10-17",0.0160331343410778,0.450312890210031
17,"18-30",-0.0147730743264426,0.386948437805595
17,"31-55",0.0112467982406178,0.928375892012491
17,"56-65",0.0392660268677469,0.590004555881366
17,"66+",0.000611308207600275,1.37610056684321
18,"10-17",0.0187805562171724,0.740623151472066
18,"18-30",-0.0176778143538404,0.837032813615004
18,"31-55",0.00566071918121369,1.51005896251736
18,"56-65",0.0310101406966281,0.800872755548015
18,"66+",0.00594984717343836,0.842529695871919
19,"10-17",0.0165575698946309,0.24142299739276
19,"18-30",-0.0134882528222962,0.170837440266052
19,"31-55",0.00564637447348065,1.45435878490738
19,"56-65",0.0348239139529141,1.16969264504294
19,"66+",0.0012634517067722,1.50632387064767
20,"10-17",0.015145000533892,0.375426125655529
20,"18-30",-0.0187997710182561,0.42966632957844
20,"31-55",0.0127999887092535,1.34122088012914
20,"56-65",0.0248075887246043,0.985000001948839
20,"66+",0.00144150258233139,1.51086626008906
21,"10-17",0.02051230414139,0.491990449978645
21,"18-30",-0.0149655515986706,-0.465634839060197
21,"31-55",0.0124610614391314,1.39072808634984
21,"56-65",0.0254445399810056,1.0868720873867
21,"66+",0.00515229975765076,1.72433202606578
22,"10-17",0.0137885062098568,0.373495660024948
22,"18-30",-0.0220314436765571,0.519742758877866
22,"31-55",0.00348985294026549,1.10755110272794
22,"56-65",0.03238613511461,1.79005697919962
22,"66+",0.00758009889236221,1.95929260299612
23,"10-17",0.014024977246605,0.686776610029376
23,"18-30",-0.00147610231269529,0.166684201821043
23,"31-55",0.00977678575266483,1.3591476200216
23,"56-65",0.0310917385795942,0.754742114417061
23,"66+",0.00938076439001259,1.83083149776256
24,"10-17",0.0119946916416973,0.504710369395398
24,"18-30",-0.010559452875763,0.242658722574664
24,"31-55",0.00728102158198041,1.28118373890091
24,"56-65",0.0244702981841954,1.03813356591947
24,"66+",0.00671352429429853,2.59040806912095
25,"10-17",0.0176416362006862,0.322100124023792
25,"18-30",-0.0112817051346984,-0.248970479112167
25,"31-55",0.0106474820903,1.7911968013804
25,"56-65",0.026643216537271,0.632680961645509
25,"66+",0.00642849504494358,2.20756831456525
26,"10-17",0.0248366267842907,0.211871319753092
26,"18-30",-0.00342365510200437,0.267202148451505
26,"31-55",0.0161535965150983,1.25051925782268
26,"56-65",0.0304080085128628,1.00358529010719
26,"66+",0.0106982199705272,1.9279867117776
27,"10-17",0.0147069916456989,0.375406082379554
27,"18-30",-0.00867840586883123,0.523781730152464
27,"31-55",0.0116120191970451,0.928776580141284
27,"56-65",0.0384320144329398,1.38046354474793
27,"66+",0.00634726647113233,2.65416048537861
28,"10-17",0.0126639864849538,-0.100196907115178
28,"18-30",-0.0175234936779344,0.951887269025761
28,"31-55",0.0089205239488564,1.25860593024344
28,"56-65",0.0324289372156601,0.520003634197876
28,"66+",0.00902525547125989,2.83107093836565
29,"10-17",0.0226269925653859,0.73324104280079
29,"18-30",-0.00556031347055791,-0.143892423744608
29,"31-55",0.00969237442745913,1.31574453412405
29,"56-65",0.0369414478513282,0.683021749020277
29,"66+",0.011542504817132,2.08544629900716
30,"10-17",0.0172955138236028,0.684041765562229
30,"18-30",-0.0170832458237951,0.0147323705564713
30,"31-55",0.00854540342445581,1.39340031660013
30,"56-65",0.041196407250202,1.16493502180428
30,"66+",0.00542336833066807,1.91464866316415
31,"10-17",0.024916343656503,0.426707524652447
31,"18-30",-0.0219718620041237,0.554518840506699
31,"31-55",0.00863283690757849,1.45498585246535
31,"56-65",0.0357183753689269,1.180383917515
31,"66+",0.0103531128647007,1.10124500391018
32,"10-17",0.0195169891086465,0.224939596155096
32,"18-30",-0.0163293191392524,0.790621177293563
32,"31-55",0.00776192906973794,1.36166038207919
32,"56-65",0.0343587943518133,1.18057269136273
32,"66+",0.00637840852081643,1.43962727986191
33,"10-17",0.0175102564488546,0.589858452363101
33,"18-30",-0.000750577546922593,0.540022710609527
33,"31-55",0.00749008326402867,1.01725677318301
33,"56-65",0.0383930299427923,0.535289824365956
33,"66+",0.0106219384127866,2.50308887421571
34,"10-17",0.0180786142713687,0.447274598772045
34,"18-30",-0.0109732383880848,0.13320467969773
34,"31-55",0.0134076164461624,1.16797943995597
34,"56-65",0.0247325022485608,0.99879882367286
34,"66+",0.00551153346230444,0.75065230225068
35,"10-17",0.015192862704094,0.476620920169466
35,"18-30",-0.00974207130189159,0.146255397516473
35,"31-55",0.0103159087045829,1.35446187754287
35,"56-65",0.0343414469586344,0.188341682742152
35,"66+",0.00418530418114819,1.73205441656893
36,"10-17",0.0185216404824832,0.682352088970107
36,"18-30",-0.0149622600344436,1.10627066782915
36,"31-55",0.00997266203411085,1.60997480428462
36,"56-65",0.0269180232726866,0.446397096488694
36,"66+",0.000669235393893949,1.71619487322204
37,"10-17",0.0142022158421747,0.69899374290143
37,"18-30",-0.0147964363954318,0.250347278103099
37,"31-55",0.0146647473182556,1.19462363896976
37,"56-65",0.0263113390356355,1.08559703782602
37,"66+",0.0107713796046655,2.69448388942762
38,"10-17",0.0144913613396705,0.769264935789323
38,"18-30",-0.0181164944269512,-0.0143297129908699
38,"31-55",0.00747549886204063,1.31815911623504
38,"56-65",0.0260021953605989,0.955871472926718
38,"66+",-0.000246284340223862,1.88482058710875
39,"10-17",0.015188081171743,0.873770008469818
39,"18-30",-0.0168767127781401,0.675551217530053
39,"31-55",0.00716749735872391,1.49745315148684
39,"56-65",0.0278338456194966,0.54530504116447
39,"66+",0.0059034938944043,2.29389442056671
40,"10-17",0.0209254211484566,0.666100429314788
40,"18-30",-0.0124352936346914,-0.0761543612736588
40,"31-55",0.0114555269879956,1.09544904594912
40,"56-65",0.0328534112491581,1.2375382282609
40,"66+",0.00789584470258972,2.02730422277143
41,"10-17",0.0121810220823809,0.449187857043671
41,"18-30",-0.0213869724866451,0.324275760945765
41,"31-55",0.00870559015358013,1.15663463743601
41,"56-65",0.0429165276055336,0.689473531097194
41,"66+",0.00923890057371711,2.01576695922985
42,"10-17",0.017681894186065,0.741488204354506
42,"18-30",-0.00996467314378041,0.415453495881922
42,"31-55",0.0106264336175626,1.43748109240639
42,"56-65",0.0266550601066773,0.914034010664635
42,"66+",0.00380083194896817,1.90090131190228
43,"10-17",0.0216526834500683,0.540973360356284
43,"18-30",-0.0212477572502204,0.524734664895172
43,"31-55",0.0107644969136496,1.56976935490013
43,"56-65",0.0432010115229136,0.34141327578782
43,"66+",0.00912301865961816,2.31629011524755
44,"10-17",0.0155341578308095,0.817489815452048
44,"18-30",-0.0116451091083337,-0.0187455477120597
44,"31-55",0.00745941665088656,1.38251268794056
44,"56-65",0.0286100907414519,1.35502173684374
44,"66+",0.0041353984958185,0.800214295822682
45,"10-17",0.0157436190469295,0.208835780312246
45,"18-30",-0.0153174483925591,0.315618360581668
45,"31-55",0.00677073686130675,1.51511455129903
45,"56-65",0.0290316131981938,0.50877426573487
45,"66+",0.00583111150093882,1.82252417199788
46,"10-17",0.01320989901412,0.702073324262892
46,"18-30",-0.0129312300044174,0.043766216150301
46,"31-55",0.0117915211220525,1.74604016312895
46,"56-65",0.0286201507838066,0.611501554689278
46,"66+",-0.000936400071799556,0.794225017648447
47,"10-17",0.0131519515566,0.0796363689307471
47,"18-30",-0.00296501220212769,-0.010160601694146
47,"31-55",0.00331207516403226,1.60619328386151
47,"56-65",0.0299690924474131,0.88166013064761
47,"66+",0.012704606852347,2.70145152606127
48,"10-17",0.01687529814513,0.66139079148374
48,"18-30",-0.0107838069996525,0.930232201181388
48,"31-55",0.00862145632288414,1.50246127678919
48,"56-65",0.0386277139955241,1.33285517977123
48,"66+",0.00837396557515253,1.58333042929242
49,"10-17",0.00737446582748807,0.272718066481671
49,"18-30",-0.0215026695748428,0.873091367000359
49,"31-55",0.00502851843873869,1.30405747591922
49,"56-65",0.0378422309737992,1.03281175330634
49,"66+",0.00930215366061558,1.67749435502507
50,"10-17",0.017118150352916,0.553929922328495
50,"18-30",-0.0126129593210392,0.63986928659248
50,"31-55",0.00207044302085702,1.34178805726238
50,"56-65",0.0265490684644277,1.28517177858939
50,"66+",0.00548489766776705,1.39419046762883
51,"10-17",0.0205118215527691,0.687624844589217
51,"18-30",-0.0161305252928302,0.558347478840066
51,"31-55",0.0121578594442465,1.37251885304903
51,"56-65",0.0283241152241424,0.2600363363534
51,"66+",0.00205780848159702,1.66622759866891
52,"10-17",0.00987230621518609,0.269475293991658
52,"18-30",-0.0105396615539605,1.26237095343121
52,"31-55",0.0065995622951443,1.06597253339756
52,"56-65",0.0279399404755696,0.755563788888852
52,"66+",0.00935752528775684,1.03594637139964
53,"10-17",0.0193880860095432,0.622644179070384
53,"18-30",-0.00926220713510917,0.0100699450689667
53,"31-55",0.0122339244658256,1.13359537064453
53,"56-65",0.0384673161610521,1.37147694450005
53,"66+",0.00112327023839902,2.53041212856978
54,"10-17",0.0155337879415548,0.647112900197808
54,"18-30",-0.00684743840792035,0.627986004326447
54,"31-55",0.0119117970974586,1.4568346928575
54,"56-65",0.0467509912984264,0.861192232037469
54,"66+",-0.00061145673150366,2.07946716436023
55,"10-17",0.0207487355295318,0.533775687578179
55,"18-30",-0.00850773970426894,0.307189343686295
55,"31-55",0.0121735681926087,1.37827425131643
55,"56-65",0.02705585129117,0.275611213241113
55,"66+",0.00620095988679997,2.57458391005003
56,"10-17",0.00735344946696603,0.211749655301716
56,"18-30",-0.00304225442330353,0.786503973916743
56,"31-55",0.00626212594337144,1.15356920458709
56,"56-65",0.0371520161164653,1.46390323806997
56,"66+",0.00468104816671029,2.16149751023847
57,"10-17",0.020353113874466,0.107386080406235
57,"18-30",-0.0214748289319104,-0.247221415420823
57,"31-55",0.0057175418838154,0.943139898992008
57,"56-65",0.0410061643452539,0.97921966030141
57,"66+",0.00251726857453527,1.96170522928462
58,"10-17",0.0201817246062165,0.748752952062129
58,"18-30",-0.012080824752847,0.793802357178778
58,"31-55",0.00905043686096063,1.175469102981
58,"56-65",0.0346751820718544,1.33826210696936
58,"66+",0.00702098806692809,2.02866155159454
59,"10-17",0.0177542779261384,0.761643740467668
59,"18-30",-0.0138976838628627,0.886071829877659
59,"31-55",0.00450915759347453,1.09296036650624
59,"56-65",0.0324948844582394,0.0705152011349739
59,"66+",0.0089680047484183,2.42436330126531
60,"10-17",0.0116295067852456,0.861680708991794
60,"18-30",-0.0100373762421075,0.676226057260054
60,"31-55",0.0132933414314536,1.10751409081824
60,"56-65",0.0363216096732079,0.969488141426956
60,"66+",0.00902838023371615,1.56002334654521
61,"10-17",0.0188070311685407,0.487856639880555
61,"18-30",-0.00598921655540213,0.666843848670711
61,"31-55",0.00793027075967639,1.36817313801639
61,"56-65",0.0261932919656156,0.22015805693518
61,"66+",0.0108566024738182,1.35653438831428
62,"10-17",0.0155234060361445,0.492703913964511
62,"18-30",-0.014701565212935,0.151004112452515
62,"31-55",0.00797383665633844,1.48878493410733
62,"56-65",0.0352713552442069,1.16755839000286
62,"66+",0.00808936657284558,2.0802175434841
63,"10-17",0.0221574014272717,0.497907436199629
63,"18-30",-0.0148398708487953,0.667184873725368
63,"31-55",0.00819337216717803,1.18876534988113
63,"56-65",0.0353445952909855,0.9488913650058
63,"66+",0.00479497240002177,1.44013553791624
64,"10-17",0.0163091274835577,0.371961454218877
64,"18-30",-0.0163985096435171,0.319584843721755
64,"31-55",0.0135409493389346,1.81121644981294
64,"56-65",0.0259702803818298,1.14040868938405
64,"66+",0.00583602862346981,1.9337515968216
65,"10-17",0.0281033819720992,0.97195331738619
65,"18-30",-0.0134918635074732,-0.250734423339242
65,"31-55",0.0112063940027318,1.34103562698179
65,"56-65",0.0302152567454046,0.494636181228389
65,"66+",0.00528629132008221,1.70777722465448
66,"10-17",0.0170882958312644,0.866304299193211
66,"18-30",-0.00990633011203174,0.143433173343457
66,"31-55",0.00781464256113323,1.18487275662964
66,"56-65",0.0379800767339361,0.356848387102273
66,"66+",0.00629499506811441,2.78671119138664
67,"10-17",0.0166420983490209,0.343098093994918
67,"18-30",-0.011181001345614,0.216793735135562
67,"31-55",0.0161740765971881,1.81522488966258
67,"56-65",0.0303560366265004,0.7051198343894
67,"66+",0.00952217970852334,1.93752244242477
68,"10-17",0.0182750202986602,0.154730234479135
68,"18-30",-0.0147722587163731,0.425696802249604
68,"31-55",0.00464772492799786,1.21991476695139
68,"56-65",0.0345393671430992,1.22769309531962
68,"66+",0.00807906208536674,2.63170155613352
69,"10-17",0.0154418308684467,0.89356197143353
69,"18-30",-0.0115281868885423,0.259539960665185
69,"31-55",0.00517490769497525,1.43223073130828
69,"56-65",0.0300319621181702,0.733079850990356
69,"66+",0.00769372095736429,2.05468787633993
70,"10-17",0.017263323865217,0.293968078080181
70,"18-30",-0.008483034559711,1.36416960380587
70,"31-55",0.00795902174571184,1.51963040812381
70,"56-65",0.0231484732177373,1.32593250193719
70,"66+",0.00982198735351683,0.379863780477841
71,"10-17",0.0198773554828592,0.336538946991152
71,"18-30",-0.0202506946255323,-0.0747611047668197
71,"31-55",0.00561365236397526,1.70396476072253
71,"56-65",0.032491328251001,0.238873376986113
71,"66+",0.00380220444528462,1.59329499615026
72,"10-17",0.016840835112692,0.388024764358318
72,"18-30",-0.017602599574624,0.467180109554002
72,"31-55",0.00902388045878466,1.2386101341471
72,"56-65",0.0333769767704698,1.3360326903863
72,"66+",0.00871891547728421,1.46356666668092
73,"10-17",0.017322020439657,-0.000553034589814594
73,"18-30",-0.00723886718007627,0.161330114841288
73,"31-55",0.00800717344591201,1.48357044658313
73,"56-65",0.0303435668473763,0.725884285388094
73,"66+",0.00873902564698305,1.87080691021259
74,"10-17",0.020241299070352,0.52495687006848
74,"18-30",-0.010835135221362,0.235132469206336
74,"31-55",0.0146812475813989,1.40761670163402
74,"56-65",0.0312426846601844,1.53310876068651
74,"66+",0.00353580404526245,2.6626924523004
75,"10-17",0.0162498903835029,0.356272041552624
75,"18-30",-0.00645050604443353,0.320875991557731
75,"31-55",0.00679895898241129,1.6696404209909
75,"56-65",0.0370924732833098,1.26490283425341
75,"66+",0.00564111984540562,3.23388768377934
76,"10-17",0.0189306027301319,1.00352879941517
76,"18-30",-0.000439657678190652,0.193698363083255
76,"31-55",0.00925027596502825,1.16786242559191
76,"56-65",0.0260900188715256,0.584376540208151
76,"66+",0.000933770629376302,1.01454365980661
77,"10-17",0.0180597809127968,0.320463710218899
77,"18-30",-0.00659420310694653,0.506165229053241
77,"31-55",0.00839820939903635,1.20571589677487
77,"56-65",0.0234571173225235,0.846105026603478
77,"66+",0.00687567022076369,1.37210855785621
78,"10-17",0.0218506812484371,1.18989769425517
78,"18-30",-0.0161266030606761,-0.153926669713165
78,"31-55",0.0112626133282815,1.07755828416498
78,"56-65",0.0312827418585082,1.27885465497437
78,"66+",0.00824591276340673,1.6992246608001
79,"10-17",0.0137766460633336,0.513789903986543
79,"18-30",-0.0048678122146546,0.519223381667457
79,"31-55",0.00797228565631081,1.42686280312745
79,"56-65",0.0332481380102088,0.674127567210174
79,"66+",0.00398342049751967,2.27140260382188
80,"10-17",0.0238038928668848,0.667066439992571
80,"18-30",-0.0119219764788274,-0.124853662200975
80,"31-55",0.00354488335664593,1.54842204964766
80,"56-65",0.0275646922893704,0.15488093407172
80,"66+",0.0103400772269862,1.81237553602303
81,"10-17",0.0177742392995919,0.470590123952153
81,"18-30",-0.00849000741686368,0.507666479629005
81,"31-55",0.0154932680657636,1.67215394384551
81,"56-65",0.0402924766168692,1.68152518152723
81,"66+",0.0107621725424557,0.878373838793364
82,"10-17",0.0169448625642771,0.876512483131705
82,"18-30",-0.0182701381291993,0.852740965878802
82,"31-55",0.0109525505175668,1.17830506063713
82,"56-65",0.0316551554308609,0.83588171907765
82,"66+",-0.000992977786358276,1.89438478022542
83,"10-17",0.0193840153688888,0.290485452457234
83,"18-30",-0.00881261990318138,0.575328557455148
83,"31-55",0.00456468878052946,1.27710170138497
83,"56-65",0.0254246842546793,0.981804931620747
83,"66+",0.00917355023840245,2.95807970783765
84,"10-17",0.0171920732166726,0.533374628594649
84,"18-30",-0.00513347162461752,1.06309062153185
84,"31-55",0.00617682495356403,1.38244984939485
84,"56-65",0.0293031712266294,0.570904117229821
84,"66+",0.00680736008066402,2.3585937221484
85,"10-17",0.0247564183643358,0.585620203325633
85,"18-30",-0.00842547908268865,0.66288773506586
85,"31-55",0.00569909551686187,1.40965020644386
85,"56-65",0.0334307571252005,1.27743261923206
85,"66+",0.00827318354611002,1.44936188456601
86,"10-17",0.0157008456221142,0.736005726514446
86,"18-30",-0.0162964172062872,0.540244045073965
86,"31-55",0.00700915363753674,1.32047757525516
86,"56-65",0.0207467400240263,0.96439679061343
86,"66+",0.00824176858441406,2.42946837641306
87,"10-17",0.0225113401277063,0.561784357178284
87,"18-30",-0.016059506689297,0.420311395830243
87,"31-55",0.00836359915349949,1.49774967150933
87,"56-65",0.0322257014959867,0.378731596174029
87,"66+",0.00727494581382554,2.41744861494974
88,"10-17",0.0167742966511084,0.474542995197886
88,"18-30",-0.0202269925345475,0.713797461603361
88,"31-55",0.00847211131352249,1.37938589147663
88,"56-65",0.0242691425824083,1.02496014195961
88,"66+",0.00955645445162544,2.32788836996913
89,"10-17",0.0179314069328192,0.47560525335407
89,"18-30",-0.0103755765722154,0.490923540496853
89,"31-55",0.0111625673434068,1.03887931128899
89,"56-65",0.0439683222297347,1.41174671906319
89,"66+",0.00843067346588576,1.00445250637221
90,"10-17",0.0174088175568335,0.75789405752498
90,"18-30",-0.0134076323280646,1.00103252725904
90,"31-55",0.0110345105766891,1.44071673001515
90,"56-65",0.0369964814362263,1.51161699825414
90,"66+",0.00535137089363893,1.3114578223736
91,"10-17",0.0162493122163326,0.47904739458453
91,"18-30",-0.0174322500918204,1.35048269108691
91,"31-55",0.00789124378748396,1.91898605949373
91,"56-65",0.0370309048835413,1.93661692860302
91,"66+",0.00939942741599603,1.9156067680207
92,"10-17",0.0231361960095445,0.516969576945837
92,"18-30",-0.0113758029934,0.547266542292055
92,"31-55",0.0108280126979985,1.25901629817666
92,"56-65",0.0360019089828671,1.78209454138505
92,"66+",0.00187974744873164,2.53115847133294
93,"10-17",0.0180449993104694,0.380649367392785
93,"18-30",-0.0139246164897704,0.40372104384941
93,"31-55",0.00590479483150069,1.00965102291921
93,"56-65",0.0444535360579366,1.18740750157866
93,"66+",0.00523290270633867,1.92343175551419
94,"10-17",0.0202729267765702,0.491840645317295
94,"18-30",-0.0120761530209127,0.579682795340274
94,"31-55",-0.000381292072230255,1.01297075625115
94,"56-65",0.0297746453979146,0.124471450113715
94,"66+",0.00893652557666311,1.74296856259439
95,"10-17",0.0169192672635907,0.548269623632211
95,"18-30",-0.00722886179733406,1.00129868743011
95,"31-55",0.00914741253765361,1.16306770951398
95,"56-65",0.0354051551397149,1.42162943692762
95,"66+",0.0103123961344566,1.88600241514114
96,"10-17",0.0187563023429516,0.38552397073089
96,"18-30",-0.0107071769966867,0.162427590469443
96,"31-55",0.00626281507828153,0.993790123779966
96,"56-65",0.0337471815201386,1.22425683521856
96,"66+",0.00660221670576396,1.87858182062424
97,"10-17",0.0191737676402019,0.402739717942075
97,"18-30",-0.00742963004240349,0.526535425831755
97,"31-55",0.00350881098344397,1.14832406754082
97,"56-65",0.0315383367068655,1.2045081863825
97,"66+",0.00956147057705854,1.90304809641925
98,"10-17",0.0207644969795793,0.540646574301504
98,"18-30",-0.018393731578193,0.234225191089747
98,"31-55",0.00597854214795474,0.886671403692631
98,"56-65",0.0299956946110554,0.61657353488323
98,"66+",0.0061052602525233,2.4175774175174
99,"10-17",0.0137068913353052,0.411007174245375
99,"18-30",-0.0162621546152004,0.414953334782005
99,"31-55",0.00805856644327696,1.45557700666
99,"56-65",0.0358509265880766,1.40033696658505
99,"66+",0.00722299021035223,1.51252102361775
100,"10-17",0.0135862482901004,0.494198442671901
100,"18-30",-0.0246299545790216,-0.196918569561397
100,"31-55",0.0101652271742235,1.44362747215251
100,"56-65",0.0430733066675188,1.42382366222209
100,"66+",0.00553393707663069,3.03350685394891
101,"10-17",0.0208900725021808,0.320887785587457
101,"18-30",0.000115268088916709,0.639075641434497
101,"31-55",0.00868868538154671,1.81308494125275
101,"56-65",0.0418151023473284,0.616937050387314
101,"66+",0.0110220872287668,1.59802584661114
102,"10-17",0.013783255120697,0.718656425184843
102,"18-30",-0.0165263957204875,0.714927302769901
102,"31-55",0.0120266701657002,1.79594179693284
102,"56-65",0.0300599219002206,0.542370934721374
102,"66+",0.00794123304195088,2.54863496062383
103,"10-17",0.0165738402113281,0.640177518455345
103,"18-30",-0.0134940081095037,0.12254926213293
103,"31-55",0.00806238529066744,1.40558174333964
103,"56-65",0.0337871236770776,0.621957058569631
103,"66+",0.00713704525359282,3.41424552196978
104,"10-17",0.0205509295745748,0.642408296594183
104,"18-30",-0.0118861042945189,0.712214993296559
104,"31-55",0.00663003163756493,1.46179666343241
104,"56-65",0.0194392313921901,1.31446839346321
104,"66+",0.00454068905552085,2.27481112831234
105,"10-17",0.0170042890797277,0.721432439158939
105,"18-30",-0.0136569770959336,0.452658712363801
105,"31-55",0.00777466903512264,1.50264531865872
105,"56-65",0.0331616971429622,0.0806066793624911
105,"66+",0.000346485817740771,1.11865071390899
106,"10-17",0.0279794975616796,0.67429749145369
106,"18-30",-0.0170735323035102,0.0439253611763419
106,"31-55",0.0100170761439076,1.00335780054805
106,"56-65",0.0242103038923108,0.998405226361028
106,"66+",0.00974792330192639,2.21430888436533
107,"10-17",0.0125558061934209,0.376079707267284
107,"18-30",0.00118629806848458,0.228811251630527
107,"31-55",0.00736157576596014,1.2820191856925
107,"56-65",0.0341808599390674,1.37348926661933
107,"66+",0.005846519890846,1.93513066796277
108,"10-17",0.0147914412534902,0.571839995880283
108,"18-30",-0.0102184487043965,0.638559637134428
108,"31-55",0.00459434615419407,1.30638881386356
108,"56-65",0.0197060230963791,1.14691419441714
108,"66+",0.0113935140240259,2.34006551709196
109,"10-17",0.013181001535389,0.460503672869792
109,"18-30",-0.00676539814016741,-0.0998685987401302
109,"31-55",0.014110255449188,1.72214548739593
109,"56-65",0.0228426768173697,1.54876309290755
109,"66+",0.00168607083011658,2.40506415534021
110,"10-17",0.0167291860696038,0.745829141062947
110,"18-30",-0.0209744532731027,0.545064484899182
110,"31-55",0.00969336102179275,1.31229949629031
110,"56-65",0.0362996988538595,1.36897706792857
110,"66+",0.00494669129450923,2.0186494597557
111,"10-17",0.0152504466295808,0.0985432638176187
111,"18-30",-0.0137501417169636,0.72794877859911
111,"31-55",0.00741466760087606,1.66978429060572
111,"56-65",0.0345574251980252,0.164401893768124
111,"66+",0.00190631670494133,1.63105933719013
112,"10-17",0.0194061517363361,0.192278430868998
112,"18-30",-0.00881298106387374,0.783793758910695
112,"31-55",0.00874871095778873,0.963610169149604
112,"56-65",0.0309492523377844,0.449633677102755
112,"66+",0.00665831752150352,1.74806753314765
113,"10-17",0.022691340207944,0.637935546680664
113,"18-30",-0.0102276346267092,0.577425315353182
113,"31-55",0.00135573703698971,1.243816768438
113,"56-65",0.037839785901637,1.75692367591417
113,"66+",0.00655815806512371,1.65465835749771
114,"10-17",0.0290764086950545,0.236116895845967
114,"18-30",-0.00726176598977996,-0.00211672061554324
114,"31-55",0.00934847479703887,1.443240703443
114,"56-65",0.0337508713091392,0.948193527215482
114,"66+",0.005490037215146,0.792485515211434
115,"10-17",0.0266307898053816,0.637330202086606
115,"18-30",-0.0110426706902825,-0.64590989985847
115,"31-55",0.00026740825352306,0.874793475459244
115,"56-65",0.0273531120840041,0.776557278468696
115,"66+",0.00451910728944764,0.996339438953809
116,"10-17",0.0223140196243625,0.857284069322678
116,"18-30",-0.00115908176057605,0.509659065508217
116,"31-55",0.00852853472659248,1.5837271722292
116,"56-65",0.0291318727880147,0.8636731254559
116,"66+",0.0087600343432728,1.88906236656158
117,"10-17",0.0137482026042599,0.449236282925971
117,"18-30",-0.00875861378458603,0.15918020545198
117,"31-55",0.0129413989873738,1.11711627494102
117,"56-65",0.0308456732493851,1.35339866079898
117,"66+",0.00268089337298687,0.463238615197676
118,"10-17",0.0179307039161856,0.547525180180099
118,"18-30",-0.00892784369518923,0.667742346379251
118,"31-55",0.00872684974427751,1.44602171073357
118,"56-65",0.0354826271552123,1.65885642187172
118,"66+",0.00716626942373569,0.978938330459799
119,"10-17",0.0210452236659848,0.613670871425127
119,"18-30",-0.00258780163370709,0.860029601520708
119,"31-55",0.00764936207716665,1.63629984963292
119,"56-65",0.0315429077794243,0.898703342748629
119,"66+",0.00258558630224291,2.02615484650796
120,"10-17",0.0247251907800831,1.1735692272726
120,"18-30",-0.00870764053130424,0.00680925964099721
120,"31-55",0.00778866033632947,1.73067054321987
120,"56-65",0.0366045626258798,1.04169440787479
120,"66+",-0.000759692679255547,1.35348041354713
121,"10-17",0.00934881754270722,0.469260057932018
121,"18-30",-0.00713181304652449,0.80226673386815
121,"31-55",0.00644240224768911,1.39242263511835
121,"56-65",0.0321352786903142,1.3315750681325
121,"66+",0.00425315565178992,0.443614680093054
122,"10-17",0.0255543757375863,0.221769253927365
122,"18-30",-0.00833155400478963,-0.101386154151131
122,"31-55",0.0107148777445134,1.22114123902316
122,"56-65",0.0298399331625822,1.07392757483088
122,"66+",0.00854005586842838,0.602019690683161
123,"10-17",0.017432835199518,0.410341677791429
123,"18-30",-0.0169459003336671,0.682471339745261
123,"31-55",0.00743568807405598,1.50592707857865
123,"56-65",0.0268824703409074,0.551109232254138
123,"66+",0.00746517782718914,1.82500690931978
124,"10-17",0.0139180430018881,0.55046555154563
124,"18-30",-0.0224149017508788,0.666361240301352
124,"31-55",0.00954789027159608,1.07315106047493
124,"56-65",0.034047180531154,1.50462431515647
124,"66+",0.00897490352028341,1.23443622224445
125,"10-17",0.0171871306162902,0.636649906497195
125,"18-30",-0.010928774894889,0.526575221169644
125,"31-55",0.00630539888147874,1.89803403301464
125,"56-65",0.0275277639147238,1.73421126373881
125,"66+",0.00661225036587967,3.14173259188201
126,"10-17",0.0127672305833222,0.584375187593813
126,"18-30",-0.00935950623411813,0.403167216683496
126,"31-55",0.00561654274215018,1.68928062809158
126,"56-65",0.0285048009351315,1.21808029926577
126,"66+",0.00956560614883811,1.70996804334207
127,"10-17",0.0240578748358786,0.683983423981736
127,"18-30",-0.0124818806547617,1.20525270750332
127,"31-55",0.00505085230266267,1.57903403549247
127,"56-65",0.0329815504778588,0.784359075497306
127,"66+",0.00591580887064644,2.26894336097812
128,"10-17",0.0199622741711053,0.514591401352504
128,"18-30",-0.0162775077535197,0.0258159092384123
128,"31-55",0.00617212145874874,2.01580195262848
128,"56-65",0.0301979055518478,1.4934210372668
128,"66+",0.00783182819549139,1.6261171960999
129,"10-17",0.0188643536317142,0.330527507333677
129,"18-30",-0.0151971703689971,0.307616049222821
129,"31-55",0.00263702558569712,1.3371333999606
129,"56-65",0.022195519022452,1.10186588873584
129,"66+",0.00316715436269885,1.52653889694532
130,"10-17",0.0171904798594921,0.531182499685832
130,"18-30",-0.0188245096935202,0.0199646359762742
130,"31-55",0.0103552796031036,1.18119816432601
130,"56-65",0.0292560736877298,0.667864880634726
130,"66+",0.00123629112458144,1.71556488547158
131,"10-17",0.017980284662215,0.572365661186701
131,"18-30",-0.0103582160084512,0.148918650634492
131,"31-55",0.00497504147760758,1.36819892020496
131,"56-65",0.0261580016685119,1.03682214376095
131,"66+",0.00326801364728034,1.63558818252978
132,"10-17",0.0176878734855231,0.342507206405011
132,"18-30",-0.0172206072933741,0.262434878784466
132,"31-55",0.00998125967869895,1.5687135463953
132,"56-65",0.0333406423301532,0.483960948148425
132,"66+",0.00714434519433185,1.79325981246893
133,"10-17",0.0285283821885652,0.508464590999801
133,"18-30",-0.00750735522169843,0.959854302767678
133,"31-55",0.00996089020901852,1.46261666998431
133,"56-65",0.0318685544955039,0.662665409041155
133,"66+",0.00655015952111461,1.64078400067942
134,"10-17",0.0158074156327352,0.601789088950554
134,"18-30",-0.0134906287221358,0.135538205760078
134,"31-55",0.0107443007323804,1.55750926686092
134,"56-65",0.0349139424960812,1.62576808001694
134,"66+",0.00360616137100461,2.08144748214226
135,"10-17",0.0210883342430707,0.170931391628586
135,"18-30",-0.0151975712647329,0.222697587376397
135,"31-55",0.0100854059384958,1.14087171661762
135,"56-65",0.0267591650650951,2.34836866683546
135,"66+",0.00707303286932427,1.11716498708653
136,"10-17",0.0169780958149378,0.838440343553159
136,"18-30",-0.0172506669812685,0.983567478138175
136,"31-55",0.00472694406537594,1.28079219628416
136,"56-65",0.0215655041785698,0.954469379534778
136,"66+",-0.000426182284525192,1.95134588366617
137,"10-17",0.0174247838898617,0.0797224649634751
137,"18-30",0.00754372715493679,0.271227887099924
137,"31-55",0.0117104030330095,0.955099096217573
137,"56-65",0.0324550309360327,0.989390297204707
137,"66+",0.0109439520940004,1.71052461599989
138,"10-17",0.0144465441378713,0.323767981627918
138,"18-30",-0.0136236662190728,0.434801279396368
138,"31-55",0.0124698382292759,1.442765558529
138,"56-65",0.0282826484484829,0.853026925900295
138,"66+",0.00870597765071819,1.88718778497958
139,"10-17",0.00725225811193819,0.375239833864357
139,"18-30",-0.0217647739706659,0.778769964186395
139,"31-55",0.00547399550973726,1.48882471219718
139,"56-65",0.0289497036221439,1.25786327353422
139,"66+",0.00509671354392478,1.31887246702542
140,"10-17",0.0243189248033649,0.879069228404717
140,"18-30",-0.018226930248463,0.407722847237137
140,"31-55",0.00903418589270089,1.25357240534501
140,"56-65",0.0242540919095754,0.659626279834974
140,"66+",0.00304979186333713,1.12080862158957
141,"10-17",0.00678840506324457,0.50532603797105
141,"18-30",-0.013962118591468,0.210534410076287
141,"31-55",0.0107779000768481,0.938137870116465
141,"56-65",0.0317430092092348,0.0334754317251225
141,"66+",0.00322155122216194,1.56431011458369
142,"10-17",0.0200458972803548,1.00184088545301
142,"18-30",-0.00825715602309773,0.997887106993838
142,"31-55",0.0073857106595856,1.69224020163836
142,"56-65",0.0324709086878747,1.53864497463235
142,"66+",0.00610774690293575,2.06656338270184
143,"10-17",0.0147430933917391,0.242214660959148
143,"18-30",-0.00367243344312612,0.584111711988291
143,"31-55",0.00768224765344688,1.02308893592879
143,"56-65",0.0398591603645183,1.14917754786747
143,"66+",0.00359390625799097,2.31740258718516
144,"10-17",0.0236250626308992,0.537185555544951
144,"18-30",-0.0101908620035456,0.778346222757893
144,"31-55",0.00788365675543873,1.80429726951449
144,"56-65",0.0317191956466306,0.665223792067357
144,"66+",0.00608549054460114,1.89268002617966
145,"10-17",0.0163651301900865,0.623793162621118
145,"18-30",-0.0137323024674846,0.782397895874922
145,"31-55",0.00295700168621821,1.8664553307967
145,"56-65",0.0375343375585994,0.509542478098579
145,"66+",0.00868870785935562,2.57817264297714
146,"10-17",0.0225147297617025,0.73913232330203
146,"18-30",-0.0177592427124942,0.417859295073416
146,"31-55",0.00649850981328998,1.16318299789141
146,"56-65",0.0349635119100002,1.40121055950597
146,"66+",0.0102659879163276,1.34099510045555
147,"10-17",0.0139554311703829,0.225403794576591
147,"18-30",-0.019397748810718,-0.0217409318476474
147,"31-55",0.00902556884813216,1.46015777168082
147,"56-65",0.0235739435115338,0.951444706960539
147,"66+",0.00273412775820094,1.86372000967812
148,"10-17",0.0263009929696902,0.816791933730918
148,"18-30",-0.00966795858487562,1.8201209535994
148,"31-55",0.00947182371007482,1.64883424040539
148,"56-65",0.0315159312968732,0.636998936704726
148,"66+",0.00828628610884169,2.59358518481119
149,"10-17",0.0118627576367458,0.593870225422726
149,"18-30",-0.0103081222078424,1.02249570940559
149,"31-55",0.0130823041355566,1.34423568214641
149,"56-65",0.0310744207781268,0.893170005033758
149,"66+",0.0121015296677365,1.42772048517523
150,"10-17",0.0130402703776484,0.553298448140687
150,"18-30",-0.011516077264063,0.529670341986975
150,"31-55",0.00766215414300486,1.28128081852928
150,"56-65",0.0405116033081874,0.819045484933532
150,"66+",0.00899877875435165,1.98490211056111
151,"10-17",0.0138981448881942,0.500661336816538
151,"18-30",-0.010882328536556,1.10415022182497
151,"31-55",0.00323226855856179,1.28172921822397
151,"56-65",0.0332285002138584,0.875517819142292
151,"66+",0.00399649999114014,2.28596154018079
152,"10-17",0.0204672503670294,0.701188000654189
152,"18-30",-0.00435037558648815,1.37491259655582
152,"31-55",0.0048277129912539,1.62869200462992
152,"56-65",0.0406760078500848,0.858759111377109
152,"66+",0.00834039406781142,2.03769501053283
153,"10-17",0.0114156960380921,0.304386638068957
153,"18-30",-0.0156343249272328,0.567529467677296
153,"31-55",0.0123512975620593,1.26357653734442
153,"56-65",0.0228308722980424,0.258302605778017
153,"66+",0.00734244057271449,1.05800018808746
154,"10-17",0.0163671524886032,0.083479092858699
154,"18-30",-0.0112609170748511,0.349516474882522
154,"31-55",0.00598504541986117,1.86383591052343
154,"56-65",0.0202554055257192,-0.291708057808352
154,"66+",0.000265163961764736,1.84929717373427
155,"10-17",0.0144252092585921,0.60636558921806
155,"18-30",-0.0130649583727314,0.394073870060103
155,"31-55",0.00893414952969673,1.26362974851184
155,"56-65",0.0290855978061504,0.261300317750996
155,"66+",0.00305948424468527,3.59758865920279
156,"10-17",0.0196967203035254,0.631532347864544
156,"18-30",-0.0108075112296165,0.729091282085848
156,"31-55",0.0122164217856718,1.53332804988889
156,"56-65",0.0347327277132149,1.77520591484583
156,"66+",0.0131052497400827,0.808217490724832
157,"10-17",0.00652149096624155,0.285198797898681
157,"18-30",-0.0169614642540611,0.873383971813762
157,"31-55",0.0111903313751295,1.42478284807189
157,"56-65",0.033144143616457,0.766268815434115
157,"66+",0.00655895089781915,1.27708188416657
158,"10-17",0.0218422215122376,0.357632967269105
158,"18-30",-0.0128089962695384,0.323605868036832
158,"31-55",0.0114407958360019,1.35307647568861
158,"56-65",0.0271261323354156,1.0961168128443
158,"66+",0.00372294428587013,2.43973576119545
159,"10-17",0.0227100210949324,0.657977180830032
159,"18-30",0.00405481141759456,0.772453812702096
159,"31-55",0.00251904625832489,1.55165744491259
159,"56-65",0.0341558253609876,0.218688840915158
159,"66+",0.00496962983310027,1.98962549465463
160,"10-17",0.0184653355424942,0.583552459531668
160,"18-30",-0.00509899047099882,0.448626612786141
160,"31-55",0.00599802232108781,1.87649356538312
160,"56-65",0.0376849674862439,0.836307484564738
160,"66+",0.00777097204455703,1.07917337030993
161,"10-17",0.0130721759616244,0.533556891274486
161,"18-30",-0.00472682631912252,0.43304874352463
161,"31-55",0.00374209374560702,1.3301576756273
161,"56-65",0.0329760503685241,0.982210717754393
161,"66+",0.00516554259511905,2.62293641103893
162,"10-17",0.0223847711134071,0.799097286010474
162,"18-30",-0.00386831969764234,0.824907519983187
162,"31-55",0.0153146292321175,1.71392169770214
162,"56-65",0.0339119873673262,0.0239820643743798
162,"66+",0.00821057876300156,2.17994586978141
163,"10-17",0.0239841498236565,0.44340037502357
163,"18-30",-0.0239618877483187,0.292987002361563
163,"31-55",0.00779732529244453,1.29089562062009
163,"56-65",0.0329555510320967,0.897716900443074
163,"66+",0.00192856338973213,1.40280031351951
164,"10-17",0.0165047880837444,0.419275099183527
164,"18-30",-0.012036509526478,0.695715573664369
164,"31-55",0.00731613870218883,2.01709790294298
164,"56-65",0.0316282007682411,0.906594821775444
164,"66+",0.00505758510267479,1.65454944566721
165,"10-17",0.0165707271034214,0.444466970520772
165,"18-30",-0.0203282350225031,0.0345280543342188
165,"31-55",0.00297900118740552,1.88334604906468
165,"56-65",0.0273470908011241,0.785699588713918
165,"66+",0.00516224027320757,1.89577752287588
166,"10-17",0.0140381054841873,0.203457882083582
166,"18-30",-0.0125761866837465,0.0215425319644797
166,"31-55",0.00467568089680592,1.54792225480704
166,"56-65",0.038115551026595,0.800486547660492
166,"66+",0.00459614125257737,0.822604977785536
167,"10-17",0.0232364289318291,0.923583833496984
167,"18-30",-0.0221372687479429,0.321597965304091
167,"31-55",0.00502561715967054,1.30949563855568
167,"56-65",0.0347321603024244,1.3954075438735
167,"66+",0.0047298792351641,0.536342945341017
168,"10-17",0.0133149313931512,0.971744222566309
168,"18-30",-0.0143415780363901,0.906114529473527
168,"31-55",0.0102196869090096,1.42215781638349
168,"56-65",0.0270755817888099,1.12892833713105
168,"66+",0.0109901732218663,2.29629192964014
169,"10-17",0.0209349046060034,0.573985592143452
169,"18-30",-0.0149314429835815,0.106704585211787
169,"31-55",0.0114089109130156,1.34355167785598
169,"56-65",0.0310873271385954,0.831226875147294
169,"66+",0.00375266776737355,2.39021943620968
170,"10-17",0.0129098230724878,1.11631216308479
170,"18-30",-0.00503802880411658,0.25765630913841
170,"31-55",0.011781597153838,1.54244897255878
170,"56-65",0.0312932175207765,0.744979804394982
170,"66+",0.00616686338055174,1.76055275180076
171,"10-17",0.0202010482995054,0.879476372425273
171,"18-30",-0.00682314706376969,0.226951529656988
171,"31-55",0.0095969962980284,1.27640327276327
171,"56-65",0.0291902771723294,0.215844984453371
171,"66+",0.0065285960731396,1.61156775576434
172,"10-17",0.0227426517489009,0.240283038435774
172,"18-30",-0.00948314704398195,0.372715817808366
172,"31-55",0.00849178200179207,1.24653938127801
172,"56-65",0.0210789399672033,0.213165615319811
172,"66+",0.00735764595652967,1.46642737289047
173,"10-17",0.019280992047663,0.861059745864775
173,"18-30",-0.0161897290855364,0.755182829071179
173,"31-55",0.00445742218486705,1.52717648739055
173,"56-65",0.0320487447724775,0.37687275040326
173,"66+",0.00956515581369936,2.24867006158811
174,"10-17",0.00714079011214286,0.136558968671513
174,"18-30",-0.0178177957704294,0.625849309845304
174,"31-55",0.0030333492845348,1.47337409081826
174,"56-65",0.031001008558604,0.889662891141633
174,"66+",0.0113475140227096,2.08815822589045
175,"10-17",0.0177453794719425,0.520710626805839
175,"18-30",-0.0114311098450242,0.417734698128037
175,"31-55",0.00532279906031125,1.29538746777443
175,"56-65",0.0411983620379598,1.45091962689497
175,"66+",0.00929611358879136,1.69741789366578
176,"10-17",0.0115434739712875,0.793702094350032
176,"18-30",-0.0130407346517896,1.03371687584563
176,"31-55",0.00705504812260632,1.5980288908518
176,"56-65",0.0367603653778021,0.134602606501147
176,"66+",0.00618878431022125,3.10809343655812
177,"10-17",0.0161143200264697,0.694823244981556
177,"18-30",-0.006585020952113,0.973266941902505
177,"31-55",0.00627631649310118,0.960334638750869
177,"56-65",0.0272901202041168,1.10775357328021
177,"66+",0.00831799689089997,2.66933744504958
178,"10-17",0.0196327799433851,0.611745913458189
178,"18-30",-0.010582340635598,0.854466301546893
178,"31-55",0.0133942915730902,1.50995041231665
178,"56-65",0.0323469441914102,0.777798195357223
178,"66+",0.00485529557242266,2.52368465416135
179,"10-17",0.0212738054002904,0.402748812342617
179,"18-30",-0.0138508956178113,0.942285953750613
179,"31-55",0.00888118970904267,1.22375516023187
179,"56-65",0.0360042034236009,-0.0249525759203824
179,"66+",0.00959971064270054,2.46395591265259
180,"10-17",0.0246237938080022,0.563596066105991
180,"18-30",-0.00495979816728875,-0.796360269838628
180,"31-55",0.00441412440093236,1.36643135407037
180,"56-65",0.0325366516858573,1.07495909684339
180,"66+",0.00843276895537377,1.13845222754534
181,"10-17",0.0216963143998458,0.370212392542846
181,"18-30",-0.00625558244374652,0.493686115109972
181,"31-55",0.00810675605807404,1.41862101995208
181,"56-65",0.0296934787283936,0.281511495003311
181,"66+",0.00391908557107733,2.61027051614216
182,"10-17",0.0206282312173332,0.791883676621442
182,"18-30",-0.00919980965173606,0.685160258017453
182,"31-55",0.00596800825110066,1.70025983987837
182,"56-65",0.0332092501238329,1.23319809553219
182,"66+",0.0127435485978235,1.96938528177585
183,"10-17",0.0199748320416664,0.335903532838369
183,"18-30",-0.0152261441432529,0.339091399680436
183,"31-55",0.00850695935608187,1.0342958429588
183,"56-65",0.0274139554998563,1.08610030605601
183,"66+",0.0119662941709981,1.18817346135648
184,"10-17",0.0176843966873845,0.898122287968866
184,"18-30",-0.00749357434436471,0.727396941136533
184,"31-55",0.0110727538820882,1.29415926789956
184,"56-65",0.0361090607896343,1.16346282082282
184,"66+",0.00922519112097112,1.33647874063383
185,"10-17",0.0171818396063044,0.75357895549278
185,"18-30",-0.0188919886662454,1.04270974761421
185,"31-55",0.0131583648419731,1.21914872226736
185,"56-65",0.0320502819235172,1.5483755399618
185,"66+",-0.000166288822063029,0.792773019706793
186,"10-17",0.0204642685133467,0.581935426126852
186,"18-30",-0.0076065509551812,0.173678874232234
186,"31-55",0.0170442386956451,0.794739662441225
186,"56-65",0.0266285004039173,0.796639642466157
186,"66+",0.00926789689436895,1.35569879739008
187,"10-17",0.0175982939045024,0.799632339398277
187,"18-30",-0.0145945596329957,1.24521488487183
187,"31-55",0.0071585505027203,1.30304826014368
187,"56-65",0.0257604117408437,0.903946603895287
187,"66+",0.00407656097639988,1.44461664094855
188,"10-17",0.0177985136012838,0.507646755416643
188,"18-30",-0.0157281704648083,0.576682616708037
188,"31-55",0.00612181242416177,1.52896067502207
188,"56-65",0.0342996247721414,1.22130590490695
188,"66+",0.00654944830227579,1.00698951162461
189,"10-17",0.0161860155358278,0.281652670973478
189,"18-30",-0.0145909733272341,0.590652000120359
189,"31-55",0.00914374841879118,1.11539359940512
189,"56-65",0.0259174984735433,1.57906185119629
189,"66+",0.000268216678009262,2.17647967205359
190,"10-17",0.0169400329771667,0.533624879805298
190,"18-30",-0.0105080030509025,0.634158579719749
190,"31-55",0.00398624136817488,1.21076476997174
190,"56-65",0.0335338131823082,1.23615316299266
190,"66+",0.0111381500460268,1.8206395740191
191,"10-17",0.0160156696653254,0.758887054774143
191,"18-30",-0.00939790648438421,1.00475591216159
191,"31-55",0.0167319998255652,1.39105365300525
191,"56-65",0.0256612095336306,0.846398851959714
191,"66+",0.00650412732497806,1.63042707997722
192,"10-17",0.0155757290174418,0.389373851884154
192,"18-30",-0.0147865601881129,0.711695245871917
192,"31-55",0.00697808056173499,1.66665994009696
192,"56-65",0.017630194426882,1.0933727713698
192,"66+",0.00823707200092463,2.42842604417271
193,"10-17",0.022728080266428,0.405131190318717
193,"18-30",-0.0107108448336395,-0.330734049829477
193,"31-55",0.00904222269377186,1.37701920348786
193,"56-65",0.0331737318234602,1.06251734327539
193,"66+",0.00192966256718023,1.64358029220657
194,"10-17",0.0138824208293501,0.534921558024723
194,"18-30",-0.0124043441705629,0.028444426240462
194,"31-55",0.0118963273284933,1.3958557030091
194,"56-65",0.0333246628498853,0.833572747522444
194,"66+",0.00658710048868037,1.37929522060707
195,"10-17",0.0185648519174517,0.370912153849503
195,"18-30",-0.00361869805806347,1.40116448780809
195,"31-55",0.0125673337213679,1.35199682863185
195,"56-65",0.0233912254508695,0.135110948005376
195,"66+",0.00547230664182197,1.82659793030634
196,"10-17",0.017395931566173,0.557905301071386
196,"18-30",-0.0126207661973411,0.213574444500127
196,"31-55",0.00473990168475291,1.00608216009256
196,"56-65",0.0340349956144783,0.308820030669922
196,"66+",0.0100647351696775,1.71134032732857
197,"10-17",0.0220662169284032,0.531663054784475
197,"18-30",-0.0134152344582589,0.341156303995428
197,"31-55",0.00895525511383055,1.03004398532215
197,"56-65",0.0223561485192769,1.0136907857801
197,"66+",0.00525623262147311,1.64087231569635
198,"10-17",0.0196904733902485,0.250441159886151
198,"18-30",0.00277049149399683,-0.0361094655475522
198,"31-55",0.00669279667839739,1.4729189714789
198,"56-65",0.0109319632851729,0.330185606035444
198,"66+",0.00706435780160534,0.874023338409408
199,"10-17",0.0124979049137156,0.0975766256102579
199,"18-30",-0.00896546785861685,0.0880508515005367
199,"31-55",0.00397295357910438,1.07621785752007
199,"56-65",0.0246029443708359,0.322538474537749
199,"66+",0.00249731806898558,2.63621507342173
200,"10-17",0.017340181544118,0.769486621238126
200,"18-30",-0.0032353627335312,0.415013044787075
200,"31-55",0.00708511408178342,1.89732224022948
200,"56-65",0.0156259761606622,0.38686944032975
200,"66+",0.00495005070127559,0.743150791361776
201,"10-17",0.01336725077344,0.268636649510348
201,"18-30",-0.0177352603158076,0.943589772239166
201,"31-55",0.00767648421937228,1.09916365036066
201,"56-65",0.0330670092815122,0.153419327002563
201,"66+",0.0062724590227851,1.09462541597841
202,"10-17",0.021300377051322,0.362547903555556
202,"18-30",-0.006578082404324,-0.0548251384066081
202,"31-55",0.00802084571783218,1.08581625397922
202,"56-65",0.0287095110277483,0.702177017095945
202,"66+",0.00754408187188325,2.29566217477302
203,"10-17",0.0166083532590757,0.713311077918307
203,"18-30",-0.00789592698237296,0.420180658525323
203,"31-55",0.00527037683603815,1.45870696654904
203,"56-65",0.0368145579553622,0.780019050904961
203,"66+",0.00689858605328138,1.13452661582852
204,"10-17",0.0233744357142388,0.536351233278115
204,"18-30",-0.00946570964732812,0.204698102754929
204,"31-55",0.00947486235228051,1.66649036251168
204,"56-65",0.0288044887506554,0.876555674500969
204,"66+",0.00360002954458905,1.17328237099964
205,"10-17",0.019838489216184,0.490888451778313
205,"18-30",-0.0107363787824877,0.781384019259717
205,"31-55",0.00758150235156635,1.00862131357499
205,"56-65",0.0346623202325747,0.912187482269706
205,"66+",0.00202837892978561,1.21379300416013
206,"10-17",0.0215732030302246,0.705402509017514
206,"18-30",-0.00851324801033032,0.142628556717888
206,"31-55",0.00351753785534575,1.59115630015154
206,"56-65",0.04128130507316,0.802764378275979
206,"66+",0.00766246747093216,1.68595121460061
207,"10-17",0.0266111164004627,0.624553811119704
207,"18-30",-0.00669262180831443,1.07571135300867
207,"31-55",0.00293170826921174,1.24621755366726
207,"56-65",0.0241705835109428,1.13384398718746
207,"66+",0.00635991021757543,1.56996292243516
208,"10-17",0.0224660495609696,0.812304706218616
208,"18-30",-0.0135607754030175,0.0376305295873092
208,"31-55",0.00678900542558108,1.30975957656378
208,"56-65",0.0387621526071472,1.66599276415685
208,"66+",0.00613724502987968,2.33088676898769
209,"10-17",0.0202585673026612,0.150921905333288
209,"18-30",-0.0084656113088688,0.421905609493171
209,"31-55",0.00956594768788899,1.55009804566367
209,"56-65",0.0279956191887121,0.633387638257258
209,"66+",0.0108788206514699,1.97248131770384
210,"10-17",0.0187585537083027,0.822811958622956
210,"18-30",-0.0138866572019559,0.437033899422486
210,"31-55",0.00912285219292075,1.28685911523105
210,"56-65",0.0389705757305246,1.60224360541667
210,"66+",0.0116241872566486,3.95313545234539
211,"10-17",0.0200587645435997,0.576207567331088
211,"18-30",-0.000564779854021369,0.233343796573385
211,"31-55",0.0150281082220933,1.00146379168852
211,"56-65",0.0168584084696741,1.78815010560632
211,"66+",0.00888202667434419,1.54638026013256
212,"10-17",0.0161243166128603,0.535681368451238
212,"18-30",-0.00574897172996813,0.570492976397253
212,"31-55",0.0136583626395232,1.58436665022673
212,"56-65",0.0160067470458249,0.381494771790033
212,"66+",0.0082983399126032,2.05229407402124
213,"10-17",0.0135358858639145,-0.0349994704686054
213,"18-30",-0.00564988998140253,0.783601786150987
213,"31-55",0.0075837596372747,0.918267572367881
213,"56-65",0.0201190870708989,1.25681328336312
213,"66+",0.0086953148588096,1.63734869943136
214,"10-17",0.0216697034264282,0.762300383654714
214,"18-30",-0.0173380848407277,1.06602713677797
214,"31-55",0.00845259857072733,1.49067043771872
214,"56-65",0.0376633568172997,0.959233136352365
214,"66+",0.00649212648758574,1.65095708016188
215,"10-17",0.017161786413288,0.160562722511457
215,"18-30",-0.0135805075492036,0.824364151508826
215,"31-55",0.013746754258138,1.23702591974527
215,"56-65",0.0267116326924712,0.222900803903142
215,"66+",0.00465564550893242,2.82057333655001
216,"10-17",0.0180141153915213,0.792911404622425
216,"18-30",-0.0046050712735507,0.69796844282669
216,"31-55",0.0106074494390759,1.45903377556796
216,"56-65",0.0271195332460383,1.17968976534111
216,"66+",0.00646774327853263,1.25215488041026
217,"10-17",0.0142921787399093,0.830374134681838
217,"18-30",-0.010857446687562,0.752343760168985
217,"31-55",0.00988535160479681,1.00033888351021
217,"56-65",0.0242040654067429,0.763379782604851
217,"66+",0.00644541141129948,0.749737769786341
218,"10-17",0.0180749067072902,0.402343482964074
218,"18-30",-0.00514530806463387,0.788225841661404
218,"31-55",0.00411305358503311,1.31528412142465
218,"56-65",0.0241566354816307,1.48216145902359
218,"66+",0.0076702661622968,2.02096526574416
219,"10-17",0.0246050535251221,0.759499203121823
219,"18-30",-0.000339418614235587,0.331866329335364
219,"31-55",0.0128511690321283,1.13214185684476
219,"56-65",0.0311710754631409,1.53594085195227
219,"66+",0.00591639816184848,1.45545676585522
220,"10-17",0.0122751628670765,0.311455475619069
220,"18-30",-0.014570440053881,0.599263725216259
220,"31-55",0.00586974714681865,1.32968655998578
220,"56-65",0.0246733049964867,1.16469016487708
220,"66+",0.00733389465027834,1.54502937805646
221,"10-17",0.0189949715626795,0.334108533456817
221,"18-30",-0.011132571947428,0.353870113189339
221,"31-55",0.00500721595016967,1.46806995447215
221,"56-65",0.022022677591149,0.172297581948225
221,"66+",0.00553147444676522,2.65441478741136
222,"10-17",0.0178491108772716,0.619896682056636
222,"18-30",-0.0175742218036664,0.492970641986986
222,"31-55",0.00733690448487029,1.36319149283562
222,"56-65",0.0305914704707799,0.32021960588661
222,"66+",0.00291027105805124,1.9766017200875
223,"10-17",0.0201204627535345,0.0172432866775889
223,"18-30",0.00090496422254055,0.363882529450215
223,"31-55",0.00882262999011174,1.96108650340506
223,"56-65",0.0332422926765255,0.857127793060487
223,"66+",0.00429771077350742,1.81272129250116
224,"10-17",0.0188542438678929,0.333471921290577
224,"18-30",-0.00950267560624851,0.225239695328243
224,"31-55",0.0079886719469191,1.16008694071399
224,"56-65",0.0317696422503221,0.445286078017233
224,"66+",0.00227809321646662,1.61342177276564
225,"10-17",0.0174377623632473,0.53123369072594
225,"18-30",-0.00922861309305584,0.282312957592183
225,"31-55",0.0109509917006693,1.17864923442329
225,"56-65",0.0313626654692072,0.953075480456715
225,"66+",0.00636250468160703,1.62984843103281
226,"10-17",0.0173699687193263,0.677478127935711
226,"18-30",-0.00677415737856102,0.714682604223402
226,"31-55",0.0105239995397498,1.6171947030534
226,"56-65",0.0233732150196378,0.963210734508944
226,"66+",0.010052468640078,2.24626776669438
227,"10-17",0.0216193024065293,0.588376429469135
227,"18-30",-0.00708744533560401,0.574815211041072
227,"31-55",0.00416215429220484,1.20970896286033
227,"56-65",0.0263275751134629,1.50095418431449
227,"66+",0.00621267053841532,1.72924847454185
228,"10-17",0.0140513069286726,0.546876293212634
228,"18-30",-0.00420223858184843,0.802714569522429
228,"31-55",0.0148495999108986,1.68826561113374
228,"56-65",0.0249971040912174,1.06331113824775
228,"66+",0.00933807858687334,0.944231020437787
229,"10-17",0.0115127638834052,0.178379551234626
229,"18-30",-0.0118470854331846,0.614235095428199
229,"31-55",0.00452491568574548,1.38198116975351
229,"56-65",0.0247853648480969,1.35262671565223
229,"66+",0.00978681755176707,1.17863891353316
230,"10-17",0.0160235353229574,0.946911957921169
230,"18-30",-0.00744032892386159,0.750500473424141
230,"31-55",0.0134340904338467,1.47926031283708
230,"56-65",0.0384821601725722,2.08897830992555
230,"66+",0.00651956589166153,1.25825348049416
231,"10-17",0.0135774252755437,0.425069297000397
231,"18-30",-0.0144190508111,-0.0222530186590486
231,"31-55",0.00923247420395806,1.86388526511423
231,"56-65",0.0232774068910733,1.06722225408915
231,"66+",0.00720750278268348,1.61970630190329
232,"10-17",0.0233460010047345,0.459626966347481
232,"18-30",-0.0124327201009575,0.871524524871132
232,"31-55",0.00576013485055094,1.32581213414298
232,"56-65",0.0314362471753843,0.4833560209951
232,"66+",0.00650423534466367,1.38258475743686
233,"10-17",0.0113032708613899,0.419818427186136
233,"18-30",-0.0210549943784234,0.224442407564712
233,"31-55",0.0138930219851119,1.48669483916198
233,"56-65",0.0304858191209223,0.9554001266209
233,"66+",0.00704004035933807,0.815010241195033
234,"10-17",0.0209169492616502,1.25951189097519
234,"18-30",-0.00281360295023264,0.0621264788911091
234,"31-55",0.0102631196664608,1.18036988935906
234,"56-65",0.0319850699993085,0.994552484786743
234,"66+",0.00819642757606295,1.95506033286062
235,"10-17",0.0159897791339156,0.635862904635311
235,"18-30",-0.0115081552132562,1.2036081177418
235,"31-55",0.00564437305830873,1.84939701006204
235,"56-65",0.0351257237112364,0.246686498020772
235,"66+",0.00862473414589912,3.0849109359249
236,"10-17",0.0205201334504289,0.49427288387494
236,"18-30",-0.00523159575280546,0.97640179691912
236,"31-55",0.00644609195219142,1.38682987108693
236,"56-65",0.0284952208676237,0.793758536893106
236,"66+",0.00195757080718061,2.46953595233539
237,"10-17",0.0146790350468398,0.850005056045623
237,"18-30",-0.0131221820206511,0.865852893140142
237,"31-55",0.00957227528195032,1.41255564391064
237,"56-65",0.0377960296105337,0.902263256459804
237,"66+",0.00400494239605352,1.46323414258042
238,"10-17",0.014513541271824,0.510363823109691
238,"18-30",0.00257785385803699,0.848128268507779
238,"31-55",0.0137846356252428,1.52170939898749
238,"56-65",0.0357703101760533,1.24524138629089
238,"66+",0.00436334560518625,1.1063149080285
239,"10-17",0.0221586963508906,0.55991030179724
239,"18-30",-0.00784208890172711,0.0571917447272643
239,"31-55",0.00749037279514403,1.9238853001566
239,"56-65",0.0241238341731506,0.0562029350743476
239,"66+",0.00751470318135865,1.63785606138286
240,"10-17",0.0130271793682163,0.404800511945026
240,"18-30",-0.00488354594224255,0.407240956343246
240,"31-55",0.00880594893520426,1.43713322226071
240,"56-65",0.0241955768352723,1.28412752561198
240,"66+",0.00777310803688365,1.94530463527942
241,"10-17",0.0239628455883191,0.542197457784968
241,"18-30",-0.00466081402353558,0.804541957597632
241,"31-55",-0.000599279576596279,1.79936432913752
241,"56-65",0.0294435674141968,0.535083111124067
241,"66+",0.00672303656399,2.57290397590921
242,"10-17",0.0189763932806023,1.01867068982802
242,"18-30",-0.0105676583686046,0.532537723669067
242,"31-55",0.0114174216437222,1.73404233973224
242,"56-65",0.035909179469989,1.41408100743238
242,"66+",0.00744754268359599,1.30307133350096
243,"10-17",0.0176415632056406,0.771351100540076
243,"18-30",-0.00368322447870123,1.14137430698644
243,"31-55",0.00270085754186661,1.14926498504088
243,"56-65",0.037590708281223,0.780537198244151
243,"66+",0.00601813409208399,1.71278304209084
244,"10-17",0.0205848964964563,0.559832062627838
244,"18-30",-0.0131685259613988,-0.177708848302753
244,"31-55",0.0035890546327535,1.30601584912449
244,"56-65",0.020619392757192,1.43836961351815
244,"66+",0.00603062286257244,1.71671604491486
245,"10-17",0.0159920467712718,0.554919092690046
245,"18-30",-0.00920972684956256,-0.206920587857853
245,"31-55",0.0109170717617175,1.81236024733932
245,"56-65",0.0313150654260229,1.45235015642034
245,"66+",0.00287852448702265,1.36056387142876
246,"10-17",0.0138553989754445,0.503784251824596
246,"18-30",-0.0064753368170129,0.369706920162153
246,"31-55",0.0123900921481521,1.47711365671773
246,"56-65",0.0313313373017177,1.10135736718985
246,"66+",0.000644663815426064,1.89670087022154
247,"10-17",0.0163983886013425,0.510130564520744
247,"18-30",0.000498530717212398,0.873047460229959
247,"31-55",0.00975246869991109,1.49483314588329
247,"56-65",0.0412658538401559,1.34915820719694
247,"66+",0.00812899551795393,0.958947022168285
248,"10-17",0.0143098734064534,0.365318396339655
248,"18-30",-0.00993591616403061,0.587244184121335
248,"31-55",0.0101844556095509,1.46974003095916
248,"56-65",0.0299110855120728,0.857322605721794
248,"66+",0.00618228475027392,2.3651787051985
249,"10-17",0.0149865322029746,0.491650366607088
249,"18-30",-0.0114964235879268,0.09283418685588
249,"31-55",0.00632295264163169,1.78689233191576
249,"56-65",0.0354756252449283,1.29297808169186
249,"66+",0.00583676490651498,2.09900870096758
250,"10-17",0.0197484250024799,0.53929604390879
250,"18-30",-0.0147017069293394,0.803062455733317
250,"31-55",0.0142723156605374,1.07876524183212
250,"56-65",0.0329771144880718,1.76794113077117
250,"66+",0.00488447596830711,1.02699341165713
251,"10-17",0.0257626967676057,0.386714560665219
251,"18-30",-0.0212998053548237,0.275840271544121
251,"31-55",0.00986864838016666,1.5371686234574
251,"56-65",0.0274887971996411,1.19286996906967
251,"66+",0.00772206745697669,2.20993015718852
252,"10-17",0.0182221992503576,0.479122912523144
252,"18-30",-0.00553881229387143,0.776012802353437
252,"31-55",0.0110697348943877,1.5854834770101
252,"56-65",0.0394674369756496,1.06757882229899
252,"66+",0.0134179178308839,1.75222165723376
253,"10-17",0.0197883127355904,0.461556022631082
253,"18-30",-0.0110904046063742,0.531690268792696
253,"31-55",0.00261517648788046,1.52629587400554
253,"56-65",0.0334289321360168,0.991826827104083
253,"66+",0.00802960161995285,1.73334737867278
254,"10-17",0.0113824788903688,1.01492576361152
254,"18-30",-0.0143664279946986,0.751704539209717
254,"31-55",0.00119676281149006,1.33513400992509
254,"56-65",0.028196142960572,1.42941813934911
254,"66+",0.00665210609769226,1.44165303190202
255,"10-17",0.0145333458039001,0.533646972143414
255,"18-30",-0.000125500601362127,1.51823862807687
255,"31-55",0.0138222615209213,1.41209745243245
255,"56-65",0.0264576272857342,0.931477384766403
255,"66+",0.00393963458446601,1.27132606227925
256,"10-17",0.0170344144317899,0.486424663546908
256,"18-30",-0.0126692654166464,0.318185087085242
256,"31-55",0.00991916322867242,1.37075529238875
256,"56-65",0.0314958113057636,0.884532943692484
256,"66+",0.00845153515168132,2.2241070037904
257,"10-17",0.0150130380044013,0.86909608544494
257,"18-30",-0.00933729706808684,0.0921608386451958
257,"31-55",0.0046818906960015,0.865333734137018
257,"56-65",0.0370626244772546,1.13612197058157
257,"66+",-0.000379232079856781,1.78956913143301
258,"10-17",0.0158733740802258,0.821125163727366
258,"18-30",-0.0138090790419656,0.167827206498597
258,"31-55",0.00762797495656381,1.53071364594481
258,"56-65",0.0267979232329816,1.10488781564214
258,"66+",0.00557923281165436,3.33423117205854
259,"10-17",0.0155399471223995,0.852250403781362
259,"18-30",-0.0168233541715019,0.965970815950916
259,"31-55",0.00489641595292734,1.36399537720071
259,"56-65",0.0340957269932296,0.675057540431155
259,"66+",0.0048165216721225,1.2577767981726
260,"10-17",0.0178843798063636,0.701962504371688
260,"18-30",-0.00849823600095545,0.339898059562726
260,"31-55",0.00588899826736211,1.07727120352314
260,"56-65",0.0272872164740722,0.946381269787732
260,"66+",0.00772000750910155,0.973328902629191
261,"10-17",0.0223051944979876,0.518405811973428
261,"18-30",-0.0128359890409121,0.237819813601647
261,"31-55",0.00865085618578565,1.44968757093156
261,"56-65",0.0366405762942783,0.0600074558132935
261,"66+",0.0082783324722432,1.3846973416187
262,"10-17",0.0137094960489875,0.441447762538349
262,"18-30",-0.0166697532503931,0.564802465506373
262,"31-55",0.00529627450879711,1.33338919232421
262,"56-65",0.027458667855056,1.01804429976577
262,"66+",0.00576962937400961,1.751759238682
263,"10-17",0.0200778452964483,0.728141496083984
263,"18-30",-0.0135323033218919,0.706050461153058
263,"31-55",0.00823433085608277,1.38830241125416
263,"56-65",0.0331159491650288,1.22386467368867
263,"66+",-0.000364232205255083,1.69575575740001
264,"10-17",0.0231940547680105,0.312022369006311
264,"18-30",-0.0195826748351362,0.986930326912823
264,"31-55",0.010284647853424,0.886243127975131
264,"56-65",0.0172851214538371,0.509526972762878
264,"66+",0.007680784945099,2.40825570463877
265,"10-17",0.0168250549113626,0.462357620182879
265,"18-30",-0.0113938542368507,0.0808151159883224
265,"31-55",0.00820443595708353,1.66532560856485
265,"56-65",0.0300924669097016,1.35660941972994
265,"66+",0.0130044688985072,1.66606495876916
266,"10-17",0.0151143266841067,0.576745750956346
266,"18-30",-0.00574878787112842,0.418023666835941
266,"31-55",0.0085463885414826,1.10028469612736
266,"56-65",0.0246091382051734,1.12636916349376
266,"66+",0.0115758663487834,1.09253299068638
267,"10-17",0.0191360047068649,0.400386847431518
267,"18-30",-0.00479516877964536,0.781149183615238
267,"31-55",0.00909314562828034,1.57697840693202
267,"56-65",0.0307497949965622,1.45915386509695
267,"66+",0.00176673077736693,1.78524321795416
268,"10-17",0.019334445400047,0.16317565558653
268,"18-30",-0.00806067477496353,0.372763905804518
268,"31-55",0.00584206819689037,0.765638450149075
268,"56-65",0.0353701633448525,0.940262957957829
268,"66+",0.00750613731955363,1.50401626213299
269,"10-17",0.0174673893513432,0.435397180336189
269,"18-30",-0.0156141412834352,0.381281275265534
269,"31-55",0.0101993588447012,1.559159934622
269,"56-65",0.0261313837501141,0.552210990593098
269,"66+",0.00764278267669552,1.88798438608745
270,"10-17",0.0177998213721746,0.570882092478497
270,"18-30",-0.00605791064777939,0.0415666551914473
270,"31-55",0.00761879368132928,1.22242746627438
270,"56-65",0.0281513147737675,1.65871614350828
270,"66+",0.00688574647781887,2.55676809444578
271,"10-17",0.018624612696413,0.542738957115148
271,"18-30",-0.0150191066167613,0.511752072979615
271,"31-55",0.00822867020707752,1.3329543080023
271,"56-65",0.0261044406320641,0.770159959452632
271,"66+",0.00446108353751191,1.78573321123665
272,"10-17",0.0196339052792762,0.514050737817316
272,"18-30",-0.00852289237326165,1.01230786428246
272,"31-55",0.0049292385915149,1.37155302047471
272,"56-65",0.0286133346179556,1.04981358085942
272,"66+",0.00251361127486271,1.09547712040714
273,"10-17",0.0258614204491338,0.512860275967356
273,"18-30",-0.0167576854235625,0.00379410189344753
273,"31-55",0.0111224332205777,1.29803095854526
273,"56-65",0.0287369146829484,0.754894676586442
273,"66+",0.00911110937646906,1.74123536726329
274,"10-17",0.020592038849885,0.809631543583326
274,"18-30",-0.0142460624176732,0.812513891820227
274,"31-55",0.0130146336617974,1.05867319720958
274,"56-65",0.0399411981301623,0.9999788985848
274,"66+",0.00499564261198096,1.85372523349355
275,"10-17",0.0229208319998998,0.3677921293224
275,"18-30",-0.0152085905484104,-0.0586024438354507
275,"31-55",0.0058815024626398,1.2021465740513
275,"56-65",0.0281316097765839,0.183837466435758
275,"66+",0.00886711303034279,1.93364581678694
276,"10-17",0.0119721398531924,0.736395874082378
276,"18-30",-0.013079584459018,0.706122873504633
276,"31-55",0.00738667138582011,1.30663924183347
276,"56-65",0.0337841030876558,0.985476624764534
276,"66+",0.00436714788074205,2.07687167313642
277,"10-17",0.0157459958234684,0.497903217346701
277,"18-30",0.000125378924007102,0.906471066879861
277,"31-55",0.0112277111308664,1.58774699432948
277,"56-65",0.0372731975679347,1.11296050387619
277,"66+",0.000397602688909732,1.90242273678145
278,"10-17",0.0131421710812146,0.715827404756455
278,"18-30",-0.0172053824322769,0.305689528031792
278,"31-55",0.00458524942395916,1.37367268843318
278,"56-65",0.021635487842834,1.0115522954814
278,"66+",-0.000295633712693144,1.51441218474191
279,"10-17",0.0168943358785479,0.302456125863912
279,"18-30",0.000755808153337534,1.00449514624637
279,"31-55",0.00288198515154681,1.66888097143814
279,"56-65",0.0266597624876095,0.697342003101287
279,"66+",0.0107450069918043,2.48731564880736
280,"10-17",0.0142649771162617,0.460583278130271
280,"18-30",-0.0114779438962523,1.04696357649855
280,"31-55",0.0171101950654909,1.15751018141295
280,"56-65",0.0247524787924475,1.21162884284195
280,"66+",0.00497280414369812,2.42842029517889
281,"10-17",0.0229695709208718,0.537456534969833
281,"18-30",-0.0118838768603993,1.81520329935334
281,"31-55",0.00481217819537505,1.19792932299442
281,"56-65",0.024190474814639,0.304580446865168
281,"66+",0.00137370065955714,2.56054243291748
282,"10-17",0.0193879088049994,0.497214182505497
282,"18-30",-0.00771018593947959,0.142188157447283
282,"31-55",0.0111743988483784,0.789904362563529
282,"56-65",0.0359090857243559,1.31287411235342
282,"66+",0.000307225733941374,0.0973619170134281
283,"10-17",0.0178502674241418,0.0470010632719271
283,"18-30",-0.0109669165764629,0.576748918823883
283,"31-55",0.0126362121882558,1.33845218199726
283,"56-65",0.0238607954398326,1.01864027982323
283,"66+",0.00444780520487406,2.19311391757443
284,"10-17",0.0122499363750836,0.323300373091969
284,"18-30",-0.0196925592004887,0.503855945744743
284,"31-55",0.00495377839667682,1.20323451453674
284,"56-65",0.0292832823741444,0.940113741356031
284,"66+",0.000410330741114226,2.31175462767667
285,"10-17",0.0158941243398749,0.307117078657399
285,"18-30",-0.00625017039004033,0.932170605137241
285,"31-55",0.00973028952787175,1.80270647378519
285,"56-65",0.0400177649960223,1.26248105730855
285,"66+",0.00306689487080067,2.18683201578849
286,"10-17",0.0184757151756757,0.632282403218734
286,"18-30",-0.0132696682329728,0.631502371951772
286,"31-55",0.0088733676162856,1.28929201038693
286,"56-65",0.0323053597204954,1.04760895630182
286,"66+",0.00618076060098038,0.901622159105186
287,"10-17",0.015411716964035,0.648901743698515
287,"18-30",-0.00424264669793112,0.69622487687991
287,"31-55",0.0127685113718061,1.41163294238157
287,"56-65",0.0251393171003964,0.820088788202179
287,"66+",0.00671254287292528,2.56028293572549
288,"10-17",0.0167127876260961,1.11643312516835
288,"18-30",-0.0111062934105661,0.759087481585651
288,"31-55",0.00788243153687751,1.50282932598416
288,"56-65",0.0244394023907042,0.847374849292319
288,"66+",0.00744489103839879,1.28811737538269
289,"10-17",0.0178536397130886,0.498756410866414
289,"18-30",-0.00143134198746875,0.262922432814467
289,"31-55",0.00325172286346287,1.43077215918587
289,"56-65",0.0367424610399679,1.16163365788647
289,"66+",0.0044287066848365,1.88970851125323
290,"10-17",0.0216290892409181,0.69524035203074
290,"18-30",-0.0093371453224243,1.02763839263943
290,"31-55",0.0031499365855796,1.40625496984781
290,"56-65",0.031230274733368,0.828699182351732
290,"66+",0.00657589899386458,1.51922235781182
291,"10-17",0.0192443410974985,0.49205817812424
291,"18-30",-0.00610084657171939,0.627694377923968
291,"31-55",0.0125057405193457,2.13358801811671
291,"56-65",0.0353897372586578,1.02467829195871
291,"66+",0.00708911820959106,0.924495089815117
292,"10-17",0.0234137287441961,0.346483811150766
292,"18-30",0.00454781943454741,0.869449323247277
292,"31-55",0.0106403048646903,1.80149925618429
292,"56-65",0.0266631104902182,0.829740266319625
292,"66+",0.00416572503927345,1.16684481514159
293,"10-17",0.0185120083407357,0.540013488922502
293,"18-30",-0.00350559364316116,0.429810766605021
293,"31-55",0.013418168156857,1.68253469797545
293,"56-65",0.0237853322943945,0.782790059338094
293,"66+",0.0061704156163017,1.74071589606978
294,"10-17",0.0220355403956786,0.192040896052308
294,"18-30",-0.0129698873535733,-0.153398154163186
294,"31-55",0.00683181269420086,1.53856513745384
294,"56-65",0.0371146987080634,1.84451487489418
294,"66+",0.00533021538102323,2.28835852254904
295,"10-17",0.00818451076865373,0.104226772745643
295,"18-30",-0.00376952111173312,0.92097774801975
295,"31-55",0.00804321823521903,1.37217151623753
295,"56-65",0.0391263145050099,0.183014270515809
295,"66+",0.000164696870391196,1.82583249192368
296,"10-17",0.0223660902791502,0.406211576021305
296,"18-30",-0.00845381097090431,0.110256358495501
296,"31-55",0.003051744578769,1.34090613945485
296,"56-65",0.0280867472790774,0.47594061784473
296,"66+",0.00729659136219625,1.47356402234602
297,"10-17",0.0211070888634642,0.633686288899019
297,"18-30",-0.00813094984599533,-0.0518200051985822
297,"31-55",0.0171257358377103,1.50812039877961
297,"56-65",0.0276750483501134,0.999883226041042
297,"66+",0.00747444942430664,1.5354671003914
298,"10-17",0.0165786860283743,0.676680011930517
298,"18-30",-0.00175569298980738,0.341054404474798
298,"31-55",0.0100444764690225,0.763909543710444
298,"56-65",0.0317207756142614,1.0649689901255
298,"66+",0.0031887605366553,1.73369734493461
299,"10-17",0.0197636711135922,0.474485524914041
299,"18-30",-0.0201007174999578,0.156911984174958
299,"31-55",0.0125094022960592,1.39418358717842
299,"56-65",0.026187912945049,1.62215322786416
299,"66+",0.0107845435814092,2.21017326211767
300,"10-17",0.0160708011616794,0.774014297912502
300,"18-30",-0.00849617884472537,0.333212882874717
300,"31-55",0.00120414099211458,1.56881037386835
300,"56-65",0.0207296051847258,0.682880754790077
300,"66+",0.0107020295760133,0.434469077160966
301,"10-17",0.017417061692671,0.525717860592234
301,"18-30",-0.0171284738337863,0.250071914048133
301,"31-55",0.0133063523797022,1.65638430687019
301,"56-65",0.0404179633357962,0.966943337387155
301,"66+",0.00453774469515357,2.07437015216474
302,"10-17",0.0227520789684105,0.441057241949292
302,"18-30",-0.0112794844456551,0.705565369466239
302,"31-55",0.0100065037847943,1.02013652712913
302,"56-65",0.0227835200309005,0.732444891817879
302,"66+",0.00454440248589977,1.58022965710489
303,"10-17",0.0161607561808102,0.527592274025512
303,"18-30",-0.00610489698159561,0.365111044434837
303,"31-55",0.00445770682209479,1.18153998005671
303,"56-65",0.027482207330453,0.928656819864381
303,"66+",0.0092520293935639,1.80327692997591
304,"10-17",0.0156966002367177,0.791422063014477
304,"18-30",-0.00054060417478019,0.160675889410557
304,"31-55",0.00942581100888501,0.889912397884641
304,"56-65",0.0247891726517533,0.813102580962678
304,"66+",0.00337069433325582,1.39818712282018
305,"10-17",0.0129805272673244,0.59021245865869
305,"18-30",-0.0139320067591039,0.119014369948554
305,"31-55",0.00857401055955381,1.54426453366268
305,"56-65",0.0289945393081287,1.68367568487695
305,"66+",0.00261948360313394,1.42396828189542
306,"10-17",0.017626514603473,0.941400702695011
306,"18-30",-0.00706824715280902,-0.130960677471046
306,"31-55",0.00328955838007955,1.41675629511627
306,"56-65",0.0293536896971884,0.307438106510855
306,"66+",0.0117984988621226,2.31454236873484
307,"10-17",0.0276215639454319,0.537256630545505
307,"18-30",-0.00844605770232681,0.146019794050201
307,"31-55",0.00649575605182234,1.44930256639982
307,"56-65",0.0390171081271931,0.737561333451815
307,"66+",0.00737380668701074,0.658285326716562
308,"10-17",0.0176750024819346,0.472949744903889
308,"18-30",-0.0146965432765531,0.785077367243343
308,"31-55",0.00925365969718522,1.59912137537618
308,"56-65",0.0337581225621795,0.552529843751184
308,"66+",0.00902098642366204,1.47678887314052
309,"10-17",0.0245028106575895,0.845158253793833
309,"18-30",0.000859660110700267,0.380810455067339
309,"31-55",0.00950224890490114,0.920816126542721
309,"56-65",0.0328147425517132,0.944617935889923
309,"66+",0.00715261459403123,2.91811695173834
310,"10-17",0.0155197813774531,0.767333033970334
310,"18-30",-0.00480820922648478,0.656124321202478
310,"31-55",0.00882692606244539,0.900329543059534
310,"56-65",0.0396325049541308,0.570663229119409
310,"66+",0.00307194546194621,0.76163694379593
311,"10-17",0.0209172570884847,0.218505406736808
311,"18-30",-0.0131779900254692,0.691328392357622
311,"31-55",0.00706186989596064,1.26518883266938
311,"56-65",0.0328788082361413,0.789523262886977
311,"66+",0.0104356637080222,1.27444190023914
312,"10-17",0.0158576855312977,0.241755605567882
312,"18-30",-0.0131109891741958,0.719716868846664
312,"31-55",0.00799384531164354,1.11912218305339
312,"56-65",0.0366964447095028,0.765690800669452
312,"66+",0.00818265950093677,1.25358859434538
313,"10-17",0.0169555131440148,0.622060823048291
313,"18-30",-0.0169876283683582,0.484103388920701
313,"31-55",0.0105426194549355,1.69524625147924
313,"56-65",0.026808459249525,1.56519758629159
313,"66+",0.00378753522489648,0.481167217060026
314,"10-17",0.0152130417514383,0.637112386970249
314,"18-30",-0.00814500013186686,0.339291288150614
314,"31-55",0.0123754342023846,1.52723897545865
314,"56-65",0.0398357089336841,0.872628187546013
314,"66+",0.00889390283896058,1.97265179604445
315,"10-17",0.0198053415303265,0.539557241533815
315,"18-30",-0.0205549059620176,-0.043551749431634
315,"31-55",0.0022165239688407,0.801793967660759
315,"56-65",0.0193633866249596,0.652747327794518
315,"66+",0.00202353638532896,1.63431859520122
316,"10-17",0.0196154751676105,0.726848270980613
316,"18-30",-0.00483915955534997,0.0687760176371928
316,"31-55",0.00796242872882447,1.62065704198967
316,"56-65",0.0299344066798912,1.52839544936622
316,"66+",0.00642125169529467,1.57375172998228
317,"10-17",0.0201995823434905,0.529382770533825
317,"18-30",-0.0110551640204601,0.61792738058138
317,"31-55",0.00645080121622776,1.01052318258532
317,"56-65",0.0262464194754895,0.921006571704442
317,"66+",0.00810735921785889,0.828858839425964
318,"10-17",0.0178227989555271,0.393605484486785
318,"18-30",-0.0172155085144376,0.460291027284672
318,"31-55",0.0070625963415118,1.59576812995899
318,"56-65",0.0355926295809899,0.953098160503053
318,"66+",0.00567895084622978,1.95053907946684
319,"10-17",0.0149050384933609,0.517029465559051
319,"18-30",-0.0110073550463932,0.253124973512142
319,"31-55",0.00620946253919347,1.23926967650974
319,"56-65",0.0301208325080281,1.35806333420862
319,"66+",0.00873890673902132,2.42247331031842
320,"10-17",0.0135541720884089,0.253134928486167
320,"18-30",-0.0123191945102474,0.148703069103902
320,"31-55",0.00664626140114377,1.14371755242865
320,"56-65",0.0188665492764764,0.908133444006333
320,"66+",0.00227602350535312,2.15445441798636
321,"10-17",0.0138193057734459,0.283109022948342
321,"18-30",-0.00206695373712806,0.0328811604617059
321,"31-55",0.00355812867927546,1.27091772843277
321,"56-65",0.0272135002324742,0.311967342133626
321,"66+",0.00189178273915611,0.834050080591041
322,"10-17",0.0198283189276759,0.497921512838581
322,"18-30",-0.0225404844218597,0.775746081081806
322,"31-55",0.00618569122891172,1.65002086137338
322,"56-65",0.0288450373078109,1.10537605266369
322,"66+",0.00651233020419828,1.00507868587036
323,"10-17",0.0147604308597251,0.345034606182623
323,"18-30",-0.0142009255560894,0.236497352630229
323,"31-55",0.00616163269568387,1.00792092937847
323,"56-65",0.0335787524294654,0.374961040132687
323,"66+",0.00943169134190602,2.53590269447626
324,"10-17",0.0178529652665986,0.835950412332742
324,"18-30",-0.00526280517913524,0.746898833785488
324,"31-55",0.0105751942672337,1.28745799034299
324,"56-65",0.0306615286272326,0.423029831819846
324,"66+",0.00500558053534907,2.7152622642811
325,"10-17",0.0214483571353704,0.533339133281721
325,"18-30",-0.0173975756555482,1.23602138673932
325,"31-55",0.00521616249819523,1.17692819821897
325,"56-65",0.0269963359333199,0.800618685987269
325,"66+",0.010671367260564,1.63878352598344
326,"10-17",0.0197861534128969,0.86988408238187
326,"18-30",-0.00306397908480893,0.523948764019126
326,"31-55",0.0109815729675519,1.28645864330472
326,"56-65",0.0268026202736002,1.01013714232071
326,"66+",0.00570979238636538,1.34369034169987
327,"10-17",0.0219274040853875,0.368624767478997
327,"18-30",-0.0116294907204359,0.696927548034973
327,"31-55",0.0137969742525496,1.67836663610542
327,"56-65",0.0255917002887647,0.74488138907874
327,"66+",0.0066574496869084,1.47969719165493
328,"10-17",0.0256391001936155,0.657681254472601
328,"18-30",-0.0161807395307027,-0.116477353084807
328,"31-55",0.00893940455549569,1.94179294553008
328,"56-65",0.0331828958662503,0.947699137153771
328,"66+",0.00252070940239484,2.81642125504455
329,"10-17",0.0207865497529743,0.473718915730658
329,"18-30",-0.0063424297889717,0.936794107856757
329,"31-55",0.00993642902272879,1.26935764327439
329,"56-65",0.0252052753505459,0.503128162350237
329,"66+",0.00710049556355587,1.59800670922283
330,"10-17",0.02114605536176,0.662805268770561
330,"18-30",-0.0189236729817374,-0.184176285755075
330,"31-55",0.00801289894951412,1.6860206097396
330,"56-65",0.0307080913311745,1.17166252629888
330,"66+",0.00239310759106894,1.38606042135905
331,"10-17",0.018067160077837,0.42303458323232
331,"18-30",-0.000328567845995165,0.410602341027188
331,"31-55",0.00617212200233336,0.977475645531838
331,"56-65",0.0207155477745587,0.912196801557819
331,"66+",0.00870993217557595,2.22083493413173
332,"10-17",0.0154413023911316,0.805955930650017
332,"18-30",-0.0132567226801326,-0.0232958670100487
332,"31-55",0.00962420772791794,1.23702281783662
332,"56-65",0.0228531366545995,0.793060017119114
332,"66+",0.000314768421392664,0.219059532024646
333,"10-17",0.0174072780878983,0.592578815533518
333,"18-30",-0.00545974505551311,0.608355532998997
333,"31-55",0.0083113453128279,1.55182483477634
333,"56-65",0.0227760747004689,0.573728183523734
333,"66+",0.0051412408984815,1.27339646732472
334,"10-17",0.0203062356366286,0.263000330622344
334,"18-30",-0.0229973930561274,1.0645285499793
334,"31-55",0.00967150806721767,1.73299747272582
334,"56-65",0.0406220988976084,1.35257280326339
334,"66+",0.00142613888478127,1.39297649952111
335,"10-17",0.017557683282994,0.326552101633704
335,"18-30",-0.0166549978919079,0.710994561859088
335,"31-55",0.00814490608680363,1.42540649045961
335,"56-65",0.0347962556148116,1.35846415605306
335,"66+",0.00276400902484872,1.68624544118493
336,"10-17",0.0175189024425184,0.728018822078719
336,"18-30",-0.0213910443737247,0.166629564239972
336,"31-55",0.00775809360907742,0.766179072513554
336,"56-65",0.031202777498044,1.53607107419968
336,"66+",0.00948198850996464,2.35705955283884
337,"10-17",0.0198098444194823,0.51962730077465
337,"18-30",-0.00796082861798952,1.24880403300801
337,"31-55",0.00691122406607897,1.63809827857527
337,"56-65",0.0474217529917303,0.928979892780463
337,"66+",0.00291966672417138,1.6965212906959
338,"10-17",0.0165554182425435,0.788941718038883
338,"18-30",-0.000466071887051667,0.683781767749096
338,"31-55",0.0124077977500361,0.713976517740418
338,"56-65",0.0292590875584465,0.784188825350899
338,"66+",0.00909062501887871,2.12695153550534
339,"10-17",0.0117385441146893,0.339450157219314
339,"18-30",-0.00451872368751077,1.03122938054246
339,"31-55",0.00728519969734293,1.04691661874873
339,"56-65",0.0378448447242926,1.49175579556244
339,"66+",0.00415653014347005,1.47109205073441
340,"10-17",0.012031648152079,0.43166971527463
340,"18-30",-0.0119405832093163,0.279385147636669
340,"31-55",0.00599965468295283,1.16935129991319
340,"56-65",0.0272813238452994,1.61070993305887
340,"66+",0.00561653100047463,1.38657149186616
341,"10-17",0.0214594240564244,0.535714008502421
341,"18-30",-0.0103900033896777,0.168015557566099
341,"31-55",0.0116148909484782,1.59311143020932
341,"56-65",0.0224250540916011,0.986045967993581
341,"66+",0.00566004470875635,0.744260695891086
342,"10-17",0.0175412866816096,0.843005839579352
342,"18-30",-0.0149114473073782,0.156343810676884
342,"31-55",0.00123343357955608,1.06350087336229
342,"56-65",0.0232230476974253,0.924636867951044
342,"66+",0.00783751077814658,1.34904263337096
343,"10-17",0.0194738501299756,0.770741923292483
343,"18-30",-0.0130458753509758,0.480046401836647
343,"31-55",0.00881811626873907,1.21825369254092
343,"56-65",0.0320586511910865,0.663597805509921
343,"66+",0.0013503819219715,1.29003280757531
344,"10-17",0.0116225067237993,0.416467471179108
344,"18-30",-0.0187906505363851,0.677353935473736
344,"31-55",0.0117812332793308,1.43555191330067
344,"56-65",0.0312858721363665,0.192771977277838
344,"66+",0.0053149161911135,0.368850526906391
345,"10-17",0.0215611186600927,0.491308413086807
345,"18-30",-0.0060660778575457,0.564073741514317
345,"31-55",0.0117497632993326,1.29071326720651
345,"56-65",0.0398949850626761,1.99848764122571
345,"66+",0.00599226141560205,2.03229223045559
346,"10-17",0.0167200796530847,1.17632010832087
346,"18-30",-0.0109769485011851,1.06202836475934
346,"31-55",0.0143592218269709,1.47125294341652
346,"56-65",0.0282531504873518,1.60931531676795
346,"66+",0.00833767803315952,1.98709117278516
347,"10-17",0.0247468932891828,0.663707370365438
347,"18-30",-0.00966153579548568,-0.266530242760442
347,"31-55",0.00889156903432142,1.48596199884571
347,"56-65",0.0365474367796376,1.51787493493575
347,"66+",0.00499760907034255,1.49572988150437
348,"10-17",0.0175423475123626,0.842945663668842
348,"18-30",-0.0095719579244371,-0.0300948052256356
348,"31-55",0.0106558239854909,1.34309846892215
348,"56-65",0.0294808914249764,0.882314325430274
348,"66+",0.00857781454892929,2.20751924751294
349,"10-17",0.0272741930483085,0.968378922265773
349,"18-30",-0.0150994300375154,0.737179541150754
349,"31-55",0.00992018453757987,1.38973380639156
349,"56-65",0.0318344002609657,0.983294613789838
349,"66+",0.00758704751428083,1.92832022291087
350,"10-17",0.0174831809372968,0.791902042770275
350,"18-30",-0.0139257238890202,0.721885444317728
350,"31-55",0.00483480264258029,1.31312540579299
350,"56-65",0.0376415829670253,0.772039775171361
350,"66+",0.00663268073845927,2.24036755909814
351,"10-17",0.0239517500092279,0.302228669898205
351,"18-30",-0.00756012004183632,0.659398920057324
351,"31-55",0.00799362609923798,1.43964674528392
351,"56-65",0.0285558145721112,0.519504955562542
351,"66+",0.00639554899709814,2.11312296023638
352,"10-17",0.0212314416913614,0.751187394098834
352,"18-30",-0.00154283616950895,0.638690098430313
352,"31-55",0.0082722336114322,1.63765696731158
352,"56-65",0.0324219555038203,-0.214093560172113
352,"66+",0.00500500352168046,2.19392610656328
353,"10-17",0.0201422939379381,0.462330844825583
353,"18-30",-0.0100204959220088,0.927258075597599
353,"31-55",0.0111816017249208,0.907103639823999
353,"56-65",0.0359648738234712,0.960647365475577
353,"66+",0.00754960990911741,1.57220097127606
354,"10-17",0.0165622232109746,0.453411059258929
354,"18-30",-0.0118130674299219,0.24887973744227
354,"31-55",0.00639211070758572,0.995039951282013
354,"56-65",0.0269900485745112,0.629313637719275
354,"66+",0.00377935372988349,1.70977351728325
355,"10-17",0.0135728824335392,0.720608761505947
355,"18-30",-0.0070664622345199,0.616253927811835
355,"31-55",0.0110236936571465,1.35981428189383
355,"56-65",0.0333930588396796,1.4169748583545
355,"66+",0.0061623850569323,1.92266224068931
356,"10-17",0.0151748174075401,0.570068503304102
356,"18-30",-0.0234888167530083,0.0705709767780149
356,"31-55",0.0068088392015897,1.52871305942509
356,"56-65",0.0386529916850168,1.55666246819884
356,"66+",0.0106375519481223,1.80660905780223
357,"10-17",0.0124448065520734,0.461910154429859
357,"18-30",-0.0103975972013137,0.404621146967827
357,"31-55",0.007771179756279,1.52307999308598
357,"56-65",0.027816299790595,1.07297373302712
357,"66+",0.00533857151202705,1.93156363274865
358,"10-17",0.018981296075359,0.668808630953082
358,"18-30",-0.0137587611265618,0.25587260780198
358,"31-55",0.0120966172706015,1.56118731803594
358,"56-65",0.031845507029816,0.689627134698428
358,"66+",0.00224317206455822,1.71737736486747
359,"10-17",0.0189205429732073,0.267565341447301
359,"18-30",-0.012582557763792,0.151837907580603
359,"31-55",0.0120093856591065,1.24407571811867
359,"56-65",0.0279526874362264,0.586520975504529
359,"66+",0.00136748605021911,2.06560890674168
360,"10-17",0.0258840025799955,0.726935013718562
360,"18-30",-0.0161253922243817,0.628307516905235
360,"31-55",0.0075700204204418,1.52411827237471
360,"56-65",0.0271294955917631,1.57721966470718
360,"66+",0.00898126568552268,1.91209870370166
361,"10-17",0.00812339233041232,1.06374431370792
361,"18-30",-0.020686714325173,-0.0752894891524445
361,"31-55",0.00930216558929003,1.27953272129914
361,"56-65",0.0364181811656585,0.0408631365697811
361,"66+",0.00437976821849233,1.64896820347002
362,"10-17",0.0177328254775571,0.648072593639361
362,"18-30",-0.0106721096336034,0.385749864475109
362,"31-55",0.0149021482414368,1.84243411741614
362,"56-65",0.0373110421700976,1.13890439455901
362,"66+",0.00803409657048923,1.58531038586608
363,"10-17",0.0137473621058454,0.550848590731112
363,"18-30",-0.0135245892663216,0.037919109157782
363,"31-55",0.00809107468967912,1.023753002095
363,"56-65",0.0374628445066062,1.15829607818651
363,"66+",0.00872454923738016,1.20521694879925
364,"10-17",0.0153860356360877,0.299241338625688
364,"18-30",-0.0122431301947583,0.432563152057201
364,"31-55",0.00557783226928393,1.49925199799991
364,"56-65",0.0310186811842195,0.382896015488951
364,"66+",0.00864232210266516,1.68465340700191
365,"10-17",0.0159432057599542,0.748274228439385
365,"18-30",-0.0119838415742139,0.570752872107459
365,"31-55",0.00677301405415892,1.42653701716687
365,"56-65",0.0305734382490208,0.764144005053339
365,"66+",0.0159837182067971,2.41256765059745
366,"10-17",0.00616872057048362,0.362670011695801
366,"18-30",-0.0137925374643466,0.588846444707078
366,"31-55",0.00570640245281312,1.62523560740483
366,"56-65",0.0337632710927088,0.530431514108598
366,"66+",0.00733400684622917,1.46406139216142
367,"10-17",0.0177820715964553,0.631507177463389
367,"18-30",-0.0106118478687485,0.900634485998845
367,"31-55",0.00754140457615243,1.21897729389325
367,"56-65",0.0218386559589894,0.733873593028131
367,"66+",0.00606394613294693,2.04585606842222
368,"10-17",0.0192115490866054,0.197035042180963
368,"18-30",-0.0085865306185578,-0.0495356533113895
368,"31-55",0.006161329475457,1.73430055773421
368,"56-65",0.0269581787809568,1.81299656608663
368,"66+",0.00774602938878065,2.70955396724981
369,"10-17",0.0220382554922117,0.715888424631411
369,"18-30",-0.00126966366637393,0.237607536345855
369,"31-55",0.00603708458010166,0.928128281265034
369,"56-65",0.0310118217354551,0.602300660480497
369,"66+",0.00576666711354074,2.92160183387569
370,"10-17",0.0258783764164968,0.838946306390864
370,"18-30",-0.0170549325847317,0.903196614022214
370,"31-55",0.00505649880102027,1.06432919519747
370,"56-65",0.0223466058822418,0.595449960233948
370,"66+",0.00988896237678928,1.39446499378983
371,"10-17",0.0171188728117069,0.66430009541653
371,"18-30",-0.0189985018777931,-0.323715210360975
371,"31-55",0.00944805244029256,1.27616147357446
371,"56-65",0.0330820578416888,1.0202799403034
371,"66+",0.00768933594297271,1.84872718547688
372,"10-17",0.0190680685300015,0.0782663441121549
372,"18-30",-0.0145623429100221,0.513989075508011
372,"31-55",0.0165064767648557,1.41849620442061
372,"56-65",0.0364084049652594,1.65204410338364
372,"66+",0.00404034009727622,2.06232509863069
373,"10-17",0.0185505561238125,0.116673090964086
373,"18-30",-0.00737061125423749,1.02061565395515
373,"31-55",0.00679168342855896,1.88779404340608
373,"56-65",0.0298364140371761,1.04189432082702
373,"66+",0.0069463571946662,2.0216596617268
374,"10-17",0.0182605750545851,0.475864854978799
374,"18-30",-0.0138238927634038,0.154998514560017
374,"31-55",0.00628457718664199,1.08669095142672
374,"56-65",0.0298284778605034,0.654822906266359
374,"66+",0.00457196776360375,1.81247265193884
375,"10-17",0.0120199778900283,0.505018919885746
375,"18-30",-0.0094241819555605,-0.509661595289517
375,"31-55",0.00875597323891003,1.55174855234658
375,"56-65",0.0266766779861794,0.870421505177768
375,"66+",0.0109465868484254,3.11474700380264
376,"10-17",0.0213581352414818,0.272484222556692
376,"18-30",-0.0145496133579909,0.0370052825136256
376,"31-55",0.0126019762811183,1.44483561788539
376,"56-65",0.0314130725723799,0.871974587634361
376,"66+",0.00508782117499304,1.11756471889456
377,"10-17",0.0116091409952907,0.349521827311255
377,"18-30",-0.00364454880461401,1.15053787510301
377,"31-55",0.0113337539667397,1.29171140035969
377,"56-65",0.0315889910955179,0.97111366727111
377,"66+",0.00428941254265994,2.22923961095673
378,"10-17",0.0194512555523011,0.335680875727873
378,"18-30",-0.00392694599380061,0.225840241116826
378,"31-55",0.0130383697212601,1.71334887874412
378,"56-65",0.0262499787877583,0.24114865760828
378,"66+",0.00815357175013735,1.86162541412824
379,"10-17",0.0224735524070411,0.754993761776611
379,"18-30",-0.0193950518839594,0.774005640069184
379,"31-55",0.000758593378831995,0.931278439097563
379,"56-65",0.0435594329088006,2.31272878111995
379,"66+",0.0029730737565089,1.76773465934591
380,"10-17",0.0171448681460409,0.806383422267711
380,"18-30",-0.00369266312278999,1.08129067590755
380,"31-55",0.0118097935713932,1.63120948962209
380,"56-65",0.0301018290969094,0.349334293843178
380,"66+",0.00443519828249428,0.571881411775045
381,"10-17",0.0105197567290497,0.224179674655644
381,"18-30",-0.0101291582094215,0.208835236285735
381,"31-55",0.00801983206064505,1.45191735920404
381,"56-65",0.0300230674579328,0.551989562128114
381,"66+",0.00617717803147898,2.30762784386351
382,"10-17",0.0164815536357905,0.460844382542026
382,"18-30",-0.00649804410501315,-0.134706602505934
382,"31-55",0.0103242486753689,1.42514729888333
382,"56-65",0.0288857899762377,0.798379887989277
382,"66+",0.00334919134782106,1.21205760195239
383,"10-17",0.0185665770144159,0.910615320279356
383,"18-30",-0.010774274122843,0.6545006098151
383,"31-55",0.0123582647812777,1.02185077656611
383,"56-65",0.0291185903497526,0.677531699808711
383,"66+",0.00847244169843073,1.80884756449926
384,"10-17",0.0233396764568659,0.759148323939742
384,"18-30",-0.0133942300692697,-0.0663947373798646
384,"31-55",0.010025844876943,1.30646576196082
384,"56-65",0.0304058578664785,0.859237615990679
384,"66+",0.00848171608438543,2.50517290654185
385,"10-17",0.0158537379362446,0.474797343310865
385,"18-30",-0.0133521957157467,1.16428137975467
385,"31-55",0.00814880998288847,1.31453861294154
385,"56-65",0.0319929681696393,0.853891794188881
385,"66+",0.00409959140681486,1.38066064270068
386,"10-17",0.0197079573731979,0.54579469982552
386,"18-30",-0.00285239576141361,0.0266112455424778
386,"31-55",0.00706328563030889,0.45220786420184
386,"56-65",0.0292932279457149,1.52208165131128
386,"66+",0.00615790764404893,1.40781200584072
387,"10-17",0.019454541730014,0.873078085694453
387,"18-30",-0.0118905020154488,0.483488643897129
387,"31-55",0.0117361278382963,1.12401750231736
387,"56-65",0.0256986557255042,0.40545685470312
387,"66+",0.00418622113143173,1.50626185096503
388,"10-17",0.0191222263936849,0.875962785732346
388,"18-30",-0.00581632178013691,0.743405672063215
388,"31-55",0.00799417433008764,0.945263660017103
388,"56-65",0.0313919852058551,1.43969186402788
388,"66+",0.00747754204293252,2.95721340290069
389,"10-17",0.0197270201716036,0.270890021643782
389,"18-30",-0.00227586838856986,0.0487902138302001
389,"31-55",0.0117892155802374,1.25312440201527
389,"56-65",0.0296848547239076,0.184838132184131
389,"66+",0.00573925769964097,1.92186376714158
390,"10-17",0.013923042319489,0.704305999660805
390,"18-30",-0.00454573875958475,0.853573057059915
390,"31-55",0.0127418889608791,1.72547267790286
390,"56-65",0.0245816728841817,0.917156828353551
390,"66+",0.00179235485915454,1.42766218149069
391,"10-17",0.0228142368702866,-0.0214928726195343
391,"18-30",-0.00467758221818776,0.160661750061072
391,"31-55",0.0160076369302929,1.40857713973516
391,"56-65",0.0252143391965494,0.949498762937242
391,"66+",0.00125123550747264,2.05350533878162
392,"10-17",0.0159045552922686,0.435539310462877
392,"18-30",-0.00203596632885555,1.50841225706084
392,"31-55",0.0129590921176511,1.29369492249193
392,"56-65",0.0378716066870646,1.69963979290087
392,"66+",0.00842571042614283,2.20203970798095
393,"10-17",0.0139642353857235,0.476205681130692
393,"18-30",-0.0241488384782176,0.561208033615278
393,"31-55",0.0103404733595444,1.39559342205849
393,"56-65",0.033226646938447,0.458709739996241
393,"66+",0.00269301153251576,2.05313682927532
394,"10-17",0.0170782175690216,0.238412727186103
394,"18-30",-0.0143722823585212,-0.0753678979047887
394,"31-55",0.0101842371041172,1.74677096949297
394,"56-65",0.0281372084566186,1.02638076514269
394,"66+",0.00416391573969029,1.75029790122422
395,"10-17",0.0199912094095653,0.37508907130966
395,"18-30",-0.00117555450254542,-0.125659951817374
395,"31-55",0.0122442277681979,1.22741205519949
395,"56-65",0.027014729281175,0.900158050367192
395,"66+",0.0111738345500746,1.93423218629436
396,"10-17",0.0205698909945042,0.214598762347955
396,"18-30",-0.013348149810065,0.252624993863423
396,"31-55",0.00847340240494365,1.44940157354252
396,"56-65",0.0314204433833892,0.761936525371446
396,"66+",0.0113623566372636,1.41590165343796
397,"10-17",0.0223044614311178,0.302471356237076
397,"18-30",-0.00539842394513945,0.0749784951320276
397,"31-55",0.00821113905865462,1.4548407328837
397,"56-65",0.0331340915026503,0.700737591312604
397,"66+",0.00305703697880175,1.52944102363923
398,"10-17",0.0173047568790822,0.794380195285918
398,"18-30",-0.0118274868870674,0.445883367107298
398,"31-55",0.0116913829056214,1.47883353794906
398,"56-65",0.0396725394721231,1.17017603940417
398,"66+",0.00568574739372864,1.42903907813836
399,"10-17",0.0218256191801645,1.09148133143202
399,"18-30",-0.0018719234430099,0.00768192910594578
399,"31-55",0.0121701028235973,1.94461084342127
399,"56-65",0.0338056291792813,2.07463079585475
399,"66+",0.00655341609826464,2.38700362541777
400,"10-17",0.0220155223634296,0.795885576351525
400,"18-30",0.000680301119403426,0.325179824299378
400,"31-55",0.00438202629140277,1.35821481388066
400,"56-65",0.0319070223187594,1.19872563275545
400,"66+",0.00387187593261469,2.41618751107885
401,"10-17",0.01801074880827,0.10544416507127
401,"18-30",-0.0200081605924986,0.0160482451160053
401,"31-55",0.00791564020386204,1.69348195805505
401,"56-65",0.0249090524425805,1.72148064099811
401,"66+",0.00470033842174432,2.10888137764675
402,"10-17",0.0130986922395493,1.15578804542491
402,"18-30",-0.0172552032776099,0.478957255435182
402,"31-55",0.0112346796933459,1.85416456209547
402,"56-65",0.0229748086269892,0.727553534972413
402,"66+",0.0060918720929827,1.5735619449297
403,"10-17",0.0214148719468331,0.474646595661438
403,"18-30",-0.00501925234868522,0.704879293802023
403,"31-55",0.00309683486557538,1.18708377722798
403,"56-65",0.0332065374165293,0.689856309013628
403,"66+",0.0023360939436243,2.16827396136633
404,"10-17",0.0211132272153892,0.433367427071955
404,"18-30",-0.00755537577055987,0.502792199575966
404,"31-55",0.0104389126357512,1.87150033439233
404,"56-65",0.0259638477171923,0.530422671740896
404,"66+",0.00374213685877488,1.8980706392765
405,"10-17",0.0183375524827592,0.768939696311485
405,"18-30",-0.0093708245458905,0.278764674930649
405,"31-55",0.0114699377153944,1.36907889276216
405,"56-65",0.0342271746751615,1.24461449725761
405,"66+",0.00831601395396053,1.0618312449726
406,"10-17",0.0167426098020395,0.493186752256969
406,"18-30",-0.00627405922062829,1.13081919757127
406,"31-55",0.012600277933015,1.32179857721372
406,"56-65",0.0308222156881692,0.791047996065643
406,"66+",0.00959637346331021,2.80508956714315
407,"10-17",0.021850609399845,0.616611463572846
407,"18-30",-0.00422469242207513,-0.122461665898486
407,"31-55",0.00676727993512466,1.14822111822043
407,"56-65",0.0302421069346627,1.98629807297617
407,"66+",0.00942275224602057,2.49240730488722
408,"10-17",0.0193206401880862,0.530017513100991
408,"18-30",-0.00664808398881911,0.508763447295081
408,"31-55",0.0090434947956467,1.20348828272044
408,"56-65",0.0351182380479256,1.86932231271202
408,"66+",0.00778565125664524,0.443728268891393
409,"10-17",0.0216651375150808,0.500631501310845
409,"18-30",-0.0129309132119026,0.0753183825985868
409,"31-55",0.00484222242597365,1.43482960841776
409,"56-65",0.0314442763350153,0.901240184377862
409,"66+",0.00245774833669689,1.09236652972409
410,"10-17",0.0156737615078175,0.171006500467581
410,"18-30",-0.00525867785188894,0.289699692990894
410,"31-55",0.0144015669616016,1.54928301220811
410,"56-65",0.0298057450156771,0.822870098230824
410,"66+",0.00947270193110637,0.824358654722372
411,"10-17",0.0164163831077419,0.773693626610721
411,"18-30",-0.0102205957339054,0.219368357615544
411,"31-55",0.00689034694122798,1.3424721284054
411,"56-65",0.0245176183492336,0.249385070067071
411,"66+",0.00779498661387686,2.38196771098992
412,"10-17",0.018660553032523,0.308299474912031
412,"18-30",-0.0157363717286054,0.341829390407698
412,"31-55",0.00665823748650934,1.5346356884003
412,"56-65",0.0182159274390277,0.635246974774583
412,"66+",0.0131558160737892,1.01632015946117
413,"10-17",0.00949698239231683,0.417978365690547
413,"18-30",-0.0147020867602549,-0.00854097767627593
413,"31-55",0.00615580755308709,1.58890477171226
413,"56-65",0.0248345010490311,1.03659220940122
413,"66+",0.00377337207521404,1.82764319073261
414,"10-17",0.014193031520163,0.658158931651209
414,"18-30",-0.00888025234311218,0.333797530654627
414,"31-55",0.00994785373761975,1.58575188104826
414,"56-65",0.0260985682114559,1.18190397586027
414,"66+",0.00699940304734264,2.4064937459321
415,"10-17",0.0201219190794814,0.117013690062243
415,"18-30",-0.010772984921824,0.207478105111251
415,"31-55",0.0110503666346043,1.39780497458044
415,"56-65",0.0333689512523963,-0.288916628622195
415,"66+",0.00585176489927171,1.59794877423737
416,"10-17",0.0175454342386487,0.410633792942003
416,"18-30",-0.0111752009949616,0.869366309924713
416,"31-55",0.00162664137764723,1.16331800844361
416,"56-65",0.0163125793824843,1.06566272327977
416,"66+",0.0143211469196369,2.2600691215355
417,"10-17",0.0184584526794769,0.837813753539902
417,"18-30",-0.0128619805299002,0.929706962570195
417,"31-55",0.00888545917112288,1.11509383296711
417,"56-65",0.0196028255998979,1.09355160459569
417,"66+",0.00739828307026387,2.32959999343235
418,"10-17",0.0221938057325656,0.962312179865768
418,"18-30",-0.018267922209377,0.75664735983429
418,"31-55",0.0102077649535716,1.74818385614684
418,"56-65",0.031962833422329,0.859362553036059
418,"66+",0.00559811679233255,1.99078544907574
419,"10-17",0.0105383671826219,0.105651683193411
419,"18-30",0.00646369005449532,0.683608386348027
419,"31-55",0.0121221101732681,1.49161723934458
419,"56-65",0.0246174322436246,0.342747995791985
419,"66+",0.00734777396049702,1.10109124201837
420,"10-17",0.0151811718534413,0.826748415814623
420,"18-30",-0.0120725583354953,0.884377439101328
420,"31-55",0.00296852808535725,1.53882463395785
420,"56-65",0.0318713425243537,1.57548567353477
420,"66+",0.00361772572887759,2.02503276058952
421,"10-17",0.0226341107277372,0.582896689762476
421,"18-30",-0.0109107736314935,0.227592460705242
421,"31-55",0.00395482078641152,1.01270358781824
421,"56-65",0.0378464582001599,0.710579036253103
421,"66+",0.00893921989118029,1.55833342624222
422,"10-17",0.0217594286035874,0.715482128804547
422,"18-30",-0.0133158642973153,0.341996466317969
422,"31-55",0.0104198120527269,1.41826580301009
422,"56-65",0.0329072719083579,0.997058762106224
422,"66+",0.0106920815200512,3.01869923180136
423,"10-17",0.0179553548048615,0.509425250282067
423,"18-30",-0.00808809455388432,0.394562851629479
423,"31-55",0.00896068998904548,1.21564305917069
423,"56-65",0.0212601840480151,0.663435638879498
423,"66+",0.00580350651937887,1.51772368217707
424,"10-17",0.0242503555760427,0.637830974408617
424,"18-30",-0.0185037499562297,0.338498378836665
424,"31-55",0.00694625169047486,1.49022767647589
424,"56-65",0.028501220742871,0.717866228802574
424,"66+",0.0051029539090072,-0.0227999846553999
425,"10-17",0.0109806174537365,0.837069121607205
425,"18-30",-0.0121963680291859,1.37417186079074
425,"31-55",0.0091304102182489,1.41149211259654
425,"56-65",0.0354620451162089,1.36550150793924
425,"66+",0.00688973033917641,2.51529278285905
426,"10-17",0.0201528576712677,0.476224066164199
426,"18-30",-0.00461942865209258,-0.0905163403377607
426,"31-55",0.0111030442309491,1.20721017174891
426,"56-65",0.0262839426535553,1.33264470846427
426,"66+",0.00640831514394283,2.73966109466454
427,"10-17",0.0203773626852972,0.60353375774747
427,"18-30",-0.008450753990351,0.388639805444303
427,"31-55",0.0124079956816384,1.81136540974728
427,"56-65",0.0278921715855286,1.35173673194357
427,"66+",0.00359095996031,1.93606296105567
428,"10-17",0.0190533539063023,0.58797165486085
428,"18-30",-0.013434159650726,0.243934633607404
428,"31-55",0.00876548292440621,1.32996695882801
428,"56-65",0.0312497660898775,0.738489960865127
428,"66+",0.00407467125697041,1.06877393702881
429,"10-17",0.0138219481065164,0.170492128282673
429,"18-30",-0.00804313386948963,0.108487513993936
429,"31-55",0.00468977065167797,0.890857143468677
429,"56-65",0.0280019480934297,0.163521791776118
429,"66+",0.000152089412951709,0.563260600310588
430,"10-17",0.0135570065038685,0.35607558902452
430,"18-30",-0.0175070826481082,0.327429307545751
430,"31-55",0.0045950228111149,1.49108993165969
430,"56-65",0.0269987002643393,0.324005932207719
430,"66+",0.00840709212869208,1.54456969101936
431,"10-17",0.0185314597709905,0.192424200386728
431,"18-30",-0.01773959180822,0.781511137651369
431,"31-55",0.00754741465068859,1.15955076819083
431,"56-65",0.0339750494541745,1.76051150768314
431,"66+",0.00534050714946943,2.19912861313942
432,"10-17",0.0135716991400164,0.454286596663932
432,"18-30",-0.00231192601121633,0.693668899005351
432,"31-55",0.00833845045217041,1.333326476577
432,"56-65",0.0356926335659076,0.906422085980543
432,"66+",0.00398417064919096,1.56479157515957
433,"10-17",0.0205132400786866,0.325974589386579
433,"18-30",-0.0172328348758056,0.480283409299169
433,"31-55",0.0120128925346111,1.38173227973014
433,"56-65",0.028092538773287,0.745823230537887
433,"66+",0.00630926102396333,1.57577584796503
434,"10-17",0.0234091956968535,0.359224540287028
434,"18-30",-0.0187785001836664,-0.0821495616336971
434,"31-55",0.008880265511712,1.64345045354433
434,"56-65",0.0357997206200528,0.757565630252882
434,"66+",0.00462315134798265,1.17895997846133
435,"10-17",0.0170014907243345,0.294901319824985
435,"18-30",-0.0153938412007504,0.717127740239437
435,"31-55",0.0138374410784338,1.2398014436674
435,"56-65",0.0277739783619348,0.629466425832442
435,"66+",-0.00030016390922942,1.50210600287501
436,"10-17",0.0216869941499957,0.413389153857868
436,"18-30",-0.0185952258740266,0.787869704191399
436,"31-55",0.00586632202022463,1.37651834897408
436,"56-65",0.031473640918241,1.05547634320406
436,"66+",0.0114555819926651,1.21672665095543
437,"10-17",0.0191950172665256,0.574075420237786
437,"18-30",-0.012499439732107,1.45476786242753
437,"31-55",0.0110553300521508,1.31248291751658
437,"56-65",0.0304567068602194,1.68381140568174
437,"66+",0.00501339947344233,2.33835804833832
438,"10-17",0.020107532423113,0.70881883644268
438,"18-30",-0.000713285123461249,0.238029409207567
438,"31-55",0.00805171127501109,1.68270030093302
438,"56-65",0.0344290375319878,0.780574054838777
438,"66+",0.00418720110684305,1.38773124430363
439,"10-17",0.0127007249265283,0.238199659226012
439,"18-30",-0.0112369582341407,0.236208124298932
439,"31-55",0.0056805503734117,1.27540842992192
439,"56-65",0.0327032085267081,1.11545788668481
439,"66+",0.00586474976829818,1.49818352057541
440,"10-17",0.0213041667760806,0.429986145106938
440,"18-30",-0.0117565551110398,-0.0936870439652857
440,"31-55",0.012623494610619,1.45021164134475
440,"56-65",0.0243747829187778,-0.14981462507723
440,"66+",0.00412685587120648,1.64220076994966
441,"10-17",0.0187265339821956,0.378063000362749
441,"18-30",-0.0130239353706053,0.568111643835026
441,"31-55",0.0127242843402999,1.06451039637686
441,"56-65",0.0328857479690842,1.99011520406249
441,"66+",0.00416932021194381,1.74938451064819
442,"10-17",0.0183562376280997,0.0641748426153743
442,"18-30",-0.0108113002980797,0.879768448552806
442,"31-55",0.00695586052256436,1.6035380007734
442,"56-65",0.0300630016422595,1.28708609052803
442,"66+",0.0047886463238065,0.629998080305221
443,"10-17",0.0123413783244886,0.609825750174386
443,"18-30",-0.018429305639297,0.389524307927692
443,"31-55",0.00957208712847241,1.02040570930345
443,"56-65",0.0405133845013088,1.3287373906555
443,"66+",0.00236773708483212,0.766837233282848
444,"10-17",0.0139362870144592,0.484403549108405
444,"18-30",-0.00315034056056512,0.766083074486309
444,"31-55",0.0105916474771532,1.5288521101229
444,"56-65",0.0348277632550176,0.0810023300820557
444,"66+",0.00642144091974267,2.41335305763815
445,"10-17",0.0220368198945833,0.850167320343783
445,"18-30",-0.0181196054351824,0.438179966965018
445,"31-55",0.00216769083617169,1.02800505877028
445,"56-65",0.0310358299374701,1.21232351200424
445,"66+",0.00543912988566238,1.46731472300652
446,"10-17",0.0206093589683057,0.775568125931522
446,"18-30",-0.00806096343235779,0.331594973925439
446,"31-55",0.0126779516970927,1.19105956508906
446,"56-65",0.0252980450624192,0.20064455668677
446,"66+",0.00314624851808405,1.78683134535379
447,"10-17",0.0140467967228547,0.818661373229308
447,"18-30",-0.000548265495945943,0.873006333819953
447,"31-55",0.00729889291220898,1.13597556003703
447,"56-65",0.0301418819580204,0.711238688022727
447,"66+",0.0104215575787679,2.33891753015308
448,"10-17",0.0123542838366764,0.332615274113225
448,"18-30",-0.0104314827908451,0.902880828482479
448,"31-55",0.0113480723282417,1.61940334650991
448,"56-65",0.0288609257021539,1.00822742202911
448,"66+",0.00857528820379652,2.10860151696267
449,"10-17",0.0171975476466839,0.587054551916291
449,"18-30",-0.00239563615750343,0.409012821072894
449,"31-55",0.0112368728491116,1.47712737795091
449,"56-65",0.0302691800492564,0.772509603685377
449,"66+",0.0108003859167522,1.39050392002468
450,"10-17",0.0179732533437074,0.624540538080068
450,"18-30",-0.00779651667359615,0.966503701474666
450,"31-55",0.00612833067442869,1.48876505518524
450,"56-65",0.0306217543514585,1.3968528361228
450,"66+",0.00591059240660716,1.71650411001212
451,"10-17",0.0227476834505066,0.859686629378218
451,"18-30",-0.0166866341846803,0.428809482207077
451,"31-55",0.00725257623757847,1.42790104558378
451,"56-65",0.0286489192028906,0.814711989929716
451,"66+",0.00774838562789788,2.22846442012353
452,"10-17",0.0151192947124118,0.0586640545874682
452,"18-30",-0.00887205495333471,1.45936474207691
452,"31-55",0.0109717604092412,1.6312289356769
452,"56-65",0.0427370958965309,1.75676665064317
452,"66+",0.00391949135863247,1.01790283183098
453,"10-17",0.0229607754888814,0.633871200781397
453,"18-30",-0.0135782247632071,-0.246269520189283
453,"31-55",0.0159967074481331,0.868550627985153
453,"56-65",0.0280242266324641,0.454713241060789
453,"66+",0.00816248956912678,1.91793094683745
454,"10-17",0.0165402179232827,0.418585792529752
454,"18-30",-0.00481726139325472,1.15722791817644
454,"31-55",0.00344765373466782,1.62352523425587
454,"56-65",0.0435615273978936,0.959473209347413
454,"66+",0.00944681247398346,2.035058677785
455,"10-17",0.021024401577694,0.964611847849613
455,"18-30",-0.0112445781971477,0.283728572073828
455,"31-55",0.00936003378326294,1.13833248273928
455,"56-65",0.027581520212693,0.950309362565596
455,"66+",0.00228614862208699,1.9331073334972
456,"10-17",0.0119827213420665,0.47831487022801
456,"18-30",-0.0122061271802494,1.1846390492686
456,"31-55",0.011199187444101,1.16129413919398
456,"56-65",0.0285470598765571,0.715918799977839
456,"66+",0.00935438827701326,1.2938968781029
457,"10-17",0.0175869806546982,0.880111282756443
457,"18-30",-0.00521724109012589,1.08489940672342
457,"31-55",0.0110277026728713,0.661457377704153
457,"56-65",0.018819283432522,0.755325958845178
457,"66+",0.00768726909793635,2.09746344222746
458,"10-17",0.0103109302341651,0.49398517363335
458,"18-30",-0.0232356367782166,0.312852613777688
458,"31-55",0.00857786870517552,1.13651645899495
458,"56-65",0.0360880974119063,0.0260165517378699
458,"66+",0.013361516556469,2.7649165305352
459,"10-17",0.0167221906218172,0.938730622914478
459,"18-30",-0.0100317082349326,-0.118380737686481
459,"31-55",0.00710594542172754,1.30113682213669
459,"56-65",0.0211235284782209,0.898618583842779
459,"66+",0.014601296047412,1.33646466075404
460,"10-17",0.0172752891351594,0.445862826703332
460,"18-30",-0.0063906592300354,0.541463590779987
460,"31-55",0.00681099490041848,1.82567786215345
460,"56-65",0.0301549316969193,0.774764599008561
460,"66+",0.00581444190565757,1.70264778494305
461,"10-17",0.0155577677035812,0.747781537611663
461,"18-30",-0.00994412476506945,0.687452100275614
461,"31-55",0.00377052211579154,1.92229898677421
461,"56-65",0.0312303307226711,0.733455204628916
461,"66+",0.00640542728259418,1.39828827121623
462,"10-17",0.0232536826182652,0.8920740499307
462,"18-30",-0.00376944403721197,0.952710706115656
462,"31-55",0.0155783427006298,1.2220093616613
462,"56-65",0.032861108663006,0.466686288197575
462,"66+",0.00423501036503614,2.23750830404185
463,"10-17",0.0187407966336819,0.634649000343164
463,"18-30",-0.00851571021847214,0.130364166159872
463,"31-55",0.00656504250725909,0.993184805739558
463,"56-65",0.0316362589155847,0.0514696846632905
463,"66+",0.0070473175994738,1.50664105554822
464,"10-17",0.0173300486839421,0.605296786487094
464,"18-30",-0.0118669701993386,-0.157168618626674
464,"31-55",0.0115825756415867,1.70518418851679
464,"56-65",0.026850341630272,0.877178013389955
464,"66+",0.00899251465909674,3.18450041065468
465,"10-17",0.0137108012381362,0.132077435130587
465,"18-30",-0.0138843663326155,0.201083053978762
465,"31-55",0.00817446863403676,1.02149798934052
465,"56-65",0.0252942762399052,1.34005976105389
465,"66+",0.00329829519205371,2.22206492536544
466,"10-17",0.0139303866411743,1.1911335732449
466,"18-30",-0.00382632893502255,0.342076182748819
466,"31-55",0.00862386109145591,1.45294188215884
466,"56-65",0.0224138198504757,1.43891795186556
466,"66+",0.00902421988492116,2.00701776982111
467,"10-17",0.0196748226922364,0.674239521219686
467,"18-30",-0.00298656054647389,0.44237042919422
467,"31-55",0.0129532856986149,1.58763569421424
467,"56-65",0.0204947379843732,0.586049578685019
467,"66+",0.00362712767406539,1.34762964451552
468,"10-17",0.0237038805192235,0.573823687536887
468,"18-30",-0.00750874266974061,0.0707575366797446
468,"31-55",0.0084056587934111,0.871636954888617
468,"56-65",0.0202830526319412,0.242742806414316
468,"66+",0.00426501280103631,1.00401900795771
469,"10-17",0.0105564417042976,0.718421658907761
469,"18-30",-0.00840365681370492,-0.423682171455768
469,"31-55",0.00829483233331574,1.38735884038605
469,"56-65",0.0330116975884034,1.34661182507283
469,"66+",0.0131359762948119,1.77762238128722
470,"10-17",0.020882843912939,0.448485721818633
470,"18-30",-0.00674887522086848,0.0955633685266619
470,"31-55",0.00981310238655114,1.27252785684389
470,"56-65",0.036594166464618,0.795991934450862
470,"66+",0.00584064543012754,1.86922037327155
471,"10-17",0.0240796902119382,0.420287568816258
471,"18-30",-0.019056581293282,0.577950048553491
471,"31-55",0.0071962570319532,1.92516169203082
471,"56-65",0.0288418604920844,1.20438444551183
471,"66+",-0.00418429781671273,1.709965545241
472,"10-17",0.0177669132025304,0.556261478836067
472,"18-30",-0.00503189948511845,0.405035651306363
472,"31-55",0.00825788233275532,0.878047922561773
472,"56-65",0.0280681865955186,1.52567834467065
472,"66+",-0.00150789051892045,1.75701507387577
473,"10-17",0.0242999358016726,0.791880819680899
473,"18-30",-0.010965227808479,0.457117367696402
473,"31-55",0.0108644991545832,1.1572790866996
473,"56-65",0.0273752018233701,1.31743907023766
473,"66+",0.00401266009969577,2.54288037785678
474,"10-17",0.017914992268719,0.450350049400355
474,"18-30",-0.00964049614192419,1.49079883365395
474,"31-55",0.00961186289854987,1.828887703431
474,"56-65",0.0371138410675303,1.57672321744695
474,"66+",0.00781676514300389,1.10360266997471
475,"10-17",0.0168264221361727,0.627328452896406
475,"18-30",-0.00722139147229883,0.868567615931418
475,"31-55",0.0107199431975921,1.86614235213529
475,"56-65",0.034424680782228,0.0583787123215949
475,"66+",0.0112811211139859,1.75643625211566
476,"10-17",0.0126381425501552,0.531562367819653
476,"18-30",-0.0076278062952661,-0.0125992341847336
476,"31-55",0.00814085662425723,1.44314342508947
476,"56-65",0.0326466557046288,1.16324095532599
476,"66+",0.0128510908702758,0.299405844768042
477,"10-17",0.0150853751469876,0.643949759275511
477,"18-30",-0.00420312107468918,0.852409925448118
477,"31-55",0.00818176827334399,1.30686512358737
477,"56-65",0.0338574926796456,0.384960295331936
477,"66+",0.014290046516003,2.46357914360664
478,"10-17",0.0181091932150891,0.60598639745811
478,"18-30",-0.00533454154284774,0.406039413485281
478,"31-55",0.00915502231288134,1.67898519829302
478,"56-65",0.0353264685919289,0.355986787889986
478,"66+",0.0128874685860281,2.67016096237317
479,"10-17",0.0212919810878561,0.731444230065661
479,"18-30",-0.0124007216934722,-0.0223676342570283
479,"31-55",0.00951956653393665,1.25089715932458
479,"56-65",0.0364519600266902,0.848807712447261
479,"66+",0.00888548931572794,1.54712009782665
480,"10-17",0.0257214682289897,0.413846441735511
480,"18-30",-0.0120642261651834,0.386372541845937
480,"31-55",0.00361167955745623,1.52603626477187
480,"56-65",0.0314611937677967,0.803200300192239
480,"66+",0.00356309906869853,1.57979231925782
481,"10-17",0.0210120508507718,0.704357744201994
481,"18-30",-0.0106923391833048,0.562836344106726
481,"31-55",0.00741283882259891,1.78414298504246
481,"56-65",0.0290295746665698,0.701322602100126
481,"66+",0.00752218600026558,0.17424328396979
482,"10-17",0.016630903410195,0.292784084422722
482,"18-30",-0.00672396811964548,0.826117614963124
482,"31-55",0.00670615283266451,1.57686413534996
482,"56-65",0.0276111241570608,0.169953749247858
482,"66+",0.00382360393762596,2.00506083653525
483,"10-17",0.017548103001031,0.632665722417485
483,"18-30",-0.0241370247906533,0.00779754556501366
483,"31-55",0.0100350548880425,1.26977156316689
483,"56-65",0.031583916907873,1.74797112932235
483,"66+",0.00529906158695682,2.09299310170253
484,"10-17",0.0264616586598785,0.227971711933729
484,"18-30",-0.00811147851496269,0.591631154182407
484,"31-55",0.0105289959348371,0.906127369997291
484,"56-65",0.033349484042782,1.03602979860472
484,"66+",0.00235877739934717,1.7154934143912
485,"10-17",0.027996942060953,0.380227886102469
485,"18-30",-0.0219119597138658,-0.27150362112485
485,"31-55",0.0152997980868899,1.68753453685982
485,"56-65",0.0167708662648532,0.054262273001072
485,"66+",0.00404008239038681,1.86635965380723
486,"10-17",0.0137632869100514,0.687285946070272
486,"18-30",-0.000679716957852683,1.05154935196541
486,"31-55",0.00712117697937126,1.47656746464363
486,"56-65",0.0323310862468463,0.460401660634584
486,"66+",0.00654010747266498,1.40584884802038
487,"10-17",0.0185073005228009,0.752595275603443
487,"18-30",-0.0119744865432663,-0.394793798583605
487,"31-55",0.0134906222206106,1.52265975760971
487,"56-65",0.0350462550084202,0.253734423114141
487,"66+",0.0039275854551916,1.69330356290658
488,"10-17",0.0237621917464496,0.390173039939239
488,"18-30",-0.0045250532717877,0.46208740663735
488,"31-55",0.0075732979340799,1.27889236488052
488,"56-65",0.0283885967975941,0.931146507582904
488,"66+",0.0113519193160355,3.59699664342017
489,"10-17",0.0145376290353909,0.740882691099763
489,"18-30",-0.00630561632848925,0.0898605203557015
489,"31-55",0.00318306140840519,1.29614183135606
489,"56-65",0.0282162547030047,0.0924693020203495
489,"66+",0.00998195531118824,3.13288514551035
490,"10-17",0.0120791324480217,0.571203640577566
490,"18-30",-0.00741295513715784,0.533951238012994
490,"31-55",0.0144224610803564,1.33145330229924
490,"56-65",0.0368921956749133,1.45074151478068
490,"66+",0.00750108775445389,1.95456131103305
491,"10-17",0.0201276859508623,0.58597276451627
491,"18-30",-0.0168311585145224,0.925598555513524
491,"31-55",0.0128324429618117,1.47081105170435
491,"56-65",0.0414356428951249,0.619381363012788
491,"66+",0.000882475269604027,2.03285005698233
492,"10-17",0.012441288878361,0.117253892355807
492,"18-30",-0.0071084005996141,0.423547815592986
492,"31-55",0.0139505185072402,1.50222200130041
492,"56-65",0.0335518065147218,0.897967081070242
492,"66+",0.00533250912830525,2.09106978154557
493,"10-17",0.0207442425167592,0.651438777236291
493,"18-30",-0.00328355575910189,0.6093315981395
493,"31-55",0.00769267223294939,1.54372605920348
493,"56-65",0.0358156678744998,0.417006850916973
493,"66+",0.00882332354501618,3.12072762330675
494,"10-17",0.0160255257295168,0.451319641615778
494,"18-30",-0.0152949209547212,0.669025195990104
494,"31-55",0.0110012948688945,1.3751489447666
494,"56-65",0.027328768407476,1.21107521145356
494,"66+",0.00639904628945771,1.88899133138534
495,"10-17",0.0154013994360002,0.588995288662983
495,"18-30",-0.0139514644382572,0.244048450676027
495,"31-55",0.0117976743348722,1.77586152734385
495,"56-65",0.0251094704355574,0.280202178294331
495,"66+",0.0073016931650761,2.66892880555801
496,"10-17",0.017371218558842,0.592912957079863
496,"18-30",-0.0140712691105074,-0.0135534647558977
496,"31-55",0.0111418598346023,0.825721917475986
496,"56-65",0.032095827583985,1.10962016918374
496,"66+",0.00362736446435528,0.894473247819732
497,"10-17",0.018723284029685,0.847095102353885
497,"18-30",-0.0119511360423639,-0.346524377982393
497,"31-55",0.00817963656729848,1.28227141521665
497,"56-65",0.0316415820778914,0.745115093592341
497,"66+",0.00432611747594536,1.19767507703635
498,"10-17",0.00990388828268113,0.697046664754186
498,"18-30",-0.0110945864337891,1.43165188704606
498,"31-55",0.0125843083751209,1.18762216945358
498,"56-65",0.040915255683323,0.730971589373979
498,"66+",0.0101914303122778,2.99477213014835
499,"10-17",0.0241453285801819,1.16935705783085
499,"18-30",-0.0107923641951495,0.17184931522984
499,"31-55",0.00488913154229714,1.23572231916561
499,"56-65",0.0286408256822374,1.13164094757729
499,"66+",0.00826997097849097,1.87215362056392
500,"10-17",0.0155687295022622,0.630891947254076
500,"18-30",-0.0075246789656811,0.937203825830002
500,"31-55",0.00979172519312282,1.15742179196231
500,"56-65",0.0247704411274592,0.666389213120087
500,"66+",0.00749482880957589,2.86780416514093
