"replicate","AgeGroup","dx","dy"
1,"10-17",0.01812729724762,0.962302491241468
1,"18-30",-0.00508438364177766,0.970561279701725
1,"31-55",0.00725011572801387,1.78040829678738
1,"56-65",0.0307569658170254,1.51920396954189
1,"66+",0.00630418789772605,3.90629358692667
2,"10-17",0.0101043639292128,0.797500144711054
2,"18-30",0.0109374327751401,0.71059476376373
2,"31-55",0.0132046437233002,1.18111668780861
2,"56-65",0.0214431910258115,1.05359988538733
2,"66+",0.0115427375408924,3.57639319923041
3,"10-17",0.0116389570674587,0.604284529336408
3,"18-30",0.00271421423552715,1.14882564197779
3,"31-55",0.00882906194597066,1.13780882590473
3,"56-65",0.0459158534672575,0.978903068461053
3,"66+",0.00365055106616244,3.31811908901498
4,"10-17",0.0286665052388195,0.899807586093834
4,"18-30",-0.0114005650108164,1.19794264590365
4,"31-55",0.0056139698306466,1.94235889545925
4,"56-65",0.0345693007237468,2.64467119511712
4,"66+",0.00788083102929854,3.67857455138925
5,"10-17",0.0126287056720603,0.392249785041028
5,"18-30",-0.00909349276176813,1.25027070567142
5,"31-55",0.00904718838632268,2.56421261125271
5,"56-65",0.04095786440492,2.14878920090916
5,"66+",0.0129571307948571,3.23285662366207
6,"10-17",0.0180604841663415,-0.337052652946065
6,"18-30",0.00141537885981402,0.0183076739695043
6,"31-55",0.00397737691098532,1.69134786869523
6,"56-65",0.0180715766432825,0.964422814809438
6,"66+",0.00906018131740648,3.23461287512719
7,"10-17",0.0102611578168875,0.153268654728372
7,"18-30",-0.00357081785531516,0.516192884932295
7,"31-55",0.00637313429856962,1.53785837938227
7,"56-65",0.0486330625567252,1.23268015579565
7,"66+",0.00963252481005181,3.48449844833331
8,"10-17",0.00566973479641691,0.273074093647631
8,"18-30",-0.00654786192753221,1.5194220765487
8,"31-55",0.00640526823572041,1.21344854368806
8,"56-65",0.0445302717297273,1.61587025055706
8,"66+",0.00999498066191158,2.36880542799404
9,"10-17",0.00779171136078649,0.196553496475576
9,"18-30",0.00609814535984099,1.21308735535309
9,"31-55",0.00256920846120318,0.889289925106754
9,"56-65",0.0317235572686674,1.10468080985463
9,"66+",0.00963652865579961,3.48437574225105
10,"10-17",0.0162791966053286,0.412114470908595
10,"18-30",-0.0224550473706178,0.435123043947481
10,"31-55",0.00294898316667191,1.14313950090081
10,"56-65",0.0332690935303898,1.37654529043247
10,"66+",0.0185367169901363,3.0629767293234
11,"10-17",0.0138000517209702,-0.0378861267016575
11,"18-30",-0.0021854904808255,0.696531416745815
11,"31-55",0.00925070293582569,1.64899218219
11,"56-65",0.0290155165516227,1.76430365682404
11,"66+",0.00755001249334562,3.24956512220974
12,"10-17",0.0148157001132673,0.587006164110258
12,"18-30",-0.00650797434640721,1.64062179642428
12,"31-55",-0.00111662836433951,1.34600580722274
12,"56-65",0.0384005980899894,2.35240936780432
12,"66+",0.0015083590244762,2.3937033346062
13,"10-17",0.00409289538554741,0.185611162901279
13,"18-30",-0.00814149521625729,1.30798367362857
13,"31-55",0.00989295913951205,1.3759044448942
13,"56-65",0.0401812442424564,0.922335885680294
13,"66+",0.0025969170523179,3.06738692196633
14,"10-17",0.023087926102723,0.123899607468527
14,"18-30",-0.0123683562455736,0.488513917561704
14,"31-55",0.00871565133536234,1.45492846683264
14,"56-65",0.0420437058106323,1.90430276148951
14,"66+",0.00507643882993605,3.4149449554311
15,"10-17",0.0187191042677334,0.605794885438402
15,"18-30",-0.00904923650634976,1.01807917085514
15,"31-55",0.00641336922433128,1.78755038952254
15,"56-65",0.0357296917592071,2.11092470041298
15,"66+",0.00876219583267483,2.96964588690612
16,"10-17",0.00684376254278513,0.122670726119255
16,"18-30",-0.00493882380591781,0.647405187372961
16,"31-55",0.0062188045806098,1.12478696428135
16,"56-65",0.0309863927997122,1.7143242449068
16,"66+",0.0132357331871926,2.51336373952061
17,"10-17",0.00805046463948261,0.792055346283553
17,"18-30",-0.0113997246359063,0.305296967172699
17,"31-55",0.00237677513460766,0.850027058999759
17,"56-65",0.0353076553155482,1.44252103584832
17,"66+",0.00456735650225296,2.00332756125835
18,"10-17",0.00666215659461789,0.572951243685428
18,"18-30",-0.0108327957365728,0.577678565779465
18,"31-55",0.00449716276579032,1.21467570825898
18,"56-65",0.0433884802091371,2.33538346740334
18,"66+",0.00712662545321736,1.83712984895439
19,"10-17",-0.00530789419427613,0.666277145237143
19,"18-30",-0.0131474551072134,0.752438828915393
19,"31-55",0.00846178888474264,2.33010590246161
19,"56-65",0.0464671500336171,1.73421930818525
19,"66+",0.00257229489209404,3.85093999003072
20,"10-17",0.019466418322518,0.423256492336289
20,"18-30",-0.00471706150318107,0.127109135281595
20,"31-55",0.010737950426729,1.21384995555433
20,"56-65",0.0463056094886298,1.08676924496687
20,"66+",0.0142978979192723,4.39619387425226
21,"10-17",0.0163697678984038,0.35287685083097
21,"18-30",-0.00319998491125317,0.0624358965521203
21,"31-55",0.00936360499300487,1.00179257062382
21,"56-65",0.0231341349075051,1.15010725866719
21,"66+",0.00809845375642833,3.50246065054351
22,"10-17",0.0145505672710307,0.649934439986818
22,"18-30",-0.0020962892575544,0.856357184665749
22,"31-55",0.00859483640490621,1.18234857808255
22,"56-65",0.0404733460337088,0.937074584884732
22,"66+",-0.00201581231446583,2.2790782155761
23,"10-17",0.0130420297417634,0.487041327770244
23,"18-30",-0.0103928256675337,-0.437742166078634
23,"31-55",-0.00153931388366108,1.09626336301307
23,"56-65",0.0357025404105098,2.80630388163613
23,"66+",0.00636579057763478,2.66229242586524
24,"10-17",0.00800032891924268,0.897042922135759
24,"18-30",0.000524789905976764,0.143822084747159
24,"31-55",0.00834193195275862,0.595896550553407
24,"56-65",0.0259765152096988,1.73778373125215
24,"66+",0.00377269388503239,3.77067226459421
25,"10-17",0.0194188069470207,0.388161372976629
25,"18-30",-0.00789904484228604,-0.19732139650867
25,"31-55",0.015368772487232,0.699504245342624
25,"56-65",0.0224472576417493,1.52142659612777
25,"66+",0.00846830511149328,3.39202526608627
26,"10-17",0.0193483900632762,0.223625768984166
26,"18-30",-0.0234985050956648,0.227638464646915
26,"31-55",0.00866728773716169,0.99858358259843
26,"56-65",0.0441639965942369,2.63783132897102
26,"66+",0.0011505426812488,1.58179632113508
27,"10-17",0.00688440550644387,0.374304503943574
27,"18-30",-0.0147367339843553,0.619439271811039
27,"31-55",0.00601771355580932,1.22736686407289
27,"56-65",0.0347682254895188,1.68497614579084
27,"66+",0.0108389212939885,3.06174753013591
28,"10-17",0.0105791313029721,0.651023241298784
28,"18-30",-0.0110291583091617,1.35719676543403
28,"31-55",0.00337662124780486,1.20855958720188
28,"56-65",0.0307643429894192,2.64694780757059
28,"66+",0.00149909547377412,1.66692732399667
29,"10-17",0.00796685768782701,0.758788414879753
29,"18-30",0.00738570764158175,0.352385655980413
29,"31-55",0.00834499428460667,1.32770353267132
29,"56-65",0.0321914925297549,3.00946025372521
29,"66+",0.00230566268485102,3.33065147804738
30,"10-17",0.0218571890384686,0.706251750120064
30,"18-30",-0.0083127035572233,0.339301364055515
30,"31-55",0.00907612596758417,1.1707515798197
30,"56-65",0.0295581201844384,1.28480214027734
30,"66+",-0.000718135658608815,1.66523132271292
31,"10-17",0.0193718787228253,-0.00616052746944362
31,"18-30",0.0024380257136154,0.727721399156009
31,"31-55",0.00580902271683775,1.25872722464556
31,"56-65",0.0195382742441121,1.71354534560828
31,"66+",0.00345240473754532,2.10731758633767
32,"10-17",0.0216334050202003,0.150926666682973
32,"18-30",-0.0116755749377962,0.556988343350945
32,"31-55",0.0053118787561105,1.17558145047519
32,"56-65",0.0272080179771333,1.17582175757178
32,"66+",0.00886769283357658,2.18763500804205
33,"10-17",0.0208362746852241,0.536764714588849
33,"18-30",-0.0116832172632506,2.10558342143198
33,"31-55",0.00520990741301613,0.658660008785702
33,"56-65",0.0197828080316941,2.25641900041999
33,"66+",0.0110131871204832,2.63914184415009
34,"10-17",0.011857601676828,-0.484328786676085
34,"18-30",-0.00210316394312549,1.30985161432639
34,"31-55",0.00897467766506371,1.55009426478623
34,"56-65",0.030704854389064,1.21155567738369
34,"66+",0.00614402025689857,2.90406794352909
35,"10-17",0.00958294751111988,0.153119755751226
35,"18-30",-0.00300117418124024,0.384256171105775
35,"31-55",0.000139428825455923,1.48178539184074
35,"56-65",0.0416293668049908,1.89715368552072
35,"66+",9.38391335246896e-05,2.49171421700957
36,"10-17",0.0147783380089738,0.584299855640649
36,"18-30",-0.0145007933377658,0.0148209077024894
36,"31-55",0.00249727001539163,1.2694624657311
36,"56-65",0.034368943916898,1.07434015219798
36,"66+",0.00623973640300605,3.43937614754112
37,"10-17",0.00656369268078028,0.384337770973154
37,"18-30",-0.00552209505278611,0.526312651500632
37,"31-55",0.00498127788009367,1.49620316860416
37,"56-65",0.0378120908316494,1.11210452688932
37,"66+",0.0063344658339607,2.45188411652659
38,"10-17",0.0173474670358191,-0.162865929844175
38,"18-30",0.00174978243229024,1.6195746999971
38,"31-55",0.00565222073287058,0.991732026007298
38,"56-65",0.0429711503770514,1.10466792781819
38,"66+",-0.00163589143624257,2.62136586062943
39,"10-17",0.0168734875669841,0.266912895533139
39,"18-30",-0.000845197041507539,1.36895555644611
39,"31-55",0.00538805429440137,1.11254754963951
39,"56-65",0.0359487692921656,1.75883051917273
39,"66+",0.00363529279355505,3.25950335072131
40,"10-17",0.016917672792546,0.0781941379506028
40,"18-30",-0.00380172959014347,1.20098892304601
40,"31-55",0.00349376956226455,1.46339911155149
40,"56-65",0.0359885935653006,0.735712211480511
40,"66+",0.00944983244503543,1.82387062991475
41,"10-17",0.00525580912013357,0.362160456908303
41,"18-30",-0.00770946907856263,0.979160263931439
41,"31-55",0.0115673101936852,1.32554440032037
41,"56-65",0.0511928182172612,1.68175929593149
41,"66+",0.00696787031058485,4.00476899867412
42,"10-17",0.00728008279725634,1.23028971810508
42,"18-30",-0.00810579365617187,0.145319614427132
42,"31-55",0.00839211338007428,1.2923684521124
42,"56-65",0.039363986367984,1.32676898296763
42,"66+",0.0130535384109309,2.25313109430535
43,"10-17",0.0178416104346508,0.435222809147079
43,"18-30",-0.00395470410972343,1.37082838477548
43,"31-55",0.00681250604723099,1.34706225344486
43,"56-65",0.0254438431954305,1.59579534332353
43,"66+",0.00267839114500158,3.45814277651765
44,"10-17",0.0252836340773966,-0.140645355714601
44,"18-30",0.00626004193161261,1.53211787908275
44,"31-55",-0.00160651890328695,1.27395259514445
44,"56-65",0.0285653402544602,0.491835817719592
44,"66+",0.0116607793040601,1.34022690884997
45,"10-17",0.0116150434086126,0.718272479414668
45,"18-30",-0.0035683134885488,1.05710794384655
45,"31-55",0.00666797735459118,0.889628114138796
45,"56-65",0.0405360196483103,1.86821674560693
45,"66+",0.00177953756482027,2.41948622584226
46,"10-17",0.0119692829258875,0.289483952596675
46,"18-30",-0.0112980553158556,1.25336637137512
46,"31-55",0.00553009911849511,0.615080327770759
46,"56-65",0.0311984019873136,1.60985319458083
46,"66+",0.00799393862424075,3.79936976222339
47,"10-17",0.0166002084986624,0.190543287653789
47,"18-30",-0.00664079768713677,0.518570708960869
47,"31-55",0.00642519882681347,1.27523643963602
47,"56-65",0.0347121820942376,1.52995547280808
47,"66+",0.0110819234110503,2.7829693929242
48,"10-17",0.0217748783827069,0.704570495601714
48,"18-30",-0.0207076590519515,0.967697678892476
48,"31-55",-0.00264491385630927,1.13842955835132
48,"56-65",0.0346855288237342,2.15578558126154
48,"66+",0.00346754107262108,3.97492818709508
49,"10-17",0.0152913393270555,-0.300643503278982
49,"18-30",-0.00675361185304113,0.576720115729128
49,"31-55",0.0056934620142744,1.18336227867714
49,"56-65",0.034533334291904,1.83382494371144
49,"66+",0.0122021547519389,1.26794445497727
50,"10-17",0.0240562751953351,0.308979261217496
50,"18-30",-0.0122982790152777,-0.112580716444697
50,"31-55",0.0128465596171242,0.877697039046391
50,"56-65",0.0279789136684374,1.73486879506237
50,"66+",0.00808924377210234,1.9747389536118
51,"10-17",0.00765378740464473,0.401672679497265
51,"18-30",-0.01505950850522,0.0136332361469051
51,"31-55",0.0092599158776091,1.15735079108488
51,"56-65",0.041610710703136,1.63920770412828
51,"66+",0.00932598479801329,2.14222787956759
52,"10-17",0.00580908751190801,0.38714070320263
52,"18-30",-0.00140439736531417,-0.263213728319663
52,"31-55",0.00533117228222263,1.19779298447087
52,"56-65",0.0283546323587478,2.00176790671457
52,"66+",0.0135391547842482,3.07402603541817
53,"10-17",0.0173261537555486,0.695076645977792
53,"18-30",-0.00578493964291271,1.22857592130805
53,"31-55",0.00159537892377076,0.69776952953467
53,"56-65",0.0378254535577681,1.08642042967367
53,"66+",0.00754406194895417,2.75166017043253
54,"10-17",0.0151190360258837,0.219895261518584
54,"18-30",-0.0126649523343798,0.233715771150109
54,"31-55",0.00775593459611873,0.7487013933351
54,"56-65",0.0332900913929733,0.520216582136442
54,"66+",0.0120293757183299,3.13786532474081
55,"10-17",0.0164730683969159,0.214065544923683
55,"18-30",-0.00336892934423061,0.894281101446488
55,"31-55",0.0050572886764641,1.84978626779158
55,"56-65",0.0345983665854911,0.762564956726081
55,"66+",0.00848878940214544,3.36677086134711
56,"10-17",0.0110706835753989,0.497857697098057
56,"18-30",-0.00944893549705356,1.14253123881351
56,"31-55",0.00574381632447207,1.29756492842345
56,"56-65",0.0354246475783455,1.06026087363564
56,"66+",-0.00381333142107299,2.88639513422832
57,"10-17",0.0284784738812254,0.300191339272941
57,"18-30",-0.0148811242322391,0.291572251925848
57,"31-55",0.0115797666128792,1.37778494459625
57,"56-65",0.0341885194042201,1.18458613116398
57,"66+",0.0120088515013667,4.78061236526411
58,"10-17",0.015489206747572,0.00853396550196273
58,"18-30",-0.00169231040448992,0.925315075863033
58,"31-55",-0.00148598488712531,1.16401066309578
58,"56-65",0.031157027766073,2.2051893265622
58,"66+",0.002031106969744,2.75450209664687
59,"10-17",0.0133410138164907,0.37720652244873
59,"18-30",-0.00578101102069989,1.07274556373599
59,"31-55",0.00675897858880725,1.77965761479073
59,"56-65",0.0273091121500539,1.38743472104149
59,"66+",0.00664605706357027,2.8740901384011
60,"10-17",0.0142568787449155,0.435237152502057
60,"18-30",-0.00602476424455689,0.374406160612352
60,"31-55",0.0121720661423481,1.15070102158798
60,"56-65",0.0348129330463597,1.23251204385602
60,"66+",0.00974903748737854,1.75299494566424
61,"10-17",0.0152329770692167,0.6018291925723
61,"18-30",0.00116222762850221,0.749666536713953
61,"31-55",0.0101749365693419,1.7459376329544
61,"56-65",0.0389586977226389,1.8443222955325
61,"66+",0.0123473920523093,1.39175318159715
62,"10-17",0.013274049818941,0.308201464733088
62,"18-30",0.0161724563146212,0.147156045412647
62,"31-55",0.00402255569718957,1.08388537368124
62,"56-65",0.0439358406152806,1.58178062105975
62,"66+",0.0109330963156763,2.6410588160185
63,"10-17",0.023389346488495,0.331923848215646
63,"18-30",-0.00694392967761254,0.675500082468695
63,"31-55",0.00769795148535507,0.831218279810045
63,"56-65",0.0214943749628467,0.589903931107401
63,"66+",0.00451557907812712,2.50456706521914
64,"10-17",0.0149271681400357,0.360342459634581
64,"18-30",0.00407870648699055,1.2339576030276
64,"31-55",0.0059689017726981,1.68074155915765
64,"56-65",0.0410132964521638,1.77626973186211
64,"66+",0.00461628095123162,2.84367651253168
65,"10-17",0.0112483737511033,0.181878033911932
65,"18-30",-0.0164903600633149,-0.227443603587796
65,"31-55",0.00370941938099739,1.01232978662012
65,"56-65",0.0250659219411782,1.46510180847449
65,"66+",0.012760489925751,2.62833717381375
66,"10-17",0.0201113253999767,0.428931681037006
66,"18-30",-0.0143981843721461,0.869301201826966
66,"31-55",0.00612192841969322,1.57932639692799
66,"56-65",0.0348499044041909,2.25280525093101
66,"66+",0.00718050467258151,2.53231382597215
67,"10-17",0.00150397532457663,0.39841255531681
67,"18-30",0.00185460455454828,0.516997127511061
67,"31-55",0.0101507004076064,0.894754188372515
67,"56-65",0.0329876230963133,1.41468391755515
67,"66+",0.00727119745381374,1.99568697145997
68,"10-17",0.0136395498517696,0.408412655494614
68,"18-30",0.0120404737063767,0.680905711648073
68,"31-55",0.000253624389327745,1.32510978789458
68,"56-65",0.043685226204019,2.38234957340204
68,"66+",0.00677477807431373,2.90123820290454
69,"10-17",0.0069049673069006,0.32509408104915
69,"18-30",-0.00673971047219035,1.3880295890536
69,"31-55",0.0146286687304834,1.01063537531373
69,"56-65",0.0286720719026088,1.72883583477116
69,"66+",0.00747690483050718,2.7806128782825
70,"10-17",0.0121058763369876,-0.0124121219084445
70,"18-30",-0.0083505890779188,1.01146597558295
70,"31-55",0.00736529992528762,1.2982846087451
70,"56-65",0.0456805578778078,2.18769501369156
70,"66+",0.00617304495217139,3.33954055362529
71,"10-17",0.00720292644426312,0.535183792009156
71,"18-30",-0.00344424643384678,-0.0986363614712094
71,"31-55",0.00702271312108321,1.04141404653284
71,"56-65",0.0435872480098248,1.75240198927441
71,"66+",0.00600364690802098,3.00392568712453
72,"10-17",0.00941190947718584,0.535838954528002
72,"18-30",-0.00019107293019166,0.598455294861445
72,"31-55",0.00289085921014992,1.15763145941814
72,"56-65",0.0341010075473097,1.63613068076702
72,"66+",0.0152060114391193,2.4603030977202
73,"10-17",0.0181590766629924,0.727937761917802
73,"18-30",-0.0097949445425547,1.38361922999605
73,"31-55",0.0079511244003756,1.45602385750853
73,"56-65",0.0417645397929896,0.917595286750796
73,"66+",0.0120070251969455,1.33870474809534
74,"10-17",0.0206124986341779,-0.00868437165978708
74,"18-30",-0.0135013854590009,0.338274323701
74,"31-55",0.0133990952571166,1.7527554719158
74,"56-65",0.0322461173663966,1.57513498491546
74,"66+",0.00730979107692707,1.8355578039852
75,"10-17",0.0142275669136384,0.909687285849647
75,"18-30",-0.0204681141648355,0.772487283672751
75,"31-55",0.0069454388527177,1.19252456756997
75,"56-65",0.0313468506802092,1.49813985161955
75,"66+",0.00821271114059503,2.46826438882973
76,"10-17",0.0174636810594476,0.22830723833611
76,"18-30",-0.0120102487625133,1.43902166963494
76,"31-55",0.00578824635674469,1.86719199461672
76,"56-65",0.045649870874908,2.31554546135958
76,"66+",0.0108763666891625,1.83180790882243
77,"10-17",0.0188977690810124,-0.223213295884866
77,"18-30",-0.0144054304935186,1.69559088173354
77,"31-55",-0.000134254553782909,1.5036574283706
77,"56-65",0.0314427406193215,2.26144508241865
77,"66+",0.00497612634135808,2.71007647023289
78,"10-17",0.0159709607534672,-0.13477308037668
78,"18-30",0.000310548861406468,1.04281508479007
78,"31-55",0.00961004498483981,1.29180744700596
78,"56-65",0.0344484683849941,0.622749166321965
78,"66+",0.0075035282155035,2.18429553000473
79,"10-17",0.0175456814447497,0.0846220677554408
79,"18-30",-0.0192638037249294,1.89612965445699
79,"31-55",0.00138271328982897,1.77454328327563
79,"56-65",0.041450844271366,0.578812831697569
79,"66+",0.00568677615053298,3.21927665488963
80,"10-17",0.0169191438482327,0.324758864901011
80,"18-30",-0.00491598780861791,1.90080460589724
80,"31-55",0.0059133326174014,1.17227123925651
80,"56-65",0.0347203824451217,1.79446046970519
80,"66+",0.00822379306710802,3.42288827527213
81,"10-17",0.0109723913764754,0.325032689967792
81,"18-30",-0.00200060856630141,-0.0212150316960127
81,"31-55",0.000845890778876646,1.6541159223682
81,"56-65",0.0337764530877561,0.728457703272309
81,"66+",0.008579493773747,3.74034796222326
82,"10-17",0.0200466247513536,0.622117723995726
82,"18-30",-0.0219304346944123,1.76206055030142
82,"31-55",0.00262517249762895,1.34597527337939
82,"56-65",0.0360214030231028,1.70591652080722
82,"66+",0.00106112637487416,3.73498244252956
83,"10-17",0.0222272804193036,0.368716086360683
83,"18-30",0.0103330325733852,0.174001266700303
83,"31-55",0.00903616026645371,1.75095339617292
83,"56-65",0.054308046997093,2.61005406402715
83,"66+",0.00524941258084624,3.45919527645448
84,"10-17",0.0257344204798771,-0.230970846698418
84,"18-30",-0.00502365529677828,0.938169001635108
84,"31-55",0.00599907273749084,0.899267580817405
84,"56-65",0.0338617768646,2.03942592471614
84,"66+",0.00307477716749055,1.65845102588916
85,"10-17",0.0207752512413751,0.359603389313433
85,"18-30",0.00308757184137604,0.371701917334574
85,"31-55",0.00203091009427731,1.47370138952182
85,"56-65",0.0314683142724522,1.1328529084259
85,"66+",0.00113373515772019,1.5418620944333
86,"10-17",0.0219736972419513,1.15642069531294
86,"18-30",-0.00549646733368803,-0.140640816786339
86,"31-55",0.0122174113451203,1.25434867871437
86,"56-65",0.0517636234940247,1.51681955362608
86,"66+",0.00404140740470378,4.25244460174304
87,"10-17",0.00687026527690909,0.436103439739407
87,"18-30",0.0011455186725039,0.288377157049181
87,"31-55",0.00529203644118104,1.11507754117451
87,"56-65",0.0404538178473015,1.98472338658155
87,"66+",0.00409817640024941,2.46179933367347
88,"10-17",0.0121301434656986,0.526793459499141
88,"18-30",-0.0172125973746379,1.54732800783359
88,"31-55",0.0169006722751924,1.47638640210867
88,"56-65",0.0381517112742094,1.67044423094855
88,"66+",0.00756673275615606,4.54794703858218
89,"10-17",0.0220456362784808,0.171294537754361
89,"18-30",0.00107933892566092,1.34609987892054
89,"31-55",0.00613684483125593,1.38738893767523
89,"56-65",0.049848332906397,1.95161061954728
89,"66+",0.00908537021677619,3.02008901581612
90,"10-17",0.0115360471965992,0.46785398047884
90,"18-30",-0.0202583629581662,1.85500794525695
90,"31-55",0.00628417338034232,1.37265340968062
90,"56-65",0.0343785610214037,2.29488707895577
90,"66+",0.00869077432810782,1.97262748030412
91,"10-17",0.0275189782164836,0.806064176898727
91,"18-30",-0.00698756941811535,1.2038704216292
91,"31-55",0.00463739443660516,1.46927440216112
91,"56-65",0.037989052854645,2.06392487755939
91,"66+",0.0109593156497707,3.26285844621499
92,"10-17",0.0189054114214636,0.10493527994351
92,"18-30",-0.0112335954679229,0.626499765498826
92,"31-55",0.0047480677642433,1.07757915731927
92,"56-65",0.0348725319139654,1.22229990554786
92,"66+",0.0126679590243958,3.57418479402215
93,"10-17",0.0107929577394276,0.902518182213335
93,"18-30",-0.00727413323908938,-0.484999621500473
93,"31-55",0.00570416278981617,1.58076382928127
93,"56-65",0.04371714048567,1.5575937702817
93,"66+",0.00555377062926007,1.94919974504914
94,"10-17",0.02272275738959,0.661506424343891
94,"18-30",-0.0159173129146677,1.14571375956329
94,"31-55",0.0118201180777679,1.43387423436104
94,"56-65",0.0310067434345369,1.66873317408315
94,"66+",0.00230830714840441,2.51784467988151
95,"10-17",0.0238699195881431,1.03199130018637
95,"18-30",-0.0150529284395926,0.857962098694326
95,"31-55",0.0011321528012071,1.47917043222569
95,"56-65",0.0391344490038202,0.630922571717608
95,"66+",0.00765560789615465,1.80800093667716
96,"10-17",0.0299150913554667,0.567847770759081
96,"18-30",-0.00727874312496191,1.0660440049369
96,"31-55",0.00783881059331049,1.17397492531562
96,"56-65",0.0370846815302788,1.87215546194017
96,"66+",0.00669347369042542,3.091667716756
97,"10-17",0.0132199442761216,0.144501137590837
97,"18-30",-0.0125715805232416,0.907561220892864
97,"31-55",0.0103545005938722,1.7006336749734
97,"56-65",0.0382889068280146,1.59222703074886
97,"66+",-0.000689333021407598,4.4884800224856
98,"10-17",0.000313244263525747,-0.0211253739524357
98,"18-30",-0.000426174407281488,1.69870777378605
98,"31-55",0.00484602706062126,1.89314281517716
98,"56-65",0.0425468618720768,1.41938399884821
98,"66+",0.0105481059201367,1.06955107327252
99,"10-17",0.0138468633373922,0.46846691560866
99,"18-30",-0.000362313934633152,1.14695357683573
99,"31-55",0.0127492260128612,1.51941954402258
99,"56-65",0.0310066044635838,2.36738820727084
99,"66+",0.0045674358908632,3.54139962500838
100,"10-17",0.00167467845728697,-0.0642759029788733
100,"18-30",-0.00258875132421033,0.0567499158544926
100,"31-55",0.00936687689013677,1.46866497247352
100,"56-65",0.0397009313020071,1.35301235771293
100,"66+",0.00962215091007215,4.0665864275887
101,"10-17",0.0096804049883511,0.228912054762001
101,"18-30",0.00404586851886762,1.29137093861879
101,"31-55",0.00983218653849738,2.45205424130816
101,"56-65",0.0411214371649184,1.50074535396526
101,"66+",0.00702353568433113,1.77753372348493
102,"10-17",0.0151044024396126,0.699750668169481
102,"18-30",0.00347463551988747,0.966519709800341
102,"31-55",0.00631152450408251,1.33886704147072
102,"56-65",0.0367590849245648,2.25767931611219
102,"66+",0.00211235626599768,3.06550492851234
103,"10-17",0.0172103069199415,0.409045548738537
103,"18-30",-0.00586268969326681,0.718104717462925
103,"31-55",-0.00375807890470625,1.67248830238217
103,"56-65",0.0398395234129288,1.10639152965509
103,"66+",0.0118419296760626,1.99738364726086
104,"10-17",0.0134889248176362,0.56940459684247
104,"18-30",0.00273278158139201,1.98368597491416
104,"31-55",0.0104640127593403,1.61947376048965
104,"56-65",0.0380941239186307,2.41268559590486
104,"66+",0.00621970902669973,2.88546829746674
105,"10-17",0.0148641489126496,0.649806777569371
105,"18-30",-0.00382403718667246,0.603760357052296
105,"31-55",0.00347743580099669,2.15377967030781
105,"56-65",0.0349188775436773,2.01466181948661
105,"66+",0.00386875823763207,2.59023885898682
106,"10-17",0.0184590575206375,0.165101897617853
106,"18-30",-0.00596205031227853,1.20893753808406
106,"31-55",0.0113585298906151,1.85287532627413
106,"56-65",0.0360402415547321,1.64332874741248
106,"66+",0.00377196454509175,2.37227310613708
107,"10-17",0.025146375089059,0.283322628674219
107,"18-30",-0.00204870477147723,0.291849978633721
107,"31-55",0.00197087044701133,1.05893704265638
107,"56-65",0.0535187464119131,1.74431486859844
107,"66+",0.00342878977529135,3.41314364848779
108,"10-17",0.00913504645908314,0.230117848191533
108,"18-30",-0.0153009920353504,0.803978121034518
108,"31-55",0.00133186561930765,1.27445823988083
108,"56-65",0.0443119122496805,1.08486549718096
108,"66+",0.0102367796283272,4.17788883885816
109,"10-17",0.012975480886951,0.462494547264316
109,"18-30",-0.0119546595643383,1.05416843698884
109,"31-55",0.00517694767616861,1.4641978715568
109,"56-65",0.0322513554889538,1.04300867641986
109,"66+",0.00427686884062373,2.05841587941238
110,"10-17",0.0117207379381276,0.259465278008529
110,"18-30",0.000634640120636132,0.054428762565232
110,"31-55",-0.000421360113392888,1.45680620264912
110,"56-65",0.0326705882068596,1.82213200407395
110,"66+",-0.00136607429278926,1.75722885971606
111,"10-17",0.0072997032030081,-0.391268051841248
111,"18-30",0.00567822016469538,-0.397581135694898
111,"31-55",0.00355320761456601,1.39995357375887
111,"56-65",0.0301961639560014,1.95244369759375
111,"66+",0.00960016431200844,4.09229454304655
112,"10-17",0.0190471947583402,0.232250766407372
112,"18-30",-0.0214656663849004,1.13693152754559
112,"31-55",0.00867151134344774,1.83173689081532
112,"56-65",0.0332039112735822,1.90023113673743
112,"66+",0.00450892171640456,2.71501902384724
113,"10-17",0.00128456757875439,0.281794400080163
113,"18-30",-0.00863409546112925,0.668568030304742
113,"31-55",0.00789784277691447,1.51105024546136
113,"56-65",0.0387250759216591,1.20302542567228
113,"66+",0.00691262823677165,3.58237090181078
114,"10-17",0.0174313932652577,0.752875736752066
114,"18-30",-0.0217122466008641,1.49143393515331
114,"31-55",0.0108806449805492,1.8321397884063
114,"56-65",0.0394956778173461,2.0997775080813
114,"66+",0.0167759465934525,4.60436787958659
115,"10-17",0.0108890009423637,-0.025786796602131
115,"18-30",-0.0212650807855747,1.57739778255435
115,"31-55",0.00436894511820357,1.19514711171428
115,"56-65",0.0460192061481547,1.97430531938093
115,"66+",0.0137610939160192,2.52122463273001
116,"10-17",0.0128576799690582,0.360691989697374
116,"18-30",-0.0041136150617706,1.11933364207265
116,"31-55",0.000577036748397819,1.47486110358272
116,"56-65",0.0335440676721255,3.07128471441631
116,"66+",0.00528053883995319,2.23460605251507
117,"10-17",0.0185417040732884,0.325550649073016
117,"18-30",-0.0107874689987272,0.673534512562528
117,"31-55",0.00783135288395814,1.78083800840614
117,"56-65",0.0385092718155558,2.17700563305378
117,"66+",0.0118052697620584,1.50250119797053
118,"10-17",0.00293178217187318,0.899396464429345
118,"18-30",-0.00944656074482458,1.92949270792054
118,"31-55",0.00947633270925408,1.73493897211919
118,"56-65",0.0395053739879391,1.82554154680986
118,"66+",0.00969317575149724,0.880633317276038
119,"10-17",0.00714134847035769,0.51924239154575
119,"18-30",-0.0081230811614329,-0.199112005336728
119,"31-55",0.00570160098547423,1.33537885814379
119,"56-65",0.0228756654112417,1.28764307915241
119,"66+",0.0116300662817911,2.86372489698309
120,"10-17",0.00435692600454701,0.696612983315601
120,"18-30",-0.0117284870825293,0.505606506349906
120,"31-55",0.00719712954547147,0.74507161196855
120,"56-65",0.0257515637758408,1.65881949395144
120,"66+",0.0153272087951833,3.03684001703039
121,"10-17",0.0179772807597893,-0.121918804833659
121,"18-30",-0.00952090696716051,1.26889705117101
121,"31-55",0.00872823252360927,1.17339329455329
121,"56-65",0.0331544560639822,2.09378071396045
121,"66+",0.00874829264583386,3.98137853459
122,"10-17",0.0125332234327025,0.643422530081541
122,"18-30",-0.0179178225604258,1.73036773548175
122,"31-55",0.00457453536476132,1.62434840479386
122,"56-65",0.0346464386693491,1.79753631502594
122,"66+",0.0069873111734578,2.30674525488645
123,"10-17",0.0193643392867019,0.593721184099588
123,"18-30",-0.000860168379354653,0.693822288601874
123,"31-55",0.00403031155996675,1.06360465717775
123,"56-65",0.0423880692840078,1.74471900258295
123,"66+",0.00978957125307164,1.97531580207854
124,"10-17",0.015434700714418,1.13338056782181
124,"18-30",-0.00595512303895418,1.63871659490264
124,"31-55",0.00167756234008354,1.22443236641825
124,"56-65",0.0232260562613765,1.36343533909609
124,"66+",0.00443344245832721,2.01026599914759
125,"10-17",0.018959251647649,0.092844871905295
125,"18-30",-0.00731924943990087,0.447914697773184
125,"31-55",0.00838878423663314,1.51679468617752
125,"56-65",0.0406373201727839,2.32704361349331
125,"66+",0.0131631506079917,1.32625774057061
126,"10-17",0.0155287715010277,0.790641405091332
126,"18-30",-0.0146306632358807,1.04785640248133
126,"31-55",0.00499981948129785,1.2765104945694
126,"56-65",0.0301936342050709,1.81500932762402
126,"66+",0.0117086771830025,2.4067072880837
127,"10-17",0.00969556872799443,1.0462644198469
127,"18-30",-0.00469368987518304,0.467618047264514
127,"31-55",0.0036620159093908,1.37116618703997
127,"56-65",0.0375246099009983,0.605167932085459
127,"66+",0.00887867085929869,4.26728811350222
128,"10-17",0.00329130879604117,0.00412957386261414
128,"18-30",-0.00178733900810568,1.15407608691404
128,"31-55",0.00782047388532364,1.65093272476099
128,"56-65",0.0476766670875143,1.66340706842609
128,"66+",0.00332280468433557,2.60019859593392
129,"10-17",0.0187808801307658,0.0903039595579216
129,"18-30",0.0114990177932453,0.703305150899155
129,"31-55",0.00967848265505461,1.61362567263225
129,"56-65",0.0334035395943612,1.8716193803586
129,"66+",0.00695635306786167,3.80130345495314
130,"10-17",0.00779274100781491,0.0952004035483132
130,"18-30",-0.0180118549079527,0.164714522084905
130,"31-55",0.00934035720740528,1.55863973561448
130,"56-65",0.0278501682073839,2.12210545784738
130,"66+",0.00598484634863694,2.27657421788679
131,"10-17",0.0120876678408118,0.441747021946239
131,"18-30",-0.0217063272178014,1.29532029240664
131,"31-55",0.00575856906671052,1.82008612110975
131,"56-65",0.039164774887126,0.961054884274803
131,"66+",0.0164513388595917,3.04619116619447
132,"10-17",0.0217179124111256,0.343654775092279
132,"18-30",-0.00864698540583814,1.33431816232251
132,"31-55",0.0125288934507871,1.11033414155774
132,"56-65",0.0311562238843365,1.23949286968529
132,"66+",0.0177126894391127,3.18827159357668
133,"10-17",0.0212106317134215,0.712028012341851
133,"18-30",-0.0140574952373084,-0.173361427315724
133,"31-55",0.0128945374100436,1.42093209004991
133,"56-65",0.0330523069211348,2.2960264831135
133,"66+",0.00727526122624925,2.13300109015842
134,"10-17",0.0253117372214328,0.938579393733715
134,"18-30",-0.00695528365074355,0.3138974726906
134,"31-55",0.00935134582273978,1.58921451697634
134,"56-65",0.0401693218270421,1.6845609579407
134,"66+",0.0108138753024394,2.94727173634321
135,"10-17",0.0263998007152834,0.425032251448895
135,"18-30",-0.011402280210738,0.946982841578208
135,"31-55",0.0116891828841095,1.63142584856677
135,"56-65",0.0388558622158995,2.11499484716866
135,"66+",0.0111558444100025,2.56586142679331
136,"10-17",0.0134163131908946,0.315225228152859
136,"18-30",-0.00880306872607034,0.887791765808711
136,"31-55",-0.00172042160964425,1.58993901301984
136,"56-65",0.025934101436769,1.62366890499203
136,"66+",0.00876133076648467,2.82148946814407
137,"10-17",0.0157497014106086,0.302204701004207
137,"18-30",0.00459578873676175,1.90273310750592
137,"31-55",0.00692727042761815,0.888727678924427
137,"56-65",0.0209453249089464,1.3985917049697
137,"66+",0.00868181144966938,3.85093613898257
138,"10-17",0.00615072460920157,0.68122945830835
138,"18-30",-0.000635488185503685,1.62616328062267
138,"31-55",0.00642878951769438,1.76726978756428
138,"56-65",0.0465508363627498,2.84672064229475
138,"66+",0.0139758484207175,3.44836843554937
139,"10-17",0.0195071365641465,0.302496413565315
139,"18-30",-0.00776676500759832,0.620752992473218
139,"31-55",3.652319842401e-05,1.32882641872792
139,"56-65",0.0362389574657404,2.44774664199002
139,"66+",0.00819709774649337,1.73127550447398
140,"10-17",0.0116357909281699,0.392645307924413
140,"18-30",0.00735118590983419,1.57425605986308
140,"31-55",0.0087882447403938,1.6516612461019
140,"56-65",0.0375371824613352,1.5514379027862
140,"66+",0.00232040265478961,2.97341475649941
141,"10-17",0.0136245007580227,0.418341385227446
141,"18-30",-0.0127448035834191,0.483412928094978
141,"31-55",0.00183684294482755,1.12084021708275
141,"56-65",0.0442655065975956,1.33972757943442
141,"66+",0.00699530470514538,1.82415205937691
142,"10-17",0.00911488155167195,0.290786898530932
142,"18-30",-0.0157178251548059,0.933103283806455
142,"31-55",0.00860538172774411,1.06373107810616
142,"56-65",0.028755451829433,1.14018657567551
142,"66+",0.0116350011582673,3.16487128507652
143,"10-17",0.013879981367555,-0.0407318887743591
143,"18-30",-0.00717031904758952,0.557171132367701
143,"31-55",0.00197536343868587,1.47708543895436
143,"56-65",0.0377314583871005,0.372080054149647
143,"66+",0.00368520878395207,3.33545678267529
144,"10-17",0.0138029278050706,-0.0260351817673445
144,"18-30",-0.00187973324043628,0.815220721720273
144,"31-55",0.0101157548375385,1.44832933512988
144,"56-65",0.0433417009040862,1.53111806092259
144,"66+",0.00575067427870524,2.43859195727239
145,"10-17",0.014612905731523,0.170354427710731
145,"18-30",0.000873416747821154,0.972390378692397
145,"31-55",0.0050140253198514,0.783106278982233
145,"56-65",0.0304073557306855,1.80840608424394
145,"66+",0.0135119624075583,2.97060467375793
146,"10-17",0.0118100635182024,-0.0967903849947662
146,"18-30",0.00300322800670599,0.342430441789167
146,"31-55",0.00410740773234486,1.63086447749141
146,"56-65",0.033918892558152,1.39102524293251
146,"66+",0.00718963761029837,3.28424097696145
147,"10-17",0.0136056984601911,0.376506793149199
147,"18-30",-0.00630829977989389,0.156296140706184
147,"31-55",0.00616215289897837,1.22692503093258
147,"56-65",0.0335900865530808,0.916572720266178
147,"66+",0.00810784324773264,3.47911353175279
148,"10-17",0.0160350618826883,0.350750408773878
148,"18-30",-0.0177656978733665,1.19155277753258
148,"31-55",0.0105749323852304,1.89256440330005
148,"56-65",0.0332679108848759,1.06208495590098
148,"66+",0.00626847703275554,2.61978803944405
149,"10-17",0.0213650321003471,0.279830308439204
149,"18-30",-0.0116318394700756,0.803247923898999
149,"31-55",0.00685139920979044,1.62697569565462
149,"56-65",0.0384461570841426,0.992334819308095
149,"66+",0.00670802461973924,4.62980032397792
150,"10-17",0.0166029065503729,0.974673857892853
150,"18-30",-0.0054185629226513,-0.0376988077163922
150,"31-55",0.00801689140360728,1.5099068343692
150,"56-65",0.0315164490679454,2.68425982515903
150,"66+",0.00729771071699693,2.19896013707671
151,"10-17",0.014651708845763,0.486952884731481
151,"18-30",-0.00778157397497925,0.553120358843401
151,"31-55",0.00969257526492118,1.66331020476894
151,"56-65",0.0413754563576225,2.36752537490684
151,"66+",0.0102754405534953,2.85968570602757
152,"10-17",0.00835319593155759,0.779973464742608
152,"18-30",-0.0117316514637048,1.53753612342454
152,"31-55",0.00624305137315073,2.09350132513932
152,"56-65",0.0396854957069158,1.36789039532576
152,"66+",0.00529635555675388,3.33069345856153
153,"10-17",0.00839056808306154,0.308617190579417
153,"18-30",-0.00874921482410768,0.947214758962438
153,"31-55",0.0122158412052297,0.319205398024598
153,"56-65",0.0273472203603587,0.295119438358679
153,"66+",0.0116943956859524,2.55572869502568
154,"10-17",0.0109148759955452,0.355258932165956
154,"18-30",-0.0151688569751487,0.879909534304359
154,"31-55",0.00512895675428959,1.46309543146991
154,"56-65",0.0209949327095964,1.05308728888703
154,"66+",0.012876622979942,2.11608746788903
155,"10-17",0.00885351373048721,0.901890242357076
155,"18-30",-0.0124196144785579,0.447285130322225
155,"31-55",0.0100776220862313,1.39505132567226
155,"56-65",0.0368158792817949,2.18237924890629
155,"66+",0.0087930012695155,1.93652801037249
156,"10-17",0.035667372947624,0.91918836189567
156,"18-30",-0.00324219377140034,0.471580827764763
156,"31-55",0.00798822135330485,1.54389327163289
156,"56-65",0.0326908546457428,1.34858910522963
156,"66+",0.00150263193629176,2.78116544799746
157,"10-17",0.00736061576156299,0.695727108113231
157,"18-30",0.0065852724375205,0.615313611621389
157,"31-55",0.00793025169482592,1.48805774744893
157,"56-65",0.0301716135083642,1.68733077185662
157,"66+",0.013294742016153,3.29706766403143
158,"10-17",0.0116016469353732,0.463536726169438
158,"18-30",0.00716057501387046,0.184493124922314
158,"31-55",0.0127934400788891,1.09357693573556
158,"56-65",0.0325547899538088,1.62866065413285
158,"66+",0.00802303897261404,2.65528635056586
159,"10-17",0.0241000457730517,0.214349201281752
159,"18-30",-0.0153427478235598,1.40877987987969
159,"31-55",0.00474641794444003,1.05080747057328
159,"56-65",0.0344190692307211,2.23748510089787
159,"66+",0.00482196838252161,2.42583357293121
160,"10-17",0.0123579414145266,0.557554895495896
160,"18-30",-0.0140028627992095,0.991804426229921
160,"31-55",0.00445382729199256,1.20213489125673
160,"56-65",0.039902209092959,0.957450851502134
160,"66+",0.00537642038420066,2.73479004834745
161,"10-17",0.00988429087142506,0.278669177095109
161,"18-30",-0.00800570844947107,1.73688814667053
161,"31-55",0.00625686971766404,1.60795867173629
161,"56-65",0.0439262075933816,0.675853545508641
161,"66+",0.00840047605895998,2.76520571048875
162,"10-17",0.00417964694610445,1.0594365588544
162,"18-30",-0.00384274171834009,0.853487991569551
162,"31-55",0.0120955696840802,0.838134189176309
162,"56-65",0.0284828509992189,0.749289059125781
162,"66+",0.00278274295553246,3.7024541994238
163,"10-17",0.0147562137237316,0.545917078737028
163,"18-30",-0.0060146474656842,0.0904559949118724
163,"31-55",0.00426136297891166,1.63235378243221
163,"56-65",0.0322390248254537,1.33287629923543
163,"66+",0.00867237780453516,1.36167666971435
164,"10-17",0.0141728831833539,0.320126315288739
164,"18-30",-0.0108015231896071,0.824929895310927
164,"31-55",0.00569865226791094,1.18924530448553
164,"56-65",0.0504265069078299,1.90949190472986
164,"66+",1.37063206619437e-05,3.54753614533609
165,"10-17",0.0149280118780104,0.137324408921645
165,"18-30",-0.00497493646821945,-0.26838236193883
165,"31-55",-0.0013311665767462,1.0698792330902
165,"56-65",0.0316209433842419,1.15812524347477
165,"66+",0.0110240085571717,2.85917453235374
166,"10-17",0.00479707791959361,0.317733234244145
166,"18-30",-0.0163181405589956,0.817850273645606
166,"31-55",0.00322722791505847,1.45683810962347
166,"56-65",0.0295382906835235,2.1395197975422
166,"66+",0.00811654061308598,3.19132380223308
167,"10-17",0.000633543191101649,0.248270270545685
167,"18-30",-0.0114550188828501,1.39089946966878
167,"31-55",0.00648126331450127,1.16871638937706
167,"56-65",0.0323977179467886,0.321617716442528
167,"66+",0.00844929922601589,2.20796374353805
168,"10-17",0.0144765848891084,0.745371771163412
168,"18-30",-0.0121523521924735,0.46406265783652
168,"31-55",0.00602618219624362,1.83410114960422
168,"56-65",0.0333604393066432,2.35925245094114
168,"66+",0.0126634244525639,3.43893078959424
169,"10-17",0.00462957278875831,-0.426592566599814
169,"18-30",-0.00349903935466389,1.56920481407234
169,"31-55",-0.00793581605792448,1.17357690393326
169,"56-65",0.0384340823015613,1.18539977100283
169,"66+",0.00224690955612784,4.98903348934447
170,"10-17",0.0155749693718362,0.414573947666228
170,"18-30",-0.0102789572032473,0.545970672913452
170,"31-55",0.00485827322690496,1.67976724386225
170,"56-65",0.0462366375006573,1.26127306363968
170,"66+",0.00639318378268007,1.34529637117029
171,"10-17",0.0163230793639957,0.638838815648257
171,"18-30",-0.00118568068430103,0.680174711382586
171,"31-55",0.00342255076527381,1.83997017228514
171,"56-65",0.0328428375032628,1.44513842335881
171,"66+",0.00844584290633818,2.21948675577781
172,"10-17",0.00494049185781231,-0.00240901142513383
172,"18-30",0.00660928957575541,0.51835998904753
172,"31-55",0.00922543784267177,2.02899899237988
172,"56-65",0.0296200281581467,0.564217976647376
172,"66+",0.0136507258723156,3.07945680380959
173,"10-17",0.0160117753859093,0.140869832539917
173,"18-30",-0.000546017605573657,0.077506554054473
173,"31-55",0.00592851916712372,1.3742963566976
173,"56-65",0.0349414191492584,1.5726406204617
173,"66+",0.0054551627293396,2.2543649529025
174,"10-17",0.00622399555280556,0.556877616225352
174,"18-30",-0.0020414429194669,2.22845946527465
174,"31-55",0.00625017719056631,1.04086816606624
174,"56-65",0.0460826613167664,1.52255122391572
174,"66+",0.0128348142581529,1.68594415299622
175,"10-17",0.0110572066782257,1.15298380897728
175,"18-30",-0.0122556603308749,-0.609358597125878
175,"31-55",0.00987719427307521,1.60291891172877
175,"56-65",0.0293942215780717,2.07798447450758
175,"66+",0.00538439261680422,3.10774377906817
176,"10-17",0.0135815854421217,0.801144616320911
176,"18-30",-0.0123502507526086,1.68925866126244
176,"31-55",0.00656691844984175,2.03480771412207
176,"56-65",0.04437208270325,1.87837873779776
176,"66+",0.0074535027124206,1.73619055303733
177,"10-17",0.0181228203718051,0.273854569836059
177,"18-30",-0.00400390555432806,1.05560247397361
177,"31-55",0.0044196402136541,1.20462708929207
177,"56-65",0.0274938441310244,1.22548843359169
177,"66+",0.00849262722700984,2.90955556410744
178,"10-17",0.0131477559285104,0.285740293729359
178,"18-30",-0.0100597265396448,1.17523935398641
178,"31-55",0.00958127041501911,1.55382750172267
178,"56-65",0.0257674957618201,1.89871631604281
178,"66+",0.00143820553451117,2.74668914323352
179,"10-17",0.0209305687938902,0.355825385675695
179,"18-30",-0.0109507208431256,0.593541117349524
179,"31-55",0.00786805975493515,1.91978964631763
179,"56-65",0.0458780972692794,1.61741382916993
179,"66+",0.00745878457341312,1.46298624236926
180,"10-17",0.00892503468145578,0.753071098355872
180,"18-30",-0.0156620659731164,1.35989129333462
180,"31-55",0.0085120424193344,1.60911537479637
180,"56-65",0.0340099559987885,2.31049770100744
180,"66+",0.00252291589044223,1.94455088363624
181,"10-17",0.0153482026738618,0.745755518560069
181,"18-30",0.00253355381512566,1.58727330123445
181,"31-55",0.0107842423328691,1.19357768066975
181,"56-65",0.0156638103336581,0.721751368066899
181,"66+",0.0080231444464864,2.24661106711888
182,"10-17",0.0150258383701748,0.421825651925851
182,"18-30",-0.0134993620032007,0.798903265184865
182,"31-55",0.00354364376732663,0.903009144562589
182,"56-65",0.0453120845355728,1.4217344101221
182,"66+",0.003210409581972,3.50928016665013
183,"10-17",0.01649312834578,0.080249303700044
183,"18-30",-0.00479314588343771,1.44986390559845
183,"31-55",0.0036106350437779,0.845889097542479
183,"56-65",0.0523916955337961,1.6888530996959
183,"66+",0.00790025426134841,4.08203168900833
184,"10-17",0.0137930777268293,0.799668732685462
184,"18-30",-0.0214066029485266,1.55399450443107
184,"31-55",0.0112315910266169,2.08382013020397
184,"56-65",0.0306763505421598,1.22388959742574
184,"66+",0.0114150001448268,3.81467732767642
185,"10-17",0.0118415567463598,0.549113138953769
185,"18-30",0.000580789242522139,0.890002311804936
185,"31-55",0.000982063137950462,1.65591849367605
185,"56-65",0.0350061999125348,1.38787159977265
185,"66+",0.00215854683631314,1.85109620281796
186,"10-17",0.0172361951473076,0.619875646410358
186,"18-30",0.014428949769289,0.75280529972118
186,"31-55",0.0131161763764859,1.5016261111222
186,"56-65",0.0328103084051007,2.18896506952929
186,"66+",0.0103559753649379,4.95827844144405
187,"10-17",0.0297024197095713,0.473004505087995
187,"18-30",0.00244469802297137,0.617892367756747
187,"31-55",0.00671701034468475,1.86871215666733
187,"56-65",0.0302498471871352,2.1483516835319
187,"66+",0.00453510995504028,3.65920946570081
188,"10-17",0.0157606782649494,0.246783157202382
188,"18-30",-0.00048309976763844,-0.23923610138497
188,"31-55",0.0119867327039153,0.905666899778176
188,"56-65",0.0441644036949416,0.803563072390462
188,"66+",0.006606757355481,1.92379922792467
189,"10-17",0.0134482002274189,0.323215163913405
189,"18-30",-0.00237160344099474,0.863051432613659
189,"31-55",0.00655749378625831,1.07552821029807
189,"56-65",0.0213708725140959,1.11541458350917
189,"66+",0.0112490717722202,3.38306254629488
190,"10-17",0.010122034493613,0.552202384293698
190,"18-30",-0.00442605716062849,0.193900106254832
190,"31-55",0.0125138112982361,1.03766054165905
190,"56-65",0.0354332900498584,2.0573992659994
190,"66+",0.010273740690363,3.64028102214758
191,"10-17",0.013205388314017,0.266167923051984
191,"18-30",-0.00771294351183299,1.38043872016135
191,"31-55",0.00667590767677417,1.25062419782825
191,"56-65",0.0388604063542864,0.314009374710258
191,"66+",0.0119265880430691,3.638078217814
192,"10-17",0.00787128644284502,0.420264739416033
192,"18-30",-0.00588601473087319,1.28554075121786
192,"31-55",0.00268033269443968,1.41462673465395
192,"56-65",0.0269963761227792,0.615715261442643
192,"66+",0.000978095514155036,1.66484213435245
193,"10-17",0.0208205078131729,0.431459802275682
193,"18-30",-0.00486579343655497,0.741521765845183
193,"31-55",0.00827983418548267,1.71710675800633
193,"56-65",0.0379126705642526,1.5273704595824
193,"66+",-0.000266952473673768,3.46969230841953
194,"10-17",0.0269361382817426,0.331671535415338
194,"18-30",-0.000514726094229978,0.730994813185896
194,"31-55",0.00950273131327589,1.59366798971332
194,"56-65",0.0383400305718674,0.571284803862991
194,"66+",0.00339561884362419,4.10274093098265
195,"10-17",0.012908775342578,0.296229614981547
195,"18-30",-0.00272129264375226,1.52584530056736
195,"31-55",0.0111389048688953,1.08122396264449
195,"56-65",0.036590532773098,1.89199034830884
195,"66+",0.00653075204378108,3.80477898176192
196,"10-17",0.0104600585102538,0.535663448745024
196,"18-30",-0.00261228660329926,1.31964995363146
196,"31-55",0.00454824829325023,0.920737035523095
196,"56-65",0.0371202581463016,1.93257380355997
196,"66+",0.0029126973350162,3.17407300355211
197,"10-17",0.0102369712747961,-0.0297982419196057
197,"18-30",-0.0046137140321037,0.329555452789123
197,"31-55",0.00305215851545293,1.71721942827746
197,"56-65",0.0403335875858581,2.47005026983298
197,"66+",0.0113187649155267,3.37714847204614
198,"10-17",0.0150779729670932,0.0367704563376989
198,"18-30",-0.0150613696069635,1.11987755891602
198,"31-55",0.00981553709801203,1.10329887166062
198,"56-65",0.0415637963190409,1.52805194470403
198,"66+",0.00810149663862612,3.45747536802711
199,"10-17",0.0154842320719603,0.40332268956459
199,"18-30",-0.00401146897095744,0.199983580942565
199,"31-55",0.00998038920349353,1.49916445175629
199,"56-65",0.0281882359223121,1.80963516068028
199,"66+",0.0112537433887349,5.24843982377312
200,"10-17",0.0174281258761966,0.854783531719237
200,"18-30",-0.00633581262897326,0.511436552488757
200,"31-55",-0.000368772187752775,1.71809396711808
200,"56-65",0.0444030219283173,1.60074472479745
200,"66+",0.00935229468927656,1.77388329602472
201,"10-17",0.0174886274381728,1.11535747816011
201,"18-30",-0.00466503730795409,0.57127521758218
201,"31-55",0.00335873254680352,1.26088671693517
201,"56-65",0.0287649764974692,0.224733348648149
201,"66+",0.0112609923934597,2.58907007149785
202,"10-17",0.0116071210640868,0.569247040033479
202,"18-30",-0.00463401453458673,0.825725422583314
202,"31-55",0.00937500142526365,1.50104875787056
202,"56-65",0.0351282375064584,2.07709700404171
202,"66+",0.010838304572299,3.79505462012263
203,"10-17",0.022313594389636,0.325856829429567
203,"18-30",-0.00718687076359592,0.661152216813168
203,"31-55",-0.00325497467923308,1.46563494548389
203,"56-65",0.0234032617314126,1.51742300985199
203,"66+",0.00773724342920869,3.20672578310261
204,"10-17",0.018491576148618,0.208363036674147
204,"18-30",-0.02290542057775,0.535775471034681
204,"31-55",0.00657555433751589,1.24415222219251
204,"56-65",0.032451222811699,0.564234243607721
204,"66+",0.0156054972131401,1.6340940145881
205,"10-17",0.0193554513532503,0.718583172923292
205,"18-30",-0.00298474427371975,1.26144530098012
205,"31-55",0.000494630462302914,1.8936937022847
205,"56-65",0.0297901739150041,3.65932298991487
205,"66+",0.00672565935387093,0.933559402427951
206,"10-17",0.0199301452356233,0.9355834603704
206,"18-30",-0.0168836481315616,1.70177247302446
206,"31-55",0.0112201268192232,1.14482948812055
206,"56-65",0.042649736329372,2.03023013120276
206,"66+",0.000515930154855376,2.84768410627352
207,"10-17",0.0173666955684428,0.567023972017067
207,"18-30",0.00185488583458626,1.51190396916531
207,"31-55",0.00767927655094225,0.61457286538603
207,"56-65",0.035082345067446,1.29666734682588
207,"66+",0.00381589593249716,3.81375805067761
208,"10-17",0.00660878257842118,-0.0465062706657449
208,"18-30",-0.00990165413545518,-0.340194242394778
208,"31-55",0.0106831110395268,1.43550887992146
208,"56-65",0.0351363839100363,1.94836158996126
208,"66+",0.00377114269830235,1.59041134863826
209,"10-17",0.0101378571385776,0.358491366874015
209,"18-30",0.000142271248297521,1.12397438463706
209,"31-55",0.00755426175642826,1.45479217048969
209,"56-65",0.0439695002165977,1.22571068031641
209,"66+",0.00520538577032466,3.79727720003327
210,"10-17",0.0149120596012846,0.38514280307071
210,"18-30",-0.00779921403396244,0.938875931366026
210,"31-55",0.000975152965198123,1.60201015495468
210,"56-65",0.0337569850769376,3.26343860927253
210,"66+",0.00388319603344091,2.21241021648683
211,"10-17",0.0139669692533306,0.176468622796261
211,"18-30",0.000594410951794633,1.56521839471535
211,"31-55",0.00251356633681055,1.03452426043211
211,"56-65",0.0241230122177538,0.40266393138999
211,"66+",0.00654360121479389,2.83099455965028
212,"10-17",0.0111171106790428,0.237520815194204
212,"18-30",-0.00545012771111342,1.01905164659399
212,"31-55",0.00578076000959771,1.09369081945605
212,"56-65",0.0241235326597392,0.445539749254735
212,"66+",0.00870154634049883,2.37125404211301
213,"10-17",0.0156608749915789,0.0426949564495498
213,"18-30",-0.00174832503940658,0.859836083561236
213,"31-55",0.0125712893035205,0.665963751423741
213,"56-65",0.0373574710804269,1.50747552691521
213,"66+",0.00407243108965467,2.5103561470421
214,"10-17",0.0297395853982516,-0.301774596369557
214,"18-30",-0.0023274360134406,0.548907362874951
214,"31-55",0.00993069572173155,1.30616489635132
214,"56-65",0.0396790590380567,1.13908519002479
214,"66+",0.0105990082218389,3.73884149950973
215,"10-17",0.0165395763137688,0.403618862990424
215,"18-30",-0.0046451380761392,1.57967304451835
215,"31-55",0.0120072083981266,1.64103246070038
215,"56-65",0.0380909642724619,1.58207520351185
215,"66+",0.0142892597898899,2.04604005848761
216,"10-17",0.00634325465907165,-0.0706302881888838
216,"18-30",-0.00417534869485475,1.28750397530439
216,"31-55",0.00891659563495695,1.63843351877965
216,"56-65",0.0313652695473302,1.37793348652587
216,"66+",0.00377160975167098,2.75243081979324
217,"10-17",0.013438194251191,0.362985572564773
217,"18-30",-0.0104021655800507,1.34938812798579
217,"31-55",0.00988154148950959,1.13382788778983
217,"56-65",0.0246247068491832,2.05422044472614
217,"66+",0.00862968022927425,4.16051991383018
218,"10-17",0.0094260372298931,0.790795032955217
218,"18-30",-0.011325277112903,1.46508794820173
218,"31-55",0.00440158647306016,1.11418816334972
218,"56-65",0.0496721431621857,1.23706398867959
218,"66+",0.0117906372959513,2.78221898024497
219,"10-17",0.0137961300382849,0.38840035027751
219,"18-30",0.00949196619729475,0.893147430713617
219,"31-55",0.00985994043816263,1.30171113651683
219,"56-65",0.0291026059608721,1.65789930781328
219,"66+",0.00713894924032527,2.78990238201492
220,"10-17",0.013430882366486,0.720714548044648
220,"18-30",-0.00585618775296343,0.893497772841991
220,"31-55",0.00292662105035768,1.79604929867093
220,"56-65",0.0358032948535077,1.84770366079968
220,"66+",0.0139294214825922,4.33480254246945
221,"10-17",0.0230343861068834,0.770819376026599
221,"18-30",-0.00206422202395917,-0.367139219064823
221,"31-55",0.0105435657856043,1.37755436232424
221,"56-65",0.0340995477794573,0.733465626813821
221,"66+",-0.00257293310650993,2.29168866183727
222,"10-17",0.00886880902623,0.333339983630461
222,"18-30",0.00580932039797849,1.23512716189761
222,"31-55",0.00679741318126209,2.39735850076047
222,"56-65",0.0330371305114538,1.30211439272118
222,"66+",0.00501085838986381,1.62558180521284
223,"10-17",0.0229614022603125,0.143102267218486
223,"18-30",-0.0140691767412835,0.497729183284857
223,"31-55",0.005548778186236,1.6522114985972
223,"56-65",0.032085531262799,0.716904329949324
223,"66+",-0.00069537023977656,1.99448685941871
224,"10-17",0.0122581301761592,0.456618929737972
224,"18-30",-0.0106713997130233,1.3738823854568
224,"31-55",0.00543808549314806,1.09628221672263
224,"56-65",0.0214764458753341,1.52413569500762
224,"66+",0.000290856350156313,1.46285032687516
225,"10-17",0.0146586353360855,0.601577580440741
225,"18-30",0.000584990146490827,-0.0997191707039971
225,"31-55",0.00728524698286337,1.12359147415224
225,"56-65",0.0431279767779417,1.54143896757224
225,"66+",0.0111514660819767,3.28698675279287
226,"10-17",0.0157711224936699,0.435317840629583
226,"18-30",0.00374538809059061,0.326591020416101
226,"31-55",0.0039640576753549,1.22674868720802
226,"56-65",0.0347147341789998,0.993397737228525
226,"66+",0.0126430643984654,1.85638546838372
227,"10-17",0.0140023753821377,0.923819920555933
227,"18-30",-0.00632078628794208,0.441509170353335
227,"31-55",0.0115379141572255,1.24263270195339
227,"56-65",0.0406722209210671,1.58239954038432
227,"66+",0.00611186395296073,1.38746521567531
228,"10-17",0.0214251976385498,0.343653841174459
228,"18-30",0.00219430744423443,1.25726939688463
228,"31-55",0.00698638100287541,1.91435584976343
228,"56-65",0.0465573099210645,2.57373267428241
228,"66+",0.0071842383267169,3.41835595825419
229,"10-17",0.0107480148720279,0.474480932589269
229,"18-30",-0.00857001541948871,0.645625473390405
229,"31-55",0.00146755297757506,1.08025185002733
229,"56-65",0.0441878154885687,2.16947728119795
229,"66+",0.00481424634040355,3.26827126609135
230,"10-17",0.011066569399226,0.565241855504655
230,"18-30",-0.00697547156367156,-0.177988091021525
230,"31-55",0.0110517646251932,1.65683072760715
230,"56-65",0.0282468544300788,1.91677338801863
230,"66+",0.0116769826396889,3.4672639146089
231,"10-17",0.0225823389847375,0.464268106554536
231,"18-30",0.00768048403737909,1.39784182644979
231,"31-55",-0.00331640190885218,1.82771888462795
231,"56-65",0.0431691352453449,1.83707550639059
231,"66+",0.0108783854532035,4.08861782131662
232,"10-17",0.0134185960494507,0.49728266689455
232,"18-30",-0.00742452666335902,0.472073112350447
232,"31-55",0.0122550221634042,1.38860527544994
232,"56-65",0.0386035352249887,1.91175498575396
232,"66+",0.00545852523653935,3.061772804127
233,"10-17",0.0186610918150203,0.225758574770062
233,"18-30",-0.00259851584845538,0.48040796016207
233,"31-55",0.013511842771853,1.63035414601184
233,"56-65",0.0339204388024921,1.23979063200431
233,"66+",0.00582374117876433,2.19105976088372
234,"10-17",0.0181086985567792,0.309498947618264
234,"18-30",0.00262478864433441,0.292960458397147
234,"31-55",0.0129519984539134,1.67676175372934
234,"56-65",0.0249033502498439,1.72117420332826
234,"66+",-0.00298516467097257,2.5925904308731
235,"10-17",0.0226400933894087,0.234880042997339
235,"18-30",-0.00201163558173162,0.122106622736352
235,"31-55",0.00154733539701235,1.21269516620256
235,"56-65",0.0284642922608357,2.55960737218546
235,"66+",0.00846974547468102,2.4301327948654
236,"10-17",0.0176117583280472,0.936286428764991
236,"18-30",-0.00716842016723895,0.626400320553767
236,"31-55",0.0080252094365425,2.03191284434007
236,"56-65",0.0377425649970977,1.03839621508677
236,"66+",0.00983672730089605,3.300073550459
237,"10-17",0.0233930920588477,0.323056046595307
237,"18-30",0.000398178443589636,1.20679543618438
237,"31-55",0.00287484060923821,1.15977073152849
237,"56-65",0.0425901133672324,1.73179912863614
237,"66+",0.00509327156640357,1.85586318204378
238,"10-17",0.0237625973927318,0.515782282542459
238,"18-30",-0.00459935625895436,1.98027829215713
238,"31-55",0.00503149862980418,1.38646429601969
238,"56-65",0.0269917269195864,1.94680624211462
238,"66+",0.00130067074770701,3.36787911101542
239,"10-17",0.0225733127619774,-0.18095634320643
239,"18-30",-0.0171379648663826,-0.072284020407114
239,"31-55",0.00345794356959717,1.79266278237384
239,"56-65",0.0272835921907553,1.04656972397676
239,"66+",0.0121119585367481,2.39850433934658
240,"10-17",0.00812633391747769,0.43189865577767
240,"18-30",-0.00987468857091611,-0.0851889845301503
240,"31-55",0.0143096890100108,1.19803721576515
240,"56-65",0.0417733587705604,1.48098451926819
240,"66+",0.00866310426123924,3.37787941736862
241,"10-17",0.0153890881487515,0.419012366828537
241,"18-30",-0.00568100035257574,1.62071354565233
241,"31-55",0.0119082407128083,1.0441112871254
241,"56-65",0.0330536495695901,1.17881711981604
241,"66+",0.0120033401867814,2.13534232192088
242,"10-17",0.0163157105198334,0.192887332055664
242,"18-30",-0.0126058731887979,0.788114249577955
242,"31-55",0.0146199100217491,1.42132456543896
242,"56-65",0.0392114959939897,1.31393962559536
242,"66+",0.00400145433927417,2.00502175559497
243,"10-17",0.0150253856353126,0.230641949764271
243,"18-30",0.000559963622685233,0.567852288727963
243,"31-55",0.00693006482984543,1.38494259533467
243,"56-65",0.0331542169807912,1.30902666346177
243,"66+",0.00894355665014226,2.08534468762108
244,"10-17",0.00640970666442525,0.257713192349719
244,"18-30",-0.0107452231087783,0.362167037903628
244,"31-55",0.00757046869794165,1.29864333918586
244,"56-65",0.0275510819159697,1.47474852501663
244,"66+",0.00690905321935978,2.22415235962487
245,"10-17",0.0195718213983965,0.744880433513297
245,"18-30",-0.0116618979133034,0.562564571453912
245,"31-55",0.00884746319315982,1.47330699123795
245,"56-65",0.0318564949324125,1.8573305785553
245,"66+",0.00861196716164553,3.1218311939482
246,"10-17",0.00746493722304525,0.262791478581999
246,"18-30",0.00702017971131291,1.64428284498819
246,"31-55",0.00833471574995842,2.10868471574701
246,"56-65",0.0326534117935572,1.11277233337591
246,"66+",0.00771729181985696,3.67441115796275
247,"10-17",0.0140975216193411,-0.0972740574575779
247,"18-30",0.000849621160524339,0.0935661951828841
247,"31-55",-0.00035633364158294,1.13268251813663
247,"56-65",0.0449814860309353,0.212973041269381
247,"66+",0.00118636375687337,3.23954514899546
248,"10-17",0.0138369361553665,0.646710731307021
248,"18-30",-0.00581445647129741,0.51108098934508
248,"31-55",0.0125006223677643,1.49150293126057
248,"56-65",0.0264308379366489,2.51639894663242
248,"66+",0.00608724190620712,2.96386465360275
249,"10-17",0.00460354479203845,-0.134547015861266
249,"18-30",-0.00937868896537591,0.721696711497737
249,"31-55",0.000609101722561234,1.23132067522583
249,"56-65",0.0412635165212875,1.0089716641587
249,"66+",0.00949461454744438,3.62144036056527
250,"10-17",0.0121169690129301,-0.321253981428224
250,"18-30",-0.00904013374824297,1.28939206044251
250,"31-55",0.00720301417610719,1.83142887258933
250,"56-65",0.0315197689092169,2.39854174576453
250,"66+",0.0162232164072347,2.9461918112698
251,"10-17",0.014168925680477,0.606330274783907
251,"18-30",0.00261391771802622,0.881015874591618
251,"31-55",0.00574351715685367,0.989391993304007
251,"56-65",0.0297321232200124,1.56241464877331
251,"66+",0.0108506767149647,3.87027610530981
252,"10-17",0.0209823712270163,0.53181861693171
252,"18-30",0.00152833490575421,1.05256233130346
252,"31-55",0.00761817659846736,1.14253102839379
252,"56-65",0.0368523652677053,0.754873433289074
252,"66+",0.00635456872215877,2.8768542489156
253,"10-17",0.0106119345669806,0.499272406474577
253,"18-30",-0.00839258998286962,0.6935778896879
253,"31-55",0.00605531120829822,1.5831124711761
253,"56-65",0.0345537814985294,2.04400061948409
253,"66+",0.00574687456239451,3.24399906722833
254,"10-17",0.0145691590199685,0.0838479241676273
254,"18-30",-0.00305329709699664,1.88822117473596
254,"31-55",0.00492947532567894,1.36808969864789
254,"56-65",0.0246799723982287,1.55309964524206
254,"66+",0.00584367497157928,3.20462669876277
255,"10-17",0.0151786108906944,0.605940099400618
255,"18-30",-0.0126898572119766,0.258053984212268
255,"31-55",0.0116284589137947,1.43176662411156
255,"56-65",0.0380656412020377,1.26881412095779
255,"66+",0.0122521882841593,1.08026772903404
256,"10-17",0.0146779887436719,0.0253336228960102
256,"18-30",-0.00929445860938499,0.671138891391619
256,"31-55",0.00778142312206448,1.63356627527723
256,"56-65",0.0184519019538784,0.979875359970121
256,"66+",0.0130135463512442,2.30830281828946
257,"10-17",0.00920738156222972,-0.0344670989843339
257,"18-30",-0.00341459602982697,2.03356672873723
257,"31-55",0.00970953561574484,2.33968521818849
257,"56-65",0.0180723666122487,0.967731062567589
257,"66+",0.00845073046152971,2.05939289083431
258,"10-17",0.0148331947303973,0.121044669620004
258,"18-30",-0.00222493526381901,-0.113295506186267
258,"31-55",0.00718283034110889,0.883877227664563
258,"56-65",0.0263429489102,1.43164951884553
258,"66+",0.00518443371618058,1.63676397705982
259,"10-17",0.0182604320181003,0.368406828887215
259,"18-30",-0.00805927572847104,0.749520365947102
259,"31-55",0.00181996606449147,1.69814367101265
259,"56-65",0.0381786965436167,0.841578766254646
259,"66+",0.00968324012197724,1.4220364207302
260,"10-17",0.0152347900057304,-0.124045338506329
260,"18-30",-0.00792637579859096,1.03003606842393
260,"31-55",0.00605661757428338,1.34183361944532
260,"56-65",0.0324201483509365,1.33310277418506
260,"66+",0.00524900505099253,2.27948362093997
261,"10-17",0.0169882117672642,0.220938006916309
261,"18-30",-0.0182438713661001,0.0478369391666824
261,"31-55",0.00403455876326364,1.15295773390893
261,"56-65",0.0372806053780982,1.48004702626584
261,"66+",0.0114597898590221,3.10750915971811
262,"10-17",0.00782322669299879,0.642284731107853
262,"18-30",-0.00331046488002545,0.815075091033579
262,"31-55",0.00342916541465987,1.12713234132558
262,"56-65",0.0274771216826689,0.056751433648083
262,"66+",0.0131540644359293,4.32541567436549
263,"10-17",0.0300487076587148,0.0619243634113138
263,"18-30",-0.00981110406829744,0.0503104632682021
263,"31-55",0.00281284217217581,1.59478010117856
263,"56-65",0.021819392583943,1.21774707303683
263,"66+",0.000176915222719023,3.52018533409051
264,"10-17",0.0154771595871555,0.633262388562726
264,"18-30",-0.0145106001710554,1.72417923478737
264,"31-55",0.00996882630050339,1.14572230741044
264,"56-65",0.0355174658339367,2.45714330822407
264,"66+",0.00775923757215015,2.75697037899515
265,"10-17",0.0110204590721966,0.313902227726465
265,"18-30",-0.00476258060897139,1.49942947944708
265,"31-55",0.00686013819914788,1.40480668221906
265,"56-65",0.0247498884687709,1.1108719279401
265,"66+",0.00436546565823745,2.31988931601485
266,"10-17",0.0170754808021218,0.0298432601844203
266,"18-30",-0.0151812668785769,0.224035524835069
266,"31-55",-0.00217068838217827,1.1066629097041
266,"56-65",0.0348072275340914,0.385590564294089
266,"66+",0.0113821218800292,2.84800509710788
267,"10-17",0.021140287082924,0.804795619418415
267,"18-30",-0.00557887452920786,-0.125140725944341
267,"31-55",0.0100982752446088,1.72328918804965
267,"56-65",0.0511155090863482,1.76951956897876
267,"66+",0.0123594308727163,2.92895940368619
268,"10-17",0.0123985198362663,-0.0417819371791222
268,"18-30",-0.00397100371889286,0.786844523131665
268,"31-55",0.00885893233939616,0.519164728824245
268,"56-65",0.0395615036696187,1.07085562653288
268,"66+",0.00221896075981477,3.45175868793485
269,"10-17",0.0231837393705601,0.633043628608308
269,"18-30",-0.01502183495161,1.96870979793475
269,"31-55",0.00659859717807382,1.40927680723228
269,"56-65",0.0241393424088286,0.60197471882717
269,"66+",0.00414973894903961,2.92339865383743
270,"10-17",0.0109897574800014,0.164645016649963
270,"18-30",-0.00962898021624825,1.97572772375526
270,"31-55",0.0129723505761739,1.45042875551994
270,"56-65",0.0455331515367226,1.00227488318938
270,"66+",0.00349373188168595,1.82301163013072
271,"10-17",0.00412086710611653,-0.283166122749126
271,"18-30",-0.0113823785251591,0.79669569789173
271,"31-55",0.000631361744393988,1.39055373954979
271,"56-65",0.0308828764903275,2.32294910287632
271,"66+",0.00965311630562649,2.804448249144
272,"10-17",0.00389823564744662,0.62304382236981
272,"18-30",-0.0037893936630406,0.844464246657779
272,"31-55",0.00141837061023364,1.59888329804438
272,"56-65",0.0266435832838487,1.09235170218972
272,"66+",0.0059768265116598,2.53550782082632
273,"10-17",0.0262276083881891,-0.427146446646377
273,"18-30",-0.00541018444014413,1.69917262600385
273,"31-55",0.006946125358049,1.34173822257269
273,"56-65",0.0325945868863267,1.65468050307604
273,"66+",0.0125373302915054,3.71568976271982
274,"10-17",0.0230946495365996,0.5652820605761
274,"18-30",-0.0162207439788348,1.70617999451014
274,"31-55",0.00784703866305553,1.51779648115328
274,"56-65",0.045421357780725,1.80361231909572
274,"66+",0.00634440812826528,2.92262927925539
275,"10-17",0.0114750602876081,0.113312577540373
275,"18-30",0.0026704838289931,0.431756146171267
275,"31-55",0.00711788945382297,1.18314687198409
275,"56-65",0.0211048090661211,1.42392866091462
275,"66+",0.0100432274758544,3.47661675908892
276,"10-17",0.0203274838836602,0.82265084837102
276,"18-30",-0.0081234987538123,0.519115622427458
276,"31-55",0.0034005963577316,1.44040855986165
276,"56-65",0.0371905089010163,1.20594189336578
276,"66+",0.00935121001277051,2.19443689672354
277,"10-17",0.00643803255245484,0.60981230809687
277,"18-30",-0.00681808943629364,1.08484537292023
277,"31-55",0.010594303497152,1.43557394656531
277,"56-65",0.0539446942867611,1.68666134256018
277,"66+",0.0114981788963259,1.99852993913492
278,"10-17",0.0139675108471528,0.543205010498058
278,"18-30",-0.0118477919036036,0.520320641979632
278,"31-55",0.0105269872799887,1.74587618831056
278,"56-65",0.0244437649989912,2.15644295246698
278,"66+",0.00182264980049536,1.79340582974789
279,"10-17",0.0135480321385774,0.204400669012896
279,"18-30",0.00304952024680538,1.13376002225094
279,"31-55",0.00762164985445279,1.3210334859048
279,"56-65",0.0389103426849889,2.6160326347839
279,"66+",0.0130563646268073,2.92052398741379
280,"10-17",0.0214426723552806,-0.0747191467971744
280,"18-30",-0.0127585168076215,1.15863803576302
280,"31-55",0.0071226772030854,1.4753379119937
280,"56-65",0.0495893729371592,3.04588850057982
280,"66+",0.00784813863966363,4.30334344739814
281,"10-17",0.0158320473455533,0.33617477638197
281,"18-30",-0.00347168736004722,0.815545747662831
281,"31-55",0.000501546513798357,1.23457888632327
281,"56-65",0.0327627262391162,0.605906932131759
281,"66+",0.0128516183403075,3.25596820269483
282,"10-17",0.0189110448990948,0.245338620081431
282,"18-30",-0.00125454849547901,0.299995505871385
282,"31-55",0.000152276000948026,1.13148405978057
282,"56-65",0.0271181876965146,1.78727451848722
282,"66+",0.00959177187290522,2.98846879658361
283,"10-17",0.00739664840573367,1.02014853458868
283,"18-30",0.00887670916260885,0.955871069383811
283,"31-55",0.00506521677796756,1.59790457246171
283,"56-65",0.0462339683891674,1.84790629889522
283,"66+",-0.000411565669914002,3.08311348171383
284,"10-17",0.020049202062385,-0.000870243216998468
284,"18-30",-0.00615401680067762,1.35775867906011
284,"31-55",0.0109615027299386,1.51293949059581
284,"56-65",0.0385609829879084,1.43540664489305
284,"66+",0.00921051476900722,2.60861464012237
285,"10-17",0.0079676165488714,0.56272733625142
285,"18-30",0.00515003032288902,0.265860819368452
285,"31-55",0.00509425030249788,1.46873621043271
285,"56-65",0.0282433879624003,1.36230033384444
285,"66+",0.00958154376016945,2.6965200913014
286,"10-17",0.0143581110589748,0.189685875971618
286,"18-30",0.00635795590776517,0.155885744194073
286,"31-55",0.00407106238259064,1.02054372337095
286,"56-65",0.0406464893045873,2.1755254070407
286,"66+",0.00571475310278191,4.66632680245209
287,"10-17",0.00274784982677162,0.266926006307791
287,"18-30",-0.0196664230960711,0.561419845046572
287,"31-55",-0.00156779888660596,1.91672763039884
287,"56-65",0.045728903408024,1.52776797364871
287,"66+",0.0100583512735486,3.12841570992021
288,"10-17",0.0205700551283716,0.161582263499215
288,"18-30",0.00350748821804603,1.03950583105117
288,"31-55",0.00571162812322301,1.29034848922749
288,"56-65",0.0401301359312257,3.03202904169882
288,"66+",0.00350285328567038,2.09845662135904
289,"10-17",0.0168885203910971,0.894451827476722
289,"18-30",-0.0145176876148103,0.692478623875978
289,"31-55",-0.00026767158193497,1.54442794715395
289,"56-65",0.0324419108441729,0.732514605906593
289,"66+",0.0139598627430693,3.56875957531172
290,"10-17",0.0168614760551573,0.424148501122482
290,"18-30",-0.0128671200099881,1.93186597654957
290,"31-55",-0.00126112400319511,1.63727546101079
290,"56-65",0.0302568636445381,0.873469974097997
290,"66+",0.0109959143854645,4.2421822680157
291,"10-17",0.0167308617975994,0.466723429615043
291,"18-30",-0.00662409102190642,1.11116185174448
291,"31-55",0.00527484134655676,1.39662444389314
291,"56-65",0.0304149006709391,2.09829771360669
291,"66+",0.0113383057113999,2.08288744264424
292,"10-17",0.0150560983866739,0.587757243740634
292,"18-30",0.0070049289262909,-0.3187334465016
292,"31-55",-0.00177939781961789,0.994792645322695
292,"56-65",0.0394627578226,1.25807902040946
292,"66+",0.00520464817591888,3.17676381528666
293,"10-17",0.0257892470578335,0.375733136522141
293,"18-30",-0.0100202756916477,0.551765376662788
293,"31-55",0.00473164554134436,0.823454883890737
293,"56-65",0.0445961450730975,1.11463491978814
293,"66+",0.00918626575486405,2.11082965007567
294,"10-17",0.0182118285456699,-0.0186869737383999
294,"18-30",0.00496575306888514,1.45102177158209
294,"31-55",0.00488485241127351,1.99823219291823
294,"56-65",0.0332646948119324,1.69365984213496
294,"66+",-0.000213324837844878,2.33875091398687
295,"10-17",0.0137213087527425,1.47984019743403
295,"18-30",-0.0139332538115041,0.329701016245298
295,"31-55",0.00793701904715399,1.49057184374439
295,"56-65",0.0219434301012354,1.70553990652897
295,"66+",0.00255036574101909,4.38281136332701
296,"10-17",0.0161193864254812,0.359545605024196
296,"18-30",-0.017577958266574,1.04923090890928
296,"31-55",0.00826172154782023,1.55031175076805
296,"56-65",0.0376159241177445,2.6771565429176
296,"66+",0.00622238043026628,2.1451980431089
297,"10-17",0.00461306653375432,0.548790356646158
297,"18-30",0.00370327813658983,0.0238523729601283
297,"31-55",0.006281872563136,0.864907620549189
297,"56-65",0.0439223776715391,1.28518851272875
297,"66+",0.0132509944274906,4.37301378789325
298,"10-17",0.0256775509919592,0.296036239081912
298,"18-30",-0.0187376103884742,1.55023430411919
298,"31-55",0.0105300677865396,1.91180285106562
298,"56-65",0.0369839116107991,1.64475793861435
298,"66+",0.0124810624412065,2.67846015955346
299,"10-17",0.00991096559076565,0.109153549784471
299,"18-30",-0.0169726650746796,1.84215488323478
299,"31-55",-0.00020264808668341,1.24677901516151
299,"56-65",0.0387548418436605,2.90863270735317
299,"66+",0.00917532220863337,2.77349190669123
300,"10-17",0.00616246207699145,0.0705720502590799
300,"18-30",-0.0044449939695807,0.304194149644891
300,"31-55",0.00614571591054708,0.941285410091764
300,"56-65",0.0395064066221995,2.23924771070756
300,"66+",0.0138293421128816,3.82845264549399
301,"10-17",0.0136735308312418,0.476462246007454
301,"18-30",-0.0090940691468982,0.0881068471359647
301,"31-55",0.00699863956768731,0.953808795452105
301,"56-65",0.0473972407240477,1.44938052356404
301,"66+",0.00667549049074524,2.20856097561011
302,"10-17",0.0142984199247044,0.868286334659488
302,"18-30",-8.16483072546004e-05,0.791532295239511
302,"31-55",0.010630390690022,1.27453421016985
302,"56-65",0.0386374862185226,1.05838031329655
302,"66+",0.0147761054795453,2.70246533642286
303,"10-17",0.019753797180697,0.123263399320289
303,"18-30",-0.00467429585208473,0.793265332695119
303,"31-55",0.00691991454956076,1.84006592179533
303,"56-65",0.0279116950765727,0.887867289158423
303,"66+",0.00290780587399973,2.33479277084712
304,"10-17",0.0216261994625916,0.611846111691034
304,"18-30",-0.00742893271880951,1.51641235754697
304,"31-55",0.00773756197346853,1.94691667855082
304,"56-65",0.0354127775619389,1.51708373713542
304,"66+",0.0072120768834425,3.41809283188914
305,"10-17",0.0222349478023712,0.123618228211402
305,"18-30",-0.0113013051185448,-0.105651533726109
305,"31-55",-0.00154469769188209,0.850471459026309
305,"56-65",0.0324107259555325,0.635825897171243
305,"66+",0.00350285001491796,3.20375176891728
306,"10-17",0.0107618692889616,0.625014872275642
306,"18-30",-0.0226448758515595,0.687756615115667
306,"31-55",0.00231876755944027,1.51119616385608
306,"56-65",0.0527616616609047,0.615827718845519
306,"66+",-0.00766848907719386,1.36675613590926
307,"10-17",0.0227490329271056,0.311501535702443
307,"18-30",-0.0111190008378357,0.418760135947359
307,"31-55",0.00708064682646009,1.53228880751946
307,"56-65",0.0375627146054971,1.41237101250038
307,"66+",0.00457379476657707,1.93689278979348
308,"10-17",0.0203249144008287,0.00533980034966852
308,"18-30",0.00116745932397666,0.619634750219131
308,"31-55",0.000430040111756569,1.72482921281207
308,"56-65",0.027261822258336,0.827345948985764
308,"66+",0.00188100384874247,4.25578773636052
309,"10-17",0.0137841131612761,-0.361517130516852
309,"18-30",-0.00793535737402973,0.724689984648659
309,"31-55",0.00847627398799194,1.38676094112654
309,"56-65",0.0235408878250616,2.08702902519117
309,"66+",0.00190600764411801,3.15053070811815
310,"10-17",0.0176686601265024,0.847902777846281
310,"18-30",-0.00334206584029928,1.12845567943592
310,"31-55",0.0101890400642947,2.09799454708151
310,"56-65",0.034550959903133,1.70266958522754
310,"66+",0.0123633217701377,2.67728211488488
311,"10-17",0.01062101519194,0.00661282876697555
311,"18-30",0.00575936771336644,-0.0148619544881345
311,"31-55",0.0115023615152823,1.3034781846534
311,"56-65",0.0334162475150681,0.239216612882208
311,"66+",0.0122131441587849,3.22177124256086
312,"10-17",0.0136108920072415,0.259102233344455
312,"18-30",0.00399243147070821,0.566398263273435
312,"31-55",0.0107211801085265,1.19379169030129
312,"56-65",0.0455121105477336,1.58413425174728
312,"66+",0.004514380802368,3.7403757390151
313,"10-17",0.0182680492321027,-0.169072845981715
313,"18-30",-0.00921363589370167,1.86689720817732
313,"31-55",0.00258839353863655,1.00234816014462
313,"56-65",0.0387313142343463,0.826281829832016
313,"66+",0.0071943764111098,3.2829890650855
314,"10-17",0.0237727599942418,0.151980234052128
314,"18-30",-0.00441403602025653,1.72251649156027
314,"31-55",0.00408548466958913,0.871593328296866
314,"56-65",0.0356495659213814,0.986178114840078
314,"66+",0.00859308763202653,2.1673467850116
315,"10-17",0.0140975239065934,0.388451972627213
315,"18-30",-0.00468271951023141,0.676279882234718
315,"31-55",-0.00405220530327099,0.838645385754813
315,"56-65",0.0423122295873619,2.5159203177852
315,"66+",0.0101076865483431,3.01504761757914
316,"10-17",0.0193594667688151,0.344201152464895
316,"18-30",-0.0162119876020967,0.952992344631323
316,"31-55",0.00426272560967611,1.50201119456063
316,"56-65",0.0400513524699737,1.26871745889633
316,"66+",0.0117233785552441,3.73330573310064
317,"10-17",0.014495387270463,0.692379237808223
317,"18-30",-0.00549936013856062,1.46055690601786
317,"31-55",0.00554795326271418,1.78708300291052
317,"56-65",0.0434177149812509,1.34554751696142
317,"66+",0.0058139918256037,3.07219383040907
318,"10-17",-0.0012962244862243,0.320346916753435
318,"18-30",-0.00521118773589163,2.2261826561418
318,"31-55",0.00437902115042621,1.11925666098085
318,"56-65",0.0503360103617481,2.22135185735664
318,"66+",0.0106570336597831,2.73873242412088
319,"10-17",0.0159635230689912,0.579707120679312
319,"18-30",-0.011303172776885,1.66671573070093
319,"31-55",0.00365487128590514,1.24539510790049
319,"56-65",0.0262708588040051,0.969328420735721
319,"66+",0.0102940887397138,2.29395106689496
320,"10-17",0.00988450504395177,0.894272055350497
320,"18-30",-0.00746867989862765,0.554307005149122
320,"31-55",0.00957449268259647,1.35484513797031
320,"56-65",0.0351065466273746,2.69279329752936
320,"66+",0.0112371925329107,3.50557057134751
321,"10-17",0.0191669162009742,0.258176910266051
321,"18-30",-0.00780263127509467,1.01380119378665
321,"31-55",0.00278289024720951,1.30974475702005
321,"56-65",0.0445399389811852,1.35192165761777
321,"66+",0.0084314346465315,2.26916028562911
322,"10-17",0.0076586060481611,0.366987539767861
322,"18-30",0.00299534173731036,1.4544412362023
322,"31-55",0.00206202699450481,0.972877995457086
322,"56-65",0.0509574304271596,1.71661714109982
322,"66+",0.0049392509641701,2.29079327633522
323,"10-17",0.0170821531107879,0.0889664247798576
323,"18-30",-0.0123981990601656,0.437548470525199
323,"31-55",0.00408659279485774,1.06874953462312
323,"56-65",0.0443532440833411,2.61144245337116
323,"66+",0.0093508401172987,1.9247221670297
324,"10-17",0.0113101635565961,-0.000460915148268626
324,"18-30",0.00627219691977199,0.496628196758095
324,"31-55",0.00418840586156011,1.3947549950093
324,"56-65",0.0290325735087267,1.41822446300992
324,"66+",-0.000165214914112935,2.97966380343889
325,"10-17",0.00956842236077815,-0.116243528126227
325,"18-30",0.0085659947549282,2.07343207608362
325,"31-55",0.00500327398395545,1.36927718134097
325,"56-65",0.0269103051340194,2.50042040674105
325,"66+",0.00778132079770727,3.19318108283174
326,"10-17",0.00901737004274616,-0.0909359605926419
326,"18-30",-0.00471319554276228,-0.247861073217887
326,"31-55",0.00219124828462752,1.26322558510549
326,"56-65",0.0397320638199761,1.21135932760007
326,"66+",0.00579378604449601,3.31235498684726
327,"10-17",0.0110960784328836,0.703051765174462
327,"18-30",0.0103487171973158,0.527304352596463
327,"31-55",0.00273377770110489,1.37658131639745
327,"56-65",0.0305358513898726,1.89933377437736
327,"66+",0.0115665590773896,4.52784799525808
328,"10-17",0.0118559709159652,0.505440335490388
328,"18-30",-0.0145006851910114,1.59461109420913
328,"31-55",0.00230093902907302,0.769599983402209
328,"56-65",0.0393248972674841,2.31060347095091
328,"66+",0.00838172257584135,2.28456339684146
329,"10-17",0.0162186869541676,-0.0535203498491335
329,"18-30",-0.0163415875426378,1.00057870680634
329,"31-55",0.00500660871655201,1.69332649284309
329,"56-65",0.0431212230026872,1.97307504216274
329,"66+",0.0093910531552719,2.31796459163518
330,"10-17",0.00849948832197972,0.350398514462567
330,"18-30",-0.00201605255218801,-0.214145102295481
330,"31-55",-0.00251964742124072,1.44379803909765
330,"56-65",0.031986313036494,1.47199263555275
330,"66+",0.00628915117293204,5.37369613546523
331,"10-17",0.00919837255692413,0.421824819548459
331,"18-30",-0.00846685065094471,0.78136709468493
331,"31-55",0.013686688647187,1.58681281329239
331,"56-65",0.0378916296151681,1.83828510396824
331,"66+",0.00895464470969946,2.97772846412068
332,"10-17",0.0223966511037695,-0.0485575089932961
332,"18-30",-0.00719426420224589,1.11224230450844
332,"31-55",0.00857787508269425,0.962025815682145
332,"56-65",0.0330992499256809,1.92898580596481
332,"66+",0.00743317297716743,1.83565131784965
333,"10-17",0.00138489735290565,0.70208064809821
333,"18-30",-0.0150313851387409,-0.271514945635049
333,"31-55",0.00724661085042888,1.33318607102086
333,"56-65",0.0332119315060131,2.45728770266842
333,"66+",0.000704583897548891,1.87383742981756
334,"10-17",0.013790705167661,0.317951738115425
334,"18-30",-0.0170410172460477,1.31052173985034
334,"31-55",0.00886590041864505,1.27082960656016
334,"56-65",0.0477708686520115,1.5655434896679
334,"66+",0.00624278124356704,3.65160398439398
335,"10-17",0.0119474331723941,0.849523406655068
335,"18-30",-0.0115808989755546,1.31473792501469
335,"31-55",0.00537444139650017,1.62630643185021
335,"56-65",0.0349025374461973,0.935367188693053
335,"66+",0.0131290405227939,2.61598201919398
336,"10-17",0.0168547558414945,-0.123978437782267
336,"18-30",0.00860912112194578,0.316494193278926
336,"31-55",0.0066736212831498,1.14039530063568
336,"56-65",0.0376654165870541,1.6115523449397
336,"66+",0.0107001932163538,2.59618601184532
337,"10-17",0.0106378220257553,0.203464096801897
337,"18-30",-0.0216035170950543,1.8737634782946
337,"31-55",0.00535576212715561,1.2991904811202
337,"56-65",0.0358682994353316,0.239566923974694
337,"66+",0.00381754466279589,2.6164936056053
338,"10-17",0.0150706655283533,0.719612172445227
338,"18-30",-0.000748152440661065,1.29477006532542
338,"31-55",0.00405159737686051,1.89779600187451
338,"56-65",0.0281321693987938,2.19480418859389
338,"66+",0.00154981878077826,3.75251181079946
339,"10-17",0.0103826133698685,0.174451143774198
339,"18-30",-0.0105896720010384,1.46113939050623
339,"31-55",0.00866918526733845,1.25068317580142
339,"56-65",0.0412993859606468,1.24246879906644
339,"66+",0.00979285907729356,1.86331238143363
340,"10-17",0.00245815842568109,-0.284596175059002
340,"18-30",-0.0198753569930535,0.527996509352164
340,"31-55",0.0106655115081036,1.48532564686588
340,"56-65",0.0340465804960956,2.75769801200488
340,"66+",0.00728243212757779,3.01628364170163
341,"10-17",0.0215349218913576,0.0836995277180712
341,"18-30",-0.00438051211712431,0.699055075888673
341,"31-55",-0.00213541168527004,1.06513026434722
341,"56-65",0.0353861815168174,2.35580254601571
341,"66+",0.00541103823438314,3.41933100647803
342,"10-17",0.0133528974113787,0.111018390378378
342,"18-30",-0.00341541228378373,1.35359193443544
342,"31-55",-0.000233178895264807,1.20114131173577
342,"56-65",0.0231975981626325,2.09480413050255
342,"66+",0.00766478229307681,2.24351382444667
343,"10-17",0.00722386236724676,0.0177082568563431
343,"18-30",0.00373536829593341,0.890444126274879
343,"31-55",0.00481841465907218,1.80476673601255
343,"56-65",0.0318418883698028,2.0358317967647
343,"66+",0.00871061905480469,2.58747812577301
344,"10-17",0.0231192614633274,0.22669494885855
344,"18-30",-0.00537640199286149,-0.126080943885087
344,"31-55",0.0120462545320896,1.58419182856764
344,"56-65",0.0278553279496957,2.33397470163451
344,"66+",0.0207097721479373,3.5126183491499
345,"10-17",0.0165502348567882,0.283901006452943
345,"18-30",-0.000837293221166713,2.12813484738237
345,"31-55",0.00976403362583422,1.05880521902636
345,"56-65",0.0395744734922041,0.830685003365751
345,"66+",0.00819756523176543,2.36787092607394
346,"10-17",0.0164905906514285,0.335421884022454
346,"18-30",-0.009489562645074,1.01399723040919
346,"31-55",0.00693880418532322,1.48775699005464
346,"56-65",0.0270541586403117,2.28603885061332
346,"66+",0.0120672947240873,2.19660408168293
347,"10-17",0.0186504879175637,0.353481232823368
347,"18-30",-0.00619539457936047,0.620523360313147
347,"31-55",0.00784586832092588,1.3350260114706
347,"56-65",0.0428878634347232,1.64528157728822
347,"66+",0.00478229407920219,1.99799305201315
348,"10-17",0.0111776688711719,0.178978503651384
348,"18-30",-0.00325795462686007,1.50355504379381
348,"31-55",0.00706388515416678,1.40641623180553
348,"56-65",0.0347118766671156,0.977007008557351
348,"66+",0.00471009437361858,2.89300758661374
349,"10-17",0.0155980332287045,0.274279491342658
349,"18-30",0.00240174137829413,0.705412888949077
349,"31-55",0.00368507558898379,1.80423486335731
349,"56-65",0.0288612402735854,1.08442620250841
349,"66+",0.00347002331445451,3.91999277181509
350,"10-17",0.0196975435176379,0.400000042020809
350,"18-30",0.00245974303876778,1.5688087886519
350,"31-55",0.00674009908320805,0.969032535294298
350,"56-65",0.0331972787960245,2.01406021948438
350,"66+",0.00786369780507325,3.01324742970815
351,"10-17",0.00905695242214266,0.598882670446193
351,"18-30",0.00440588515634321,1.85540015452055
351,"31-55",0.00413085357651782,0.728225163038209
351,"56-65",0.0352513858822828,1.22743096414937
351,"66+",0.0158807228393134,2.93353569352287
352,"10-17",0.0152740995188961,0.625024131019371
352,"18-30",-0.0062134242116228,1.01452916431048
352,"31-55",0.00268925742570864,1.0639171661799
352,"56-65",0.0299408549128906,1.28251989972648
352,"66+",0.0093793864923635,2.57764311158559
353,"10-17",0.00854185521991613,-0.202328437367239
353,"18-30",0.00453380890437655,2.01631788451587
353,"31-55",0.00692493532954686,1.44231386554682
353,"56-65",0.0413760617687033,1.26182861159151
353,"66+",0.00533136139485417,2.44214051017932
354,"10-17",0.0123169780890719,0.597878815479216
354,"18-30",-0.0103317171797666,2.18636660266833
354,"31-55",0.00207104228303323,1.32105546754186
354,"56-65",0.0331140289642412,1.63976735966792
354,"66+",0.00763576345112656,3.98901746454851
355,"10-17",0.0120628692636155,0.605506695866334
355,"18-30",0.000730517637451022,0.903202305804632
355,"31-55",0.00462602920359562,1.27195819749304
355,"56-65",0.0281085925782639,1.20433354123689
355,"66+",0.00653344488170468,3.28714400556682
356,"10-17",-0.00147298783087868,-0.148201224289924
356,"18-30",0.00651760367887527,0.356098776685524
356,"31-55",0.00879434794617528,1.481634764354
356,"56-65",0.028183222838283,1.20392138275287
356,"66+",0.00562049490287965,2.32167527007339
357,"10-17",0.022123864333919,0.191703967202097
357,"18-30",0.00177103648591226,1.02896852743226
357,"31-55",0.00343563393055957,1.02643084052272
357,"56-65",0.0427840741513507,1.60989163620211
357,"66+",0.0104409616612419,2.89262447374043
358,"10-17",0.0119379623709814,0.475664801281399
358,"18-30",-0.00847523233006187,0.396566989322668
358,"31-55",0.00715256663128855,1.00052343441361
358,"56-65",0.0401899513787597,2.48965876008246
358,"66+",0.00600439831154537,2.41767296684116
359,"10-17",0.0127335192586979,0.306709360662434
359,"18-30",0.00379389256433355,0.191398009483887
359,"31-55",0.00184915752107973,1.64161882776287
359,"56-65",0.0299214254657694,1.02195160856564
359,"66+",0.00875987077080993,2.91140300389413
360,"10-17",0.017469013456371,0.554707061850076
360,"18-30",0.00358325760448636,0.578465107895713
360,"31-55",0.00901123251329938,1.22841441115246
360,"56-65",0.0342478492042618,1.11719249312917
360,"66+",0.000622913404612832,3.41482408468153
361,"10-17",0.0184626343897995,-0.176402584142129
361,"18-30",-0.00128215593691827,0.225944529761957
361,"31-55",0.00264909075721786,1.77547912233504
361,"56-65",0.0432953706461754,1.91503963190123
361,"66+",0.00659275516076413,3.06732452395122
362,"10-17",0.0158852745972936,0.258273207865228
362,"18-30",-0.017816624655589,0.217682660977797
362,"31-55",0.0115310032735693,1.37608285117076
362,"56-65",0.0431843614786777,1.13754447433168
362,"66+",-0.00200662290484542,1.59114645450079
363,"10-17",0.00955089665533226,0.969524375710183
363,"18-30",-0.0188673077853547,0.253817727279873
363,"31-55",0.00724743654026971,1.37115246553608
363,"56-65",0.030588107515609,1.24045208395367
363,"66+",0.012227514560052,3.4067821349464
364,"10-17",0.0212916616576034,0.518049809633816
364,"18-30",-0.008549699674745,0.48664025936856
364,"31-55",0.0113795825655173,1.21784649437787
364,"56-65",0.0329617660994889,0.858574580520127
364,"66+",0.00493370023143817,1.99043791139801
365,"10-17",0.0106900093514425,0.733056528227253
365,"18-30",-0.00207777674299131,1.70614870938361
365,"31-55",0.00426015469272178,1.52652395817754
365,"56-65",0.0423233459955455,2.09892267699774
365,"66+",0.000733129637235916,2.80637067119573
366,"10-17",0.0138440712546541,0.59670779234171
366,"18-30",-0.00383908448669606,0.751617073421757
366,"31-55",0.00799346871938306,0.930097911308563
366,"56-65",0.0425795231561777,2.23558534396854
366,"66+",0.00936134013091557,3.42895240340238
367,"10-17",0.00867802642718285,0.469367945707782
367,"18-30",-0.00387028357727515,0.718554086539401
367,"31-55",0.00448865552421007,1.49639718837572
367,"56-65",0.0369934567114565,1.23889848894471
367,"66+",0.00921700115783088,3.72260371586147
368,"10-17",0.0146795468503901,0.554411908249962
368,"18-30",0.00105389989876381,1.7478234681819
368,"31-55",0.00692000247028862,1.7270716212934
368,"56-65",0.0318031662212662,0.590761198948288
368,"66+",0.00991095312164141,2.76287130124878
369,"10-17",0.00958847211142089,0.630382919851154
369,"18-30",-0.0109726430766772,0.538477940080691
369,"31-55",0.00850765967145134,1.41993895747774
369,"56-65",0.0320233494422334,2.39053261361123
369,"66+",0.00260287958931847,2.80549123384641
370,"10-17",0.0100484045510144,-0.159422257824972
370,"18-30",-0.00719590803222458,1.40441443123527
370,"31-55",0.00701770136967034,1.0909515682642
370,"56-65",0.0408846002788573,2.71291541506458
370,"66+",0.00753662917186305,4.41524820530319
371,"10-17",0.0126501510136747,0.0978664292195939
371,"18-30",-0.0022752198140954,0.412649573597637
371,"31-55",0.00208792120383511,1.14539959065115
371,"56-65",0.0432722678997838,1.05512268128907
371,"66+",0.00436658689420714,2.39088444903227
372,"10-17",0.0193228922163409,0.239483116630336
372,"18-30",-0.00391563854641941,0.714949121170445
372,"31-55",-0.0016996561407967,1.84843347909173
372,"56-65",0.0314879840679622,2.23613964881041
372,"66+",0.00175502715063211,3.16629839493523
373,"10-17",0.0261701045227122,0.076702640583628
373,"18-30",-0.00158930616356556,0.31502905656988
373,"31-55",0.0103202989026345,1.43687432549799
373,"56-65",0.0429122304639749,1.73129439599748
373,"66+",0.0108881549174196,3.77108307683784
374,"10-17",0.00784880299392882,0.241769552436123
374,"18-30",-0.0006055441149459,1.35907954812292
374,"31-55",0.00141512983917608,1.52752668735604
374,"56-65",0.02180057880221,2.25340662479965
374,"66+",0.00676983334510714,2.27311642762324
375,"10-17",0.00949505202489365,0.0617918011166143
375,"18-30",-0.0085196747148637,0.511410641141543
375,"31-55",0.00931797926320715,1.5524266958052
375,"56-65",0.0355050051228022,2.04267092157683
375,"66+",0.00514061829428691,1.88695641300961
376,"10-17",0.0146427444649227,0.0631759537390693
376,"18-30",0.00889532695756767,0.66088308376027
376,"31-55",-0.000679452516034018,1.80136901695442
376,"56-65",0.0371798194625329,1.01249657434411
376,"66+",0.0084541467093126,0.872852366929278
377,"10-17",0.0276919481561276,0.753632469767461
377,"18-30",-0.0131805799097281,1.05806179905761
377,"31-55",0.00491937245370355,1.28086149841245
377,"56-65",0.0326723845247971,2.20202725182595
377,"66+",0.0120350589186015,2.11075082800889
378,"10-17",0.016343850955474,1.27622110488131
378,"18-30",0.00901412716512834,1.18678961362446
378,"31-55",0.00829038269889065,1.4798821721025
378,"56-65",0.0269143853934368,1.14974737088946
378,"66+",0.00200601842306072,1.60718356811067
379,"10-17",0.0173903943648879,0.504340553281977
379,"18-30",-0.00911558039956301,0.336457860006504
379,"31-55",0.00782317512335717,1.36433471429148
379,"56-65",0.0277809905887593,0.190995171121449
379,"66+",0.0105208334435051,2.66245656955767
380,"10-17",0.00962800116430906,-0.197676551575146
380,"18-30",-0.0166662576031517,0.52038257132047
380,"31-55",0.00356310452697495,1.07329991412458
380,"56-65",0.0363049959385825,1.17251777582957
380,"66+",0.0107195317246262,3.30716248587631
381,"10-17",0.00573526722568574,0.172604027866247
381,"18-30",-0.00837025807478031,1.85871121579783
381,"31-55",0.00934073996239643,1.3676713328867
381,"56-65",0.029039919179967,2.8154356217534
381,"66+",-0.000735687726868037,2.3703112848866
382,"10-17",0.013905720180947,0.271035712104799
382,"18-30",-0.00905446252229225,0.381741235924952
382,"31-55",0.00779976268607047,1.40180487360967
382,"56-65",0.047726489319839,2.31074379421439
382,"66+",0.00894910321067169,2.04328368985889
383,"10-17",0.0079637416652717,0.828881685739905
383,"18-30",-0.00716872785960543,2.15952515192904
383,"31-55",0.00451292506942269,1.42229648251236
383,"56-65",0.0455565648835399,1.68468377086331
383,"66+",0.00248016660028731,2.3070486933329
384,"10-17",0.0106684651363387,0.0691887568785079
384,"18-30",-0.0119082846357007,-0.0774345441558761
384,"31-55",-0.0078317602091007,0.749127928635927
384,"56-65",0.0439636398739416,3.2122611486003
384,"66+",0.0043273039846585,3.78217619639893
385,"10-17",0.00855230416397573,0.497149521660605
385,"18-30",-0.00507818415471051,0.0559935930122002
385,"31-55",0.0052212582835644,1.93233256833445
385,"56-65",0.0257583863711635,0.768574297646627
385,"66+",0.0075242627698231,2.88649826143171
386,"10-17",0.00582143048422618,0.536211752430555
386,"18-30",-0.0138168539759946,0.481378616448239
386,"31-55",0.00838984976565099,1.61972868651108
386,"56-65",0.0433606384590119,2.26905180376396
386,"66+",0.0149714447393914,0.254651907078806
387,"10-17",0.00559261497580765,0.0362613506641498
387,"18-30",-0.0112979342854511,0.983684518693108
387,"31-55",0.00495209418310005,1.25833287135098
387,"56-65",0.0271333643437844,1.53983482417351
387,"66+",0.0136307546328892,4.50998310031454
388,"10-17",0.00498065531825714,0.50758545434312
388,"18-30",-0.00797180287358773,0.330481644290986
388,"31-55",0.00709801881182059,0.866272105610221
388,"56-65",0.0364105265153666,1.69341970599459
388,"66+",0.00598262801769098,3.3479608400042
389,"10-17",0.00138444519678671,0.626546023880193
389,"18-30",0.00876841641770637,0.933221452339057
389,"31-55",-0.00260482836842441,1.01748635829112
389,"56-65",0.0520823495235008,2.12183695951408
389,"66+",0.00620311408184555,3.58819543773837
390,"10-17",0.0144911210516233,-0.401137294517627
390,"18-30",-0.000671130570300993,0.923984532902381
390,"31-55",0.00795493277555515,1.71992457099923
390,"56-65",0.0258357067860806,1.18389717028178
390,"66+",-0.00101628279320481,2.23747425353034
391,"10-17",0.00679545944698529,0.678786545757424
391,"18-30",-0.000591971766044419,1.27573507011036
391,"31-55",0.0055446441740114,0.981396942617126
391,"56-65",0.0321775676818421,1.91076658218603
391,"66+",0.0102176029331364,2.85907747227531
392,"10-17",0.0179205813906734,-0.0834298119881041
392,"18-30",-0.00685841470177656,-0.395027068651455
392,"31-55",0.00620720898277899,1.38955052626704
392,"56-65",0.0301629031348575,2.95024656861741
392,"66+",0.00524270128610331,3.55746758273996
393,"10-17",0.0102615421145802,0.216547702082232
393,"18-30",0.00275351134431479,1.21790090411201
393,"31-55",0.0105757190639753,1.85361056655464
393,"56-65",0.0370501439455291,2.64335985616253
393,"66+",0.00733864679075498,2.77691306150503
394,"10-17",-0.000702159390222334,0.181011738764496
394,"18-30",-0.00544001793355903,0.65976763053634
394,"31-55",0.00714144203303368,0.989194962823392
394,"56-65",0.0401077514570593,1.40143278766147
394,"66+",0.00664166405546493,1.43048749166613
395,"10-17",0.0183738595501785,0.317024524394691
395,"18-30",-0.00804460615125779,0.551810577439609
395,"31-55",0.00733571663266891,0.898493639220623
395,"56-65",0.0266879892486948,1.09688937919054
395,"66+",0.00475144442909929,2.73036461762982
396,"10-17",0.0143089508427335,0.667004977478599
396,"18-30",0.00286063467651282,0.876290071058435
396,"31-55",0.0055977303494566,1.60438909216504
396,"56-65",0.0337688561300422,1.76476915715258
396,"66+",0.00492935224973907,2.90204782577166
397,"10-17",0.0172858132900061,0.738940652099105
397,"18-30",-0.000634030973902133,0.789701097453602
397,"31-55",0.0092355452341622,1.74124996682654
397,"56-65",0.035748935195259,1.47844966340418
397,"66+",0.00760118477701806,1.86004338728062
398,"10-17",-0.0010389531377859,0.513780225072766
398,"18-30",0.00359758400678062,0.524091928357686
398,"31-55",0.0065768697446123,1.03993730664804
398,"56-65",0.00970830164624412,0.459818719125844
398,"66+",0.00445177164932341,3.47908339580006
399,"10-17",0.0163949368298872,0.396695432047371
399,"18-30",-0.00734848297497498,1.79098926462112
399,"31-55",0.00523248999285891,0.94370943148793
399,"56-65",0.0271908883472304,1.8360386033875
399,"66+",0.00818724849124694,2.19080196152961
400,"10-17",0.0188663720020925,0.640592348697263
400,"18-30",-0.00105506958935514,0.390655319217554
400,"31-55",-0.001825670212452,1.61394071869798
400,"56-65",0.0369509474553937,1.22536079184934
400,"66+",0.0115979890040731,3.53699650319809
401,"10-17",0.0198718426560899,0.19172998447618
401,"18-30",0.00913044342806502,0.610992812028821
401,"31-55",0.0123727274577812,0.997244944033941
401,"56-65",0.0333778020889006,2.34845319560991
401,"66+",0.0106666230392064,3.36033091110673
402,"10-17",0.020606435080551,0.816345712181533
402,"18-30",-0.00222427188129087,0.227594824593151
402,"31-55",0.00579530941949025,1.23678603589747
402,"56-65",0.0342726045508656,1.58088977134029
402,"66+",0.00551624061004599,3.15865178907458
403,"10-17",0.0155262470970476,0.250111054853235
403,"18-30",-0.0026636704075782,0.00249833915216691
403,"31-55",0.00644164961014509,1.48137647730775
403,"56-65",0.0244738496864402,1.642452500265
403,"66+",0.00751492858957616,1.47107548078366
404,"10-17",0.0174725569885477,0.492708233123314
404,"18-30",-0.00964088468599716,-0.479541592750481
404,"31-55",0.00889576802245995,1.28253810992921
404,"56-65",0.0427403267382007,1.83021188952847
404,"66+",0.00271730743770893,1.80221122286248
405,"10-17",0.010815442440982,0.623539317061384
405,"18-30",0.00497919218007625,0.573320091465279
405,"31-55",0.00547301582405896,0.68637620365776
405,"56-65",0.0348715079195425,0.55848882444046
405,"66+",0.00739135921207804,2.00245473097811
406,"10-17",0.0170763820743872,0.916536618436222
406,"18-30",0.00243719563113753,1.13686531156975
406,"31-55",0.0048912073388872,1.39260782610857
406,"56-65",0.0368524535303097,2.27936007305336
406,"66+",0.00623048904005832,3.41779742525522
407,"10-17",0.00530099263765721,0.0663208258730412
407,"18-30",0.00470742482025643,0.21339329509815
407,"31-55",0.0057183502053384,0.975311259388333
407,"56-65",0.0438364968290686,2.499287379591
407,"66+",0.00370320780617561,3.01047344092736
408,"10-17",0.00854398443491106,0.578736122530214
408,"18-30",0.0026797492295787,0.376702824273218
408,"31-55",0.00968975000100192,0.933801546895745
408,"56-65",0.0487543762649197,2.56038143133008
408,"66+",0.0108129631331039,1.3254320230746
409,"10-17",0.0147821593766808,-0.0461938698514253
409,"18-30",-0.00265341248844569,1.14089576300962
409,"31-55",0.00113258318775328,1.33383616035561
409,"56-65",0.0451696148372432,2.00187883247966
409,"66+",0.0121001426101646,1.6356358710125
410,"10-17",0.00738990345380702,0.259724428873419
410,"18-30",0.00985492802791549,1.48041791674233
410,"31-55",0.0117171569382016,1.62691412869305
410,"56-65",0.0285321959603378,2.21000084405914
410,"66+",0.00693682747148623,3.28988505690516
411,"10-17",0.0122049901667572,0.28997691474124
411,"18-30",-0.0122503567488346,1.73198518855112
411,"31-55",0.00833522910788898,1.5517618502361
411,"56-65",0.0323483167923297,1.57780774065763
411,"66+",0.00650907034729915,1.69408271728942
412,"10-17",0.00972446275978517,0.139759478858688
412,"18-30",-0.0094640884830427,0.661093126208185
412,"31-55",-0.00221050986440929,1.4621785020285
412,"56-65",0.0355693811981393,2.19846036973429
412,"66+",0.00148500719083816,1.4362410499942
413,"10-17",0.00760773307845491,0.585349688777239
413,"18-30",-0.0105983160641877,0.315392775430658
413,"31-55",0.0176254692573005,0.679403400126326
413,"56-65",0.0178795227462632,1.85161439738123
413,"66+",0.0092106125909866,3.69584791491677
414,"10-17",0.0128741096020604,0.297223251086577
414,"18-30",-0.0121920452336653,0.598126234928653
414,"31-55",0.00999210657664013,1.35886797331649
414,"56-65",0.0414750917958062,1.30062515561182
414,"66+",0.00991151061216274,1.60032120108009
415,"10-17",0.0152791837821709,0.0275956196955027
415,"18-30",0.00965454150113909,1.41382773666727
415,"31-55",0.00217510414916389,1.35047005653703
415,"56-65",0.0386140795823352,1.18128277219451
415,"66+",0.00772341396109749,2.65355252483758
416,"10-17",0.01595185814675,0.256343335025621
416,"18-30",0.000173034292797192,1.01756253477639
416,"31-55",0.00599132500098543,1.3518164174968
416,"56-65",0.0330401671433766,2.34601877931242
416,"66+",0.00599377234462192,3.56579882740254
417,"10-17",0.0181894952490004,0.118392911943549
417,"18-30",-0.00987015424692822,0.709436464115196
417,"31-55",0.0102843420704039,1.53761780203076
417,"56-65",0.0399223066624735,2.01337545202691
417,"66+",0.00512444199992665,1.5271564379392
418,"10-17",0.0107671678843477,0.595558212404096
418,"18-30",-0.00458198362992429,0.266906804024451
418,"31-55",0.000722280338509462,0.806644625686351
418,"56-65",0.0363094292314181,1.53893615169468
418,"66+",0.00622930860865788,2.2793870657931
419,"10-17",0.0123199516733641,0.522409009261499
419,"18-30",-0.00752927666964548,0.298104020788475
419,"31-55",0.00450062100431436,1.82160559940412
419,"56-65",0.0360945833353221,0.525583435177483
419,"66+",-0.000554904377642162,2.7168635355855
420,"10-17",0.0155381837274756,0.435476790062176
420,"18-30",-0.0109971042837955,0.294796047252108
420,"31-55",0.00346879365933489,1.47803709448159
420,"56-65",0.027443137366073,0.845218342454043
420,"66+",0.00607685332636138,2.69681570562928
421,"10-17",0.0149353316737416,0.00867798755965943
421,"18-30",-0.0048244632769433,1.53702817876387
421,"31-55",-0.00133480697983984,1.27563718661214
421,"56-65",0.0396737505072101,0.783534154864915
421,"66+",0.00689053365579415,3.63433811083527
422,"10-17",0.0205322931743905,0.346009869274518
422,"18-30",-0.0134926699171291,0.0528687260149656
422,"31-55",-0.00100605611414006,0.810621303084977
422,"56-65",0.0446631289581143,2.14002515650168
422,"66+",0.00619380323006608,1.46621366891537
423,"10-17",0.0119795767325671,0.364597864274093
423,"18-30",0.00178910755903045,1.13702517306765
423,"31-55",0.00926174487628684,1.43234187631412
423,"56-65",0.040738889596009,2.451668430057
423,"66+",0.00979244294475659,2.458166080237
424,"10-17",0.0227980309896622,0.418100473705406
424,"18-30",0.00959663341744854,1.25878056456116
424,"31-55",0.00864337634347134,1.48091035020824
424,"56-65",0.0360730798323371,1.18327059994366
424,"66+",0.0064116142209813,3.09110965770725
425,"10-17",0.0130828477999603,0.580879364532144
425,"18-30",-0.011048021170305,1.26545885648348
425,"31-55",0.00567898751910034,0.306984405286563
425,"56-65",0.0304456988257037,1.53210881283996
425,"66+",0.0128883824208535,2.91171711746458
426,"10-17",0.0194177571544523,0.85056708361833
426,"18-30",-0.0100801521802474,0.50615660715428
426,"31-55",0.00339023096250579,1.58437590471061
426,"56-65",0.0356864363908319,2.48396197800613
426,"66+",4.9723321533246e-06,1.71825610412769
427,"10-17",0.0119760406487167,0.0732943374126993
427,"18-30",-0.00414589641234803,1.12473454867062
427,"31-55",0.00545769539945073,1.76854168176235
427,"56-65",0.0186974240563984,1.85082545525808
427,"66+",0.00990316719444907,1.6100088989269
428,"10-17",0.0198914875981065,0.108945911486473
428,"18-30",-0.0010941899413841,0.560108189046373
428,"31-55",0.00634613647402732,0.700380688372277
428,"56-65",0.0389527383076119,2.03743918697061
428,"66+",0.0051492742760003,2.29905213195793
429,"10-17",0.0134448134689069,0.901906653557758
429,"18-30",-0.0145301794495865,1.77739373666883
429,"31-55",0.0181556238571458,1.03325271205575
429,"56-65",0.0459194364524508,2.29799894852652
429,"66+",0.0041083368659199,2.36300090876509
430,"10-17",0.0247793927946794,0.488822786505832
430,"18-30",-0.00286763387930267,0.134575678299541
430,"31-55",0.00445196037082124,1.29574936381573
430,"56-65",0.034550619955161,2.44954531000512
430,"66+",0.00287829971690562,3.01676941806675
431,"10-17",0.0134011994116147,0.3993814528393
431,"18-30",0.00317462164438609,1.17078149938433
431,"31-55",-0.000627047761742161,1.47948213902372
431,"56-65",0.0378474499326363,0.489355535822314
431,"66+",0.0102387765972662,1.1673124560715
432,"10-17",0.0181224510388664,1.25807449817128
432,"18-30",-0.00119522474429112,1.06744959175675
432,"31-55",0.00776051863350585,1.03471956352362
432,"56-65",0.0379679201449186,0.782722049914112
432,"66+",0.0142900771697262,2.07127194154212
433,"10-17",0.0286036035065654,0.794731984793673
433,"18-30",-0.0138235929090256,0.799778222340086
433,"31-55",0.000303675862917741,1.28217678555747
433,"56-65",0.0375523204170344,1.32469940289932
433,"66+",0.00975730773823481,3.60552523202737
434,"10-17",0.0137787245698781,0.397357296211681
434,"18-30",-0.014056194295166,0.271987868484597
434,"31-55",0.00289520669947163,1.62055049580586
434,"56-65",0.03719309075494,1.11432300809052
434,"66+",0.00448296705572571,2.03234240014433
435,"10-17",0.0168047367155251,0.904988604288097
435,"18-30",-0.00358405833589331,0.93463996890692
435,"31-55",0.00935496074531283,1.34019626631622
435,"56-65",0.0366635570799052,1.462710223163
435,"66+",0.0133845864603257,2.30076950291632
436,"10-17",0.00941479539610729,0.461464496349898
436,"18-30",-0.00335600068355352,1.36415669802887
436,"31-55",0.0123017281488835,1.42667624723442
436,"56-65",0.027901699812848,1.49995059169955
436,"66+",0.00776002025515421,2.33325600580085
437,"10-17",0.0224197470639004,0.216258454504448
437,"18-30",-0.00748651643696613,0.00522649879051329
437,"31-55",0.011071544764186,1.54489063320832
437,"56-65",0.0301961211479991,1.5467986510708
437,"66+",0.00318285441847377,2.77501268068248
438,"10-17",0.0124809215352546,0.320005660354442
438,"18-30",-0.0113680251345069,-0.386357301795211
438,"31-55",-0.00255808329918511,1.30602657356823
438,"56-65",0.0447648753674451,1.69369378270331
438,"66+",0.00855401916743025,2.48327471485229
439,"10-17",0.0221889894637328,0.133331860250096
439,"18-30",-0.0133399560218898,-0.515671478471967
439,"31-55",0.00254282624669205,1.62029372730209
439,"56-65",0.045062351702262,2.29310076177446
439,"66+",0.00550331174312149,3.19793006924292
440,"10-17",0.02230485181054,1.08958395849664
440,"18-30",0.00165816774203714,0.568903393322794
440,"31-55",0.00157327068676621,1.23279689185891
440,"56-65",0.0383328824713027,0.652871463072479
440,"66+",0.0057440026884568,1.4037434471603
441,"10-17",0.0161210210971204,1.0214882419629
441,"18-30",-0.00350520055708653,0.92059496807139
441,"31-55",0.00567578713758388,0.823355424263505
441,"56-65",0.0431587775786423,1.43929719349334
441,"66+",0.0105992991034787,1.4541654992995
442,"10-17",0.0129230410906606,0.0391155333555844
442,"18-30",-0.0111083940084452,0.570585158549887
442,"31-55",0.0100955361036786,1.38685671953354
442,"56-65",0.0415135980493183,1.8578850062724
442,"66+",0.00751314598989372,1.43077154439228
443,"10-17",0.0206291462847882,1.12822910432043
443,"18-30",0.0103124183025072,0.261685480272373
443,"31-55",0.00333719850924946,1.32926077157967
443,"56-65",0.0274356355357345,2.01204966363223
443,"66+",0.00504311119342392,2.03164603900931
444,"10-17",0.014013888183613,-0.0143859451651682
444,"18-30",0.00184469696046868,0.866527430867274
444,"31-55",0.00706219700915595,0.963655774180729
444,"56-65",0.0365830491928782,1.10570630240942
444,"66+",0.00420752622857683,2.1289273443453
445,"10-17",0.00766279585774315,0.0504919391808922
445,"18-30",-0.0157122011715236,0.674709598568969
445,"31-55",0.0108893782386689,1.16198180688909
445,"56-65",0.0423275122656533,1.35748145012834
445,"66+",0.0114426281090397,3.16835222390843
446,"10-17",0.0182909749348836,0.557837719387269
446,"18-30",-0.0171058167987037,-0.392021604800325
446,"31-55",0.00589566519126067,0.998586990234362
446,"56-65",0.0282039386688948,1.438023551655
446,"66+",0.0168482004130863,3.2799805357102
447,"10-17",0.0200302864244677,0.794288419010094
447,"18-30",-0.00396205615675888,0.995826842000849
447,"31-55",0.00223769461760998,1.35366242864208
447,"56-65",0.0467273389498544,2.8580023542843
447,"66+",-0.00132918031907832,1.36756241861605
448,"10-17",0.0234646742779451,0.2312435389304
448,"18-30",-0.0152124409517714,0.079936560846054
448,"31-55",0.00378508789024012,1.21585967851938
448,"56-65",0.0376965034434999,1.55450606814633
448,"66+",0.0155875330603835,2.54169358343345
449,"10-17",0.0229673916583843,0.0645594787150605
449,"18-30",0.00215493966634978,0.379662662532223
449,"31-55",0.000697498008630171,1.48813321894476
449,"56-65",0.0440857703239781,1.37276451968841
449,"66+",0.00794287565764799,4.33014949451259
450,"10-17",0.0193128186907291,0.472124760049222
450,"18-30",0.00768019387575275,0.664984160039769
450,"31-55",0.00940309584988103,1.52233056860543
450,"56-65",0.0390859673569693,2.17446726244788
450,"66+",0.0092180497158728,2.88556475767827
451,"10-17",0.0202549428331849,0.826221913927147
451,"18-30",0.00226530807768838,2.2645760566386
451,"31-55",0.00978102039759687,1.27314433393878
451,"56-65",0.0336512500672743,1.71812754819223
451,"66+",-0.00212898472486885,3.20446864610211
452,"10-17",0.0262177290046647,-0.0167865431459617
452,"18-30",-0.0113499872207875,0.813406911244421
452,"31-55",0.00735097731876266,0.785243424516242
452,"56-65",0.0497476932790322,2.06278981842938
452,"66+",0.00358109079689098,3.22061956938495
453,"10-17",0.00627638473989706,0.883617020368437
453,"18-30",-0.00816113301403215,1.22578564409122
453,"31-55",0.00821189405659117,1.73486396110291
453,"56-65",0.0257296498405365,1.9888396268584
453,"66+",0.0120884047005757,3.42862679705005
454,"10-17",0.00984857798584482,0.299350801813421
454,"18-30",0.00044081137630203,1.08984054352569
454,"31-55",0.00260602504639063,1.26619551643485
454,"56-65",0.0376675047317271,1.51899545205976
454,"66+",0.00746636357109942,3.1779731656594
455,"10-17",0.0205777009403343,-0.236454827475405
455,"18-30",-0.00389835240368797,1.72719957709224
455,"31-55",0.0032928172940237,0.603748118670859
455,"56-65",0.0378094769752355,0.928269504182472
455,"66+",0.00595935542784161,2.83566081588967
456,"10-17",0.0186424048854267,0.461828579209136
456,"18-30",0.00351993165476949,1.13502019185739
456,"31-55",0.00532649739393859,1.57424935602791
456,"56-65",0.0342142546458089,1.57030571384261
456,"66+",0.00355600095718893,1.82075154879813
457,"10-17",0.0153289901399126,0.857849632229112
457,"18-30",-0.000427300942505926,0.339939322090125
457,"31-55",0.0104188694222072,1.67315815834733
457,"56-65",0.0213027112181981,0.713258363134099
457,"66+",0.0057686834752759,2.23650833093157
458,"10-17",0.00894007589953605,0.0123675455160503
458,"18-30",-0.00145887389124499,1.49044575444684
458,"31-55",0.00306816342725769,0.841680766225682
458,"56-65",0.0226321874502928,1.29141719741596
458,"66+",0.0132288957853029,2.66781822675003
459,"10-17",0.0164770263086754,0.361945304354487
459,"18-30",0.000130292169515545,1.60685066621723
459,"31-55",0.00517176528283392,1.87443171955845
459,"56-65",0.028289597410934,2.175514042733
459,"66+",0.0120925147856406,1.43727889216033
460,"10-17",0.0122694251773691,0.392170625645329
460,"18-30",-0.0029545479514938,0.233631595965139
460,"31-55",0.0045843294842105,1.31154642174806
460,"56-65",0.0280060119316241,2.47940186771404
460,"66+",0.00442637217331475,3.16769139518776
461,"10-17",0.0260624010815477,0.333196037978145
461,"18-30",0.0194451801171963,0.318367939903869
461,"31-55",0.00863302439232344,0.641677360200426
461,"56-65",0.0316212612582223,1.20222162725535
461,"66+",0.0054070312838243,2.55739231177439
462,"10-17",0.0129762510965834,0.301605833493841
462,"18-30",-0.00280598089902234,1.52116045113562
462,"31-55",0.00032537789799425,2.17041109929111
462,"56-65",0.0323451548692517,0.792614055365101
462,"66+",0.0082011451904105,0.599839672470399
463,"10-17",0.00824824083586034,-0.433551222282368
463,"18-30",-0.0112759156914816,-0.117811063586199
463,"31-55",0.00237225201970737,1.63403967597818
463,"56-65",0.0426221415984421,0.640397898261641
463,"66+",0.00567821980905568,1.64307549935548
464,"10-17",0.0148211455118749,0.264503927511968
464,"18-30",-0.00198148206679766,0.762257381107739
464,"31-55",0.000769574828360264,0.536563530613318
464,"56-65",0.0442898209307081,2.6002913586395
464,"66+",0.00819411077888019,4.26981651724969
465,"10-17",0.00560662782310878,0.31375268182195
465,"18-30",0.0047975287696343,-0.49798635066314
465,"31-55",0.00589242745796908,1.31617917080447
465,"56-65",0.0378272865476904,1.20317572832208
465,"66+",0.00553223867511486,2.08250408610763
466,"10-17",0.0144743755080345,0.388159021232887
466,"18-30",0.00372535044877637,0.0861057620900176
466,"31-55",0.00411438084129878,1.11127393482418
466,"56-65",0.0340947798368298,1.02984248496645
466,"66+",0.00892389377974569,2.82096969267714
467,"10-17",0.0191423791534496,0.709458163881183
467,"18-30",0.000634415026760038,0.106406384280634
467,"31-55",0.0153099896646036,1.85691230444213
467,"56-65",0.0261547164109248,1.85158325690008
467,"66+",0.00888959966109086,2.64484470900034
468,"10-17",0.00369054318565654,0.978673190262346
468,"18-30",-0.00542885220498929,0.03595112977718
468,"31-55",0.00517206892301636,0.907517735950467
468,"56-65",0.031048304578599,0.904091816808409
468,"66+",0.0111818481604557,2.20195426710943
469,"10-17",0.016192229735485,0.218885428835609
469,"18-30",-0.00456836313067344,0.427200281216701
469,"31-55",-0.00126133916599014,1.3140796499458
469,"56-65",0.0391523444011248,0.439970189415384
469,"66+",0.00970916453444355,2.74628707674337
470,"10-17",0.0220686851637529,0.537533970966806
470,"18-30",0.00865940749805599,0.883990935259604
470,"31-55",0.00423495271931323,1.604511179457
470,"56-65",0.0238732514394873,2.02614654788531
470,"66+",0.00718878994023409,3.08747127682298
471,"10-17",0.0172283668319065,-0.111753096674463
471,"18-30",0.00600330781452574,0.407241645401726
471,"31-55",0.0022431482234942,1.09534562126653
471,"56-65",0.0305196883841079,2.90186709850857
471,"66+",0.00609053318783065,2.3904423427292
472,"10-17",0.0168189436859527,0.143131246621907
472,"18-30",-0.00183451137126472,1.30578786334871
472,"31-55",0.00463263477419429,1.67228475113745
472,"56-65",0.0400695513704368,2.3476457711988
472,"66+",0.0095451675437493,2.52239599109971
473,"10-17",0.0126554029998869,0.370364377509182
473,"18-30",-0.00169339768685395,1.99485090733747
473,"31-55",0.0121328276562303,1.34484269153158
473,"56-65",0.0461854748741718,2.01669014272714
473,"66+",0.00372489743026519,1.89054211636949
474,"10-17",0.00722379855824967,0.321413686834801
474,"18-30",-0.00756973420655455,0.823790747859329
474,"31-55",0.0011332980116584,1.62840502236701
474,"56-65",0.0415652794619933,1.89120395373522
474,"66+",0.0103107535393217,4.09223489802817
475,"10-17",0.00825617047327659,0.828059345805288
475,"18-30",-0.000863014623927405,1.16133521105292
475,"31-55",0.00927887912308684,1.1378650962945
475,"56-65",0.0310461215271011,2.89609959661392
475,"66+",0.0101316851836791,2.90887653683518
476,"10-17",0.0236464503893589,0.217238681154607
476,"18-30",-0.0154368776048662,1.21119258734064
476,"31-55",0.00386210800117048,1.48127734376398
476,"56-65",0.0306356993531445,1.46066371878418
476,"66+",0.00900491586165982,2.61998675730802
477,"10-17",0.0231357507218335,0.688189689604486
477,"18-30",-0.00890297222057246,1.04652857474386
477,"31-55",0.00296036862214921,1.74672727192158
477,"56-65",0.0471143430919162,1.90916611200495
477,"66+",-0.000168038920319608,3.94332637014501
478,"10-17",0.0210773527987026,1.05254816437839
478,"18-30",-0.014861362285559,0.740045872191086
478,"31-55",0.00347186546789297,1.16643403747596
478,"56-65",0.0352652465620702,2.1456723746771
478,"66+",0.00410660667727496,2.93736520675797
479,"10-17",0.0214517312379219,0.515332912665106
479,"18-30",0.00817399644262079,0.369666362813028
479,"31-55",0.000863121399943489,0.995747755384851
479,"56-65",0.0405408063899766,2.59024636487357
479,"66+",0.0089864928860577,3.46849235010108
480,"10-17",0.0208098397977531,0.417173830755108
480,"18-30",-0.00644287203461774,-0.0452902244530957
480,"31-55",-0.00104809212023749,1.85877404539617
480,"56-65",0.0315763796802181,1.16468272052212
480,"66+",0.00916050001567302,2.41049834204762
481,"10-17",0.0172920971053961,0.578148077643175
481,"18-30",-0.00649346557814784,0.66019165445339
481,"31-55",0.0018814837130508,1.19662958430599
481,"56-65",0.0411190787347909,0.83764635737267
481,"66+",0.00818721197325341,2.83534422625559
482,"10-17",0.0191840133385566,0.562718119367608
482,"18-30",0.00126055390069141,1.5788128673708
482,"31-55",0.00954163927286927,0.889643061403643
482,"56-65",0.0321073962013048,2.13500247740036
482,"66+",0.0173707725959602,2.48453291168861
483,"10-17",0.00808425607708924,-0.0539246466067596
483,"18-30",-0.00138428916459993,0.447492683585352
483,"31-55",0.0173114363216159,1.05822232814172
483,"56-65",0.0436098387711896,1.1170831016608
483,"66+",0.00887754931632111,2.69426565176181
484,"10-17",0.0172464031164997,0.627648488304241
484,"18-30",-0.00385110250759102,2.25426249177636
484,"31-55",0.0141638582728598,1.34882462090588
484,"56-65",0.0386702894130612,2.02153675856766
484,"66+",0.0100529446415489,1.73370518037138
485,"10-17",0.00559551250682616,0.170852545829575
485,"18-30",-0.00914915821450824,0.62772559875952
485,"31-55",0.0122770054029486,1.40679232760501
485,"56-65",0.0384550528547813,1.49053739332907
485,"66+",0.00948567771916396,3.20295429387677
486,"10-17",0.00941946411872807,0.138092888292422
486,"18-30",0.00358144974468683,1.60010125749
486,"31-55",0.00567265669493644,1.11809270529381
486,"56-65",0.028029957032164,2.92970880637843
486,"66+",0.00829836546469119,2.6384729004307
487,"10-17",0.0129876092433094,0.34725971479144
487,"18-30",-0.00352914679981225,0.847656743191418
487,"31-55",0.00419558682480697,1.29212194555087
487,"56-65",0.0288503159784288,1.41600155394328
487,"66+",0.00142418467264382,1.78193808353347
488,"10-17",0.010782022300443,-0.0667300929341401
488,"18-30",-0.0136921547329889,1.35352306488305
488,"31-55",0.00689372752384571,1.72471172388782
488,"56-65",0.0381495000813358,2.00244467869007
488,"66+",-0.000336391370044167,1.54799365869214
489,"10-17",0.00787827985214645,0.162202131843052
489,"18-30",-0.00444465621000106,1.07275574788279
489,"31-55",0.00227241344914764,0.927738366694761
489,"56-65",0.0367213600515556,0.973858077444335
489,"66+",0.00862383488003939,3.06983423271221
490,"10-17",0.0139414518565725,0.197287655872967
490,"18-30",-0.00312320460187604,0.556255416608634
490,"31-55",0.000391382211027691,1.73352029397547
490,"56-65",0.0492420103219273,1.62040457110913
490,"66+",0.00577246493201342,2.47947427610359
491,"10-17",0.0182888537972087,0.406807158402944
491,"18-30",0.00448000451950598,1.31054775425647
491,"31-55",0.0101847831333125,0.94754610227662
491,"56-65",0.0210712071082498,1.42528291426029
491,"66+",0.0115360482623816,2.72243833045702
492,"10-17",0.00535595679909595,-0.236835488444497
492,"18-30",-0.000438548559646201,0.303980323641946
492,"31-55",0.000724437561876179,1.60455177815676
492,"56-65",0.0402322401333763,1.81972372607735
492,"66+",0.00716036920048206,2.29934852559198
493,"10-17",0.0151471177293377,0.0435445337915947
493,"18-30",0.00877630860560735,1.58492790619094
493,"31-55",0.000681208485271589,1.90458309422798
493,"56-65",0.0308651329332252,1.30525654553123
493,"66+",0.00447480014522079,3.02069607305071
494,"10-17",0.0216967765314336,0.855050618201402
494,"18-30",-0.0094308552906448,0.602268479674519
494,"31-55",0.0150492504595339,1.78153186585216
494,"56-65",0.0286736153516866,2.51351038011639
494,"66+",0.0115095451753228,1.53152789623699
495,"10-17",0.0110077330818744,0.49785604547046
495,"18-30",-0.00705588816373731,0.726205739759342
495,"31-55",0.00987838295908117,1.65991487378745
495,"56-65",0.0235882447374032,0.775284891759584
495,"66+",0.0109937613724241,1.98025100756386
496,"10-17",0.00493832979044539,-0.0225508331154849
496,"18-30",-0.00591259264549715,0.379081697816597
496,"31-55",0.0107703416200937,1.8111351889445
496,"56-65",0.0301236929394412,1.02806667479288
496,"66+",0.00877842683395059,2.92142426724339
497,"10-17",0.0074194265003375,0.648523884497939
497,"18-30",-0.011735597631417,0.81996495715113
497,"31-55",0.0063412859994284,1.39001417582806
497,"56-65",0.0533221845428015,1.78332626448342
497,"66+",0.00715930675444869,2.16865283546358
498,"10-17",0.0186656050522107,0.315503746137812
498,"18-30",-0.0142822691434,0.650733060283224
498,"31-55",0.00593091468924284,1.37804717144297
498,"56-65",0.0437709433434897,0.851774177310867
498,"66+",0.00951725398373837,2.06831397362773
499,"10-17",0.022908516236046,0.0489302854291918
499,"18-30",-0.00986812486932109,1.00447800692026
499,"31-55",0.00261084056119298,1.82729647543847
499,"56-65",0.0357874294044973,1.46660076625001
499,"66+",0.00390862098803976,2.94225409991687
500,"10-17",0.0159837968989627,0.28269380830496
500,"18-30",-0.0149922559097844,0.849650750516616
500,"31-55",0.00470884078957334,1.17931479028657
500,"56-65",0.020627582153309,1.89311018186423
500,"66+",0.00311466991709868,2.38065550038577
